material_id,label,source_split,crystal_system,magnetic_elements,pc1,pc2
mp-1079211,0,label0,tetragonal,,7.156859201343897,4.074274128470353
mp-1181591,0,label0,tetragonal,,3.531507057625813,-6.514115059878222
mp-39866,unknown,unconfirmed_candidate,hexagonal,,-6.273125891197154,-3.7435535546999255
mp-540842,0,label0,trigonal,,-9.47427749615932,-9.961160592360397
mp-1024049,unknown,unconfirmed_candidate,monoclinic,,5.75807450097842,-1.9674122431490044
mp-1203385,0,label0,cubic,,0.05254701984724974,-1.096920349196818
mp-1178787,unknown,unconfirmed_candidate,tetragonal,,-11.764304847066459,-2.063160177194325
mp-19474,unknown,unconfirmed_candidate,triclinic,,-10.556614438386045,-3.8272069936213295
mp-756545,unknown,unconfirmed_candidate,cubic,,4.14555950583317,-7.421403574415876
mp-2222144,unknown,unconfirmed_candidate,triclinic,,-20.59746834516364,1.5225629301957397
mp-29119,unknown,unconfirmed_candidate,tetragonal,,7.365299403499279,-0.06053745609243677
mp-1226555,0,label0,trigonal,,3.2762041338062886,-1.8103777411757793
mp-1190421,unknown,unconfirmed_candidate,orthorhombic,,0.010895971669658167,-4.439056869621902
mp-850952,unknown,unconfirmed_candidate,triclinic,,-2.5098499876762155,0.8896260830009233
mp-1222194,0,label0,monoclinic,,8.760641634531737,-6.260358255096653
mp-19111,unknown,unconfirmed_candidate,orthorhombic,,-7.876550801172499,-5.199841861917919
mp-2231527,unknown,unconfirmed_candidate,triclinic,,4.825412597831402,3.165114872324807
mp-1105911,unknown,unconfirmed_candidate,hexagonal,,-1.4155733958183525,-1.423812768603943
mp-7907,0,label0,tetragonal,,2.0379313178227108,-2.428474889200931
mp-1220340,unknown,unconfirmed_candidate,orthorhombic,,1.5202229136728143,3.7799460800248035
mp-753201,unknown,unconfirmed_candidate,triclinic,,0.9651449330835078,0.675993587271229
mp-776082,unknown,unconfirmed_candidate,hexagonal,,-6.018754292954636,-9.168787076682735
mp-1202257,unknown,unconfirmed_candidate,monoclinic,,-2.5529360082238597,-5.550245450235002
mp-510490,unknown,unconfirmed_candidate,orthorhombic,,-0.5740075473214432,-5.7618831646487525
mp-2229886,unknown,unconfirmed_candidate,monoclinic,,2.1141325911720195,-7.3155047691847646
mp-725670,0,label0,orthorhombic,,0.8475097701043204,5.969105957276653
mp-764701,0,label0,triclinic,,5.955414588200231,-7.881035109164108
mp-771330,unknown,unconfirmed_candidate,orthorhombic,,-4.77854705403054,-3.430618006302785
mp-20963,0,label0,cubic,,13.374274553445836,0.9953803197886231
mp-732315,unknown,unconfirmed_candidate,orthorhombic,,2.299152050197744,-4.656597269453712
mp-1180557,unknown,unconfirmed_candidate,hexagonal,,8.71337196239035,2.352200699716896
mp-1208092,unknown,unconfirmed_candidate,monoclinic,,-9.626746329699476,-7.091827178710396
mp-1519275,0,label0,cubic,,-1.186217254638855,0.2968348470729616
mp-552575,unknown,unconfirmed_candidate,orthorhombic,,-8.05256688518854,-0.4730958741633273
mp-558324,unknown,unconfirmed_candidate,monoclinic,,-2.6263329370859694,11.200328488544784
mp-1220570,0,label0,trigonal,,17.479665640283095,6.637072883710395
mp-1356066,unknown,unconfirmed_candidate,triclinic,,3.139303753879295,-5.779101655530086
mp-1376797,0,label0,triclinic,,-11.706191688038746,-3.0399651042087115
mp-1220400,unknown,unconfirmed_candidate,orthorhombic,,-6.3239953381692295,-7.144669733410611
mp-1194659,unknown,unconfirmed_candidate,monoclinic,,-10.668441410798337,-2.693340961497684
mp-756323,unknown,unconfirmed_candidate,monoclinic,,1.8558026190768189,-3.0579890700570864
mp-631463,0,label0,cubic,,6.314528446196945,-4.470563000648813
mp-1195058,unknown,unconfirmed_candidate,orthorhombic,,-1.2698299282043877,-3.7103664996460655
mp-1566038,unknown,unconfirmed_candidate,triclinic,,-3.340642856326472,8.090115156557555
mp-1220121,unknown,unconfirmed_candidate,triclinic,,-2.6720237652069265,0.8592678870291905
mp-765054,unknown,unconfirmed_candidate,orthorhombic,,-0.6035233823459265,2.613083559586183
mp-753907,unknown,unconfirmed_candidate,triclinic,,-8.300819791386928,0.006125159994319063
mp-1027982,0,label0,hexagonal,,-3.094180147014807,1.3709030100139756
mp-1224954,unknown,unconfirmed_candidate,orthorhombic,,12.059951904569866,4.264164997989965
mp-1192454,unknown,unconfirmed_candidate,hexagonal,,5.564667897882554,-3.5288778739044044
mp-1037730,0,label0,tetragonal,,1.46287840302017,-2.21429263951741
mp-2220531,unknown,unconfirmed_candidate,monoclinic,,9.283995753311236,17.53206392001827
mp-1222163,unknown,unconfirmed_candidate,monoclinic,,3.487221145283229,-1.6453936798752817
mp-677659,0,label0,triclinic,,2.0494299296391176,0.13415724342632984
mp-1216486,0,label0,orthorhombic,,0.1059543724851153,-0.26574410390213643
mp-674493,unknown,unconfirmed_candidate,orthorhombic,,3.9075459712061296,-4.7632282568433215
mp-961695,0,label0,cubic,,4.9373356785784726,-2.0519531775448954
mp-1219340,0,label0,monoclinic,,-18.222935456510427,0.8452390406424541
mp-1079305,unknown,unconfirmed_candidate,orthorhombic,,9.48218617924126,2.979615917726452
mp-1196136,unknown,unconfirmed_candidate,orthorhombic,,-6.812465412401842,-6.040478828832567
mp-753630,unknown,unconfirmed_candidate,triclinic,,-0.8456010072244275,-4.85591242607526
mp-781961,unknown,unconfirmed_candidate,monoclinic,,-2.2560037616758173,-2.752695360684534
mp-599,0,label0,hexagonal,,2.5478610088554774,1.0020994409418655
mp-28665,0,label0,monoclinic,,6.554805790132466,3.372256286906314
mp-1273081,unknown,unconfirmed_candidate,triclinic,,-19.985235390804824,2.6638232314116657
mp-1192789,unknown,unconfirmed_candidate,tetragonal,,13.012890338521053,-5.279817048240405
mp-1185299,0,label0,hexagonal,,-6.285093573327636,2.0705385538971015
mp-541155,unknown,unconfirmed_candidate,monoclinic,,-2.1956162779073125,-3.0954847785938373
mp-1215405,unknown,unconfirmed_candidate,orthorhombic,Cr,17.983689339127565,-1.0248203049658748
mp-560114,unknown,unconfirmed_candidate,orthorhombic,,2.6266156280924555,3.3488926899904072
mp-540169,0,label0,triclinic,,-6.076825761998428,-2.9293509526361774
mp-12274,0,label0,orthorhombic,,1.4401412061874943,-3.895488554925665
mp-1216557,0,label0,monoclinic,,-12.61886460596315,3.84550879920911
mp-1003920,unknown,unconfirmed_candidate,orthorhombic,,-12.380429559508578,0.6770444738549806
mp-1211033,0,label0,tetragonal,,1.611126216121587,16.895124358125816
mp-762287,unknown,unconfirmed_candidate,triclinic,,-8.35318272807207,-4.4088320947832855
mp-30709,0,label0,trigonal,,-1.6834562901002386,-0.018457059388236274
mp-568659,unknown,unconfirmed_candidate,monoclinic,,-0.8416509160309431,1.7414187541894428
mp-1291942,unknown,unconfirmed_candidate,orthorhombic,,-0.7272144871500004,4.642790881159911
mp-2716308,unknown,unconfirmed_candidate,triclinic,,-2.4004966961038754,-7.064531348545618
mp-753863,unknown,unconfirmed_candidate,monoclinic,,-0.11026398562187367,-2.2063670772335673
mp-699466,unknown,unconfirmed_candidate,monoclinic,,3.011777941137563,-2.3082407058992125
mp-1227902,unknown,unconfirmed_candidate,cubic,,-9.727286724180843,6.521161641070975
mp-770383,unknown,unconfirmed_candidate,monoclinic,,-7.1586656631672625,-5.828442605379735
mp-780699,unknown,unconfirmed_candidate,triclinic,V,8.795028123859316,2.7347788011407843
mp-858,0,label0,cubic,,-15.826640812683245,7.453003222457607
mp-1233597,unknown,unconfirmed_candidate,triclinic,,3.8167835948754494,4.659251726679145
mp-1178284,unknown,unconfirmed_candidate,monoclinic,Fe,8.676851213742587,-1.3648779077411017
mp-728240,unknown,unconfirmed_candidate,monoclinic,,-7.805993844332875,4.4197291558466
mp-1233687,unknown,unconfirmed_candidate,triclinic,,-5.22870613494689,16.867594059973687
mp-1226694,0,label0,monoclinic,,1.1659635989336827,-0.45584133442067554
mp-639164,unknown,unconfirmed_candidate,monoclinic,,4.624159634731367,6.1981185542121935
mp-540864,unknown,unconfirmed_candidate,orthorhombic,,-16.387248332814544,2.1981495996187164
mp-1519666,0,label0,cubic,,-5.865992390271121,-6.6046222000068
mp-1225166,unknown,unconfirmed_candidate,tetragonal,,16.15591119011553,4.404015232677356
mp-1105746,unknown,unconfirmed_candidate,orthorhombic,,-0.03860417607298672,1.7170701714681122
mp-1218257,unknown,unconfirmed_candidate,monoclinic,,7.261585057755596,-4.871410677810404
mp-1283030,unknown,unconfirmed_candidate,triclinic,,16.963616963467114,11.854493017124916
mp-2228476,unknown,unconfirmed_candidate,orthorhombic,,7.916663590347287,-0.47969126910073356
mp-1205333,unknown,unconfirmed_candidate,monoclinic,,-9.055588223851728,4.418542975826988
mp-1195646,unknown,unconfirmed_candidate,orthorhombic,,4.34023237551844,0.27366841780991535
mp-1204473,unknown,unconfirmed_candidate,orthorhombic,,-4.686103129355818,-4.945543823929333
mp-1097317,0,label0,orthorhombic,,-5.14416012173325,0.7281856187101781
mp-1217180,unknown,unconfirmed_candidate,trigonal,,0.5914069739840464,-1.5870535374537642
mp-2827,0,label0,hexagonal,,7.221384872156664,-4.770292632122246
mp-220,0,label0,hexagonal,,9.852812813159602,-4.221765413897476
mp-1235032,unknown,unconfirmed_candidate,triclinic,,2.007821895549032,-6.638797271141938
mp-1173309,unknown,unconfirmed_candidate,monoclinic,,8.72559574205339,-3.91259434819861
mp-762322,unknown,unconfirmed_candidate,monoclinic,,-0.34515899646622117,3.009156938810168
mp-2231274,unknown,unconfirmed_candidate,triclinic,,-3.4071973761534693,0.7908997254852572
mp-677627,unknown,unconfirmed_candidate,cubic,,-2.2200548984104813,-8.548963060349957
mp-18847,unknown,unconfirmed_candidate,monoclinic,,-22.474136493032972,11.19612682837856
mp-23085,0,label0,tetragonal,,10.798490383653345,-2.1936074084876225
mp-1356094,unknown,unconfirmed_candidate,tetragonal,,6.26787844521192,6.117240996103774
mp-758593,0,label0,monoclinic,,-1.3439113038748296,4.164692391502594
mp-1048118,unknown,unconfirmed_candidate,hexagonal,,-7.433385396781965,-4.64217418782877
mp-1520136,unknown,unconfirmed_candidate,orthorhombic,,-13.411255914754769,-5.967208274942852
mp-1357400,unknown,unconfirmed_candidate,orthorhombic,,1.8458430948428521,-2.261646548325924
mp-28116,0,label0,trigonal,,-4.168604187473335,6.389486605154659
mp-1044743,unknown,unconfirmed_candidate,monoclinic,,-11.869826263235375,-0.5863762929126963
mp-568983,0,label0,cubic,,7.419145487012656,-3.257064615067394
mp-978532,0,label0,cubic,,-0.4766070336054007,-0.4596073454608316
mp-1206004,0,label0,tetragonal,,6.558307520694209,-4.679903191395583
mp-765497,unknown,unconfirmed_candidate,monoclinic,,-3.2078241372083056,-0.07575424220463844
mp-1198456,unknown,unconfirmed_candidate,monoclinic,,-1.7177409824286727,-4.854027361602755
mp-20612,unknown,unconfirmed_candidate,tetragonal,,3.6890018638045223,-5.20263509445863
mp-672389,unknown,unconfirmed_candidate,monoclinic,,4.599803083341669,-8.367650370485812
mp-574283,0,label0,cubic,,1.3704824766923096,2.7519702819867504
mp-2715358,unknown,unconfirmed_candidate,triclinic,,-2.646269968387209,-2.2637607044483072
mp-1046770,unknown,unconfirmed_candidate,orthorhombic,,-0.02558485160733781,-7.384369894049755
mp-20711,0,label0,cubic,,19.710768604937684,7.728958236451952
mp-1233485,0,label0,monoclinic,,-2.2190785651380303,1.1213911195492194
mp-1209597,unknown,unconfirmed_candidate,triclinic,,1.5858287516006797,-0.34473702170863163
mp-767511,0,label0,triclinic,,-4.143943033381795,-7.302086701404228
mp-862687,0,label0,orthorhombic,,-2.7133409588241726,-2.618496187798762
mp-1208966,unknown,unconfirmed_candidate,orthorhombic,,4.61431805738512,1.7496789098031549
mp-1220767,unknown,unconfirmed_candidate,triclinic,,5.4261960986130156,-2.9440431510669693
mp-22136,unknown,unconfirmed_candidate,monoclinic,,-9.509019151352241,4.460055872191344
mp-1220799,0,label0,trigonal,,11.479406175699221,-0.7007586160635917
mp-1147593,unknown,unconfirmed_candidate,triclinic,,2.5938192961767115,-3.9774660884318376
mp-606338,unknown,unconfirmed_candidate,tetragonal,,5.380882568428561,5.440035155410719
mp-1096671,0,label0,orthorhombic,,10.265807054012278,-5.472566138452667
mp-755941,unknown,unconfirmed_candidate,orthorhombic,,-9.987692663724328,-4.538110933494703
mp-675581,unknown,unconfirmed_candidate,monoclinic,,-3.227166962872456,-6.924600759846793
mp-1105709,0,label0,orthorhombic,,5.304494899150864,7.645556400778169
mp-1208819,0,label0,tetragonal,,9.970556944620935,-4.374788132957926
mp-1110622,0,label0,cubic,,-1.0736972132595746,-0.1124820418829735
mp-567838,0,label0,monoclinic,,9.163523383510428,-5.310624058368855
mp-1177400,unknown,unconfirmed_candidate,triclinic,,-3.7467920430737145,-1.4532377473738372
mp-1022656,0,label0,orthorhombic,,-3.7403104308877317,-2.3701690294767026
mp-1197114,unknown,unconfirmed_candidate,monoclinic,,-1.6263372748797416,-5.067012292390702
mp-1224916,unknown,unconfirmed_candidate,orthorhombic,,8.450313847271069,4.4598174076201005
mp-779719,unknown,unconfirmed_candidate,triclinic,,-0.07279226750894097,-5.646507054021621
mp-1198236,unknown,unconfirmed_candidate,monoclinic,,-10.163837669127677,-4.441778478677204
mp-21867,unknown,unconfirmed_candidate,monoclinic,,-9.023521226838035,2.540923486741832
mp-757006,unknown,unconfirmed_candidate,orthorhombic,,-5.544708016588476,-3.3555187220082097
mp-863695,0,label0,hexagonal,,6.367149122273309,6.054886061585602
mp-1209522,unknown,unconfirmed_candidate,orthorhombic,,-3.404288883951903,-2.436011228417616
mp-10534,unknown,unconfirmed_candidate,tetragonal,,1.1423534052480626,-5.991507991139175
mp-1279953,unknown,unconfirmed_candidate,triclinic,,-5.461664007814758,-3.3046198420358692
mp-978845,unknown,unconfirmed_candidate,hexagonal,,6.04740681627305,5.47022668178052
mp-1207218,0,label0,tetragonal,,6.198931605339476,0.2737024663809642
mp-573947,0,label0,orthorhombic,,5.883663768821718,-3.0521085368607146
mp-715493,unknown,unconfirmed_candidate,triclinic,,-19.126219706573835,4.338387589559957
mp-1519874,0,label0,cubic,,-8.988947838575747,5.969963784145953
mp-653887,unknown,unconfirmed_candidate,orthorhombic,,13.940539987867306,5.679517539281822
mp-7116,unknown,unconfirmed_candidate,hexagonal,,4.162275812643898,-2.351884887747824
mp-30662,0,label0,trigonal,,-2.990501955206973,-0.0500765155819316
mp-1236531,unknown,unconfirmed_candidate,triclinic,,-5.289940095921121,-3.990454867950259
mp-647265,unknown,unconfirmed_candidate,monoclinic,,0.9437615746494856,-3.772437113503644
mp-754244,unknown,unconfirmed_candidate,triclinic,,9.622260839353103,7.226916368237912
mp-642894,unknown,unconfirmed_candidate,orthorhombic,,4.5170945176444395,-2.7686373836702245
mp-1203513,unknown,unconfirmed_candidate,tetragonal,,-5.438847881272615,1.1507908556440114
mp-1079197,0,label0,tetragonal,,8.843640385148062,2.1421632064932226
mp-1236186,unknown,unconfirmed_candidate,triclinic,,-1.668777531976101,1.910952411275268
mp-1009131,0,label0,cubic,,3.771828811059498,-4.779795425963496
mp-775484,unknown,unconfirmed_candidate,monoclinic,,-3.662809754387311,-6.701118519107732
mp-776508,unknown,unconfirmed_candidate,monoclinic,,-3.0575505260496527,-2.433560737296606
mp-1175365,0,label0,triclinic,,-0.7636806073140647,-5.50440239057421
mp-26575,0,label0,monoclinic,,1.325287622791425,-5.097472601848194
mp-758130,unknown,unconfirmed_candidate,monoclinic,,-6.076048375140019,0.8077967466835112
mp-505525,unknown,unconfirmed_candidate,cubic,,14.639640426551717,0.3341212882851643
mp-28619,unknown,unconfirmed_candidate,monoclinic,,-11.13528436411578,-1.7723748412415468
mp-753381,unknown,unconfirmed_candidate,orthorhombic,,-9.930238994237648,2.3983244954119307
mp-685430,unknown,unconfirmed_candidate,triclinic,,3.64951739361638,-8.72292902936194
mp-1232034,unknown,unconfirmed_candidate,tetragonal,,-0.011061544331905537,-4.241464423106271
mp-757764,unknown,unconfirmed_candidate,monoclinic,,-1.8691159497085437,-2.6223905719037894
mp-1079160,0,label0,orthorhombic,,-1.6143117686495643,-1.2094518033346695
mp-766415,unknown,unconfirmed_candidate,monoclinic,,-5.669883249899321,-3.725995355059677
mp-767620,unknown,unconfirmed_candidate,orthorhombic,,-4.248222719732528,-5.648154357167609
mp-1096026,0,label0,orthorhombic,,8.537448872117638,3.8799698213450426
mp-1199822,unknown,unconfirmed_candidate,monoclinic,,-3.262537285379832,-3.6992325388375047
mp-579518,0,label0,monoclinic,,8.823599114093525,-2.538805941012969
mp-1063174,0,label0,tetragonal,,5.89532668220742,-4.311112587513806
mp-530395,unknown,unconfirmed_candidate,trigonal,,-12.397775543364581,0.8564516341032622
mp-504495,unknown,unconfirmed_candidate,orthorhombic,,-1.7215274136457275,-5.712889239721253
mp-5979,0,label0,cubic,,4.24617672444483,-2.320241665013411
mp-23999,unknown,unconfirmed_candidate,monoclinic,,-9.168784161118115,-2.6264348901268217
mp-779365,unknown,unconfirmed_candidate,triclinic,,11.41371606300308,6.439414564937081
mp-2216738,unknown,unconfirmed_candidate,triclinic,,-5.692613489240141,-2.7208148129335186
mp-9615,0,label0,trigonal,,-6.27859313572829,1.0946671717384717
mp-1223182,unknown,unconfirmed_candidate,monoclinic,,-11.211984770497441,1.2279774506423813
mp-863265,unknown,unconfirmed_candidate,monoclinic,,4.676512875186507,-1.8855798288221255
mp-1216973,unknown,unconfirmed_candidate,monoclinic,,7.937016709659826,6.002108718138491
mp-1001780,0,label0,trigonal,,1.6505503826152506,-6.090563444476349
mp-1079321,unknown,unconfirmed_candidate,tetragonal,,-2.2103116420880724,-5.52319249126394
mp-1080243,0,label0,trigonal,,-3.1575390299037203,4.1956651686039415
mp-5802,unknown,unconfirmed_candidate,cubic,,4.826776578954519,1.2282728471703521
mp-766540,unknown,unconfirmed_candidate,orthorhombic,,7.0873461689459045,-5.711705203984829
mp-1215239,unknown,unconfirmed_candidate,trigonal,,9.78353546370502,-2.5915852392665872
mp-1205795,unknown,unconfirmed_candidate,orthorhombic,,8.413114998918152,-4.3119563806247445
mp-1100529,0,label0,triclinic,,3.4609273834940826,-7.037503200883462
mp-761219,unknown,unconfirmed_candidate,orthorhombic,,-5.676219429287578,-3.104799750526647
mp-1522327,0,label0,cubic,,-7.2563290460952565,-6.57535677512597
mp-1096511,0,label0,orthorhombic,,3.515382609379353,4.0702013064685865
mp-1196315,unknown,unconfirmed_candidate,orthorhombic,,2.667202207775091,-2.3925158474255532
mp-1202117,unknown,unconfirmed_candidate,monoclinic,,0.5134657795276922,-3.7254410578341464
mp-1023014,unknown,unconfirmed_candidate,orthorhombic,,-1.5911446479688074,-2.2144229929774877
mp-2232635,0,label0,triclinic,,-0.9419140315442185,-3.546746484507228
mp-1187325,0,label0,tetragonal,,15.72139496764114,9.007176497887496
mp-776994,unknown,unconfirmed_candidate,triclinic,,-2.469640542469442,-0.10818693761953213
mp-1221036,0,label0,tetragonal,,-9.825692906048936,3.990445655827589
mp-1221977,unknown,unconfirmed_candidate,hexagonal,,3.3859127339240906,-8.507994311894414
mp-1201534,unknown,unconfirmed_candidate,cubic,,9.280950325298793,3.469237228304067
mp-753457,0,label0,triclinic,,-4.4591783048774225,-1.1686643905351666
mp-1234006,unknown,unconfirmed_candidate,triclinic,,4.207245687060068,8.14007243133436
mp-772550,unknown,unconfirmed_candidate,monoclinic,,-11.073020278703101,-7.391690439644847
mp-1199170,unknown,unconfirmed_candidate,monoclinic,,-14.626410233767714,-2.4068465468443083
mp-758902,unknown,unconfirmed_candidate,monoclinic,,16.404101313638275,17.404406692322947
mp-1104964,unknown,unconfirmed_candidate,tetragonal,,9.351710049208041,-2.081171716748468
mp-2712815,0,label0,triclinic,,1.457213948308702,-5.101565842759431
mp-611153,unknown,unconfirmed_candidate,orthorhombic,,10.501500135315263,-1.4811588580152737
mp-999318,unknown,unconfirmed_candidate,hexagonal,,8.550027733164608,-4.849872205217684
mp-2230102,unknown,unconfirmed_candidate,triclinic,,-11.5781257275212,1.70828203440934
mp-1037015,0,label0,tetragonal,,1.7616713663336654,-2.408747797635913
mp-1222198,unknown,unconfirmed_candidate,monoclinic,,-1.9680632742781619,-5.028205130274566
mp-1188319,unknown,unconfirmed_candidate,tetragonal,,7.978036089072505,-6.297797791256491
mp-607291,unknown,unconfirmed_candidate,orthorhombic,,-0.3744744407919036,-5.859797193792833
mp-1191272,unknown,unconfirmed_candidate,orthorhombic,,-18.816306883912667,-0.4469024964039079
mp-554713,unknown,unconfirmed_candidate,trigonal,,-3.096271006622313,-2.7251534374733133
mp-865597,0,label0,cubic,,8.983919278545134,-1.64324176886438
mp-555559,unknown,unconfirmed_candidate,orthorhombic,,2.1971627773285896,0.5742852133915513
mp-1222797,0,label0,hexagonal,,-5.448457422871169,-2.111267478877453
mp-867882,0,label0,cubic,,4.113526634179138,-4.193371297971373
mp-1206751,0,label0,orthorhombic,,-1.0068695161871837,0.4793205165871939
mp-625282,unknown,unconfirmed_candidate,monoclinic,,2.279484362663869,-3.844247517177717
mp-1246345,unknown,unconfirmed_candidate,triclinic,,-5.131385523313945,-3.958656417824434
mp-1199919,unknown,unconfirmed_candidate,triclinic,,-0.008575114356673907,1.6412005541957342
mp-1522962,0,label0,cubic,,5.9452536941792715,-3.9530902200261924
mp-607399,unknown,unconfirmed_candidate,orthorhombic,,-0.8664421697326752,3.660750212406171
mp-1078292,unknown,unconfirmed_candidate,tetragonal,,-1.4569884297655413,-3.6927419668818118
mp-1176871,unknown,unconfirmed_candidate,triclinic,,-3.5814599335345925,-1.1887760767343067
mp-1200686,unknown,unconfirmed_candidate,cubic,,11.67051117343099,3.819788167029646
mp-757654,unknown,unconfirmed_candidate,triclinic,,-3.906805712489742,-0.5655002517888441
mp-1180195,unknown,unconfirmed_candidate,monoclinic,,-4.5310027094997345,-4.987609142259126
mp-1110956,0,label0,cubic,,-8.694607386999738,-1.9770125738185769
mp-8713,0,label0,orthorhombic,,4.125031155592319,-7.139605289056703
mp-865994,0,label0,cubic,,-1.2252735076304369,0.6831823307887142
mp-1224613,unknown,unconfirmed_candidate,orthorhombic,,7.724624343132696,1.304542559063087
mp-1234793,unknown,unconfirmed_candidate,triclinic,,-8.58711830045674,-2.888455545090814
mp-31089,unknown,unconfirmed_candidate,tetragonal,,8.675233450718633,1.5034498152105478
mp-11375,0,label0,cubic,,6.1149794392628944,8.567782116130623
mp-1201454,unknown,unconfirmed_candidate,monoclinic,,9.475831483022699,-0.1177642080904846
mp-13037,0,label0,orthorhombic,,11.204900497911972,1.953275765023239
mp-764651,unknown,unconfirmed_candidate,triclinic,,-2.2831374746836595,8.246051946382398
mp-849377,unknown,unconfirmed_candidate,monoclinic,,13.97833765466381,9.405986032735441
mp-1210727,unknown,unconfirmed_candidate,cubic,,-17.47127559722113,-4.7363046045966435
mp-756225,unknown,unconfirmed_candidate,monoclinic,,2.5548789778558394,-2.1656356743713676
mp-562506,unknown,unconfirmed_candidate,hexagonal,,-5.727250696937091,-1.7734056810475405
mp-1207865,0,label0,monoclinic,,-0.41776766033735413,-6.424460289287616
mp-2713611,unknown,unconfirmed_candidate,triclinic,,-2.6702679525331625,-4.969336440869773
mp-17942,unknown,unconfirmed_candidate,orthorhombic,,9.379754945156922,-4.012907846063937
mp-17766,unknown,unconfirmed_candidate,monoclinic,,-8.342573483875057,4.844917469305738
mp-1220460,0,label0,monoclinic,,5.996966578834201,-1.5877593838843609
mp-753848,unknown,unconfirmed_candidate,tetragonal,,6.76265327604359,-5.301146849570895
mp-1186439,0,label0,cubic,,8.935944011310296,2.710995836743983
mp-780464,unknown,unconfirmed_candidate,triclinic,,7.506413004676748,0.7348001710671248
mp-764333,unknown,unconfirmed_candidate,monoclinic,,13.837885593749412,11.304669479394242
mp-13342,unknown,unconfirmed_candidate,orthorhombic,,-14.548830592450507,-4.886293305281553
mp-731625,unknown,unconfirmed_candidate,triclinic,,2.892449183321677,-2.939471293610085
mp-1173970,unknown,unconfirmed_candidate,monoclinic,,-2.084083900419742,-6.208489873389871
mp-32308,unknown,unconfirmed_candidate,tetragonal,,-0.16896726745299517,-6.252329192013514
mp-540611,unknown,unconfirmed_candidate,monoclinic,,-1.4934521630333286,-4.4121517080294606
mp-758767,unknown,unconfirmed_candidate,orthorhombic,,-2.02678561713077,-5.067350700635862
mp-560897,unknown,unconfirmed_candidate,triclinic,,-8.750671286472887,-9.9872515418358
mp-18377,unknown,unconfirmed_candidate,trigonal,,-3.477954635029839,-3.0242919249358184
mp-1026905,0,label0,orthorhombic,,0.8715045749268775,-2.3537345742866176
mp-621938,unknown,unconfirmed_candidate,hexagonal,,-2.757999987794282,3.0406273012738154
mp-1209791,unknown,unconfirmed_candidate,trigonal,,7.948419679687335,0.22817826120445162
mp-1174384,0,label0,triclinic,,-1.9130139829130144,-5.88750575153073
mp-1208474,unknown,unconfirmed_candidate,orthorhombic,,-14.615171786409427,-3.825833282482
mp-704206,0,label0,triclinic,,-9.077310837867511,13.038809003576013
mp-5068,0,label0,tetragonal,,19.763294526022875,-0.46389438965270813
mp-2240424,unknown,unconfirmed_candidate,monoclinic,,-6.2670143597628325,0.26499446516890757
mp-26017,unknown,unconfirmed_candidate,monoclinic,,-4.231584330019093,-0.01274753300040743
mp-675692,unknown,unconfirmed_candidate,orthorhombic,,-1.8070261115087227,-5.60302997282737
mp-1112421,0,label0,cubic,,0.3986663825629009,-4.06714836461396
mp-10881,0,label0,cubic,,6.210789634396747,3.3605718630486052
mp-5852,0,label0,tetragonal,,6.0625245437357265,8.374593035976506
mp-26632,unknown,unconfirmed_candidate,monoclinic,,-2.049723678211837,-2.939483644233551
mp-1028301,0,label0,hexagonal,,-3.9163783116119752,-0.8216398690190481
mp-755972,unknown,unconfirmed_candidate,monoclinic,,-1.6718951869668714,1.9255802500260586
mp-1105740,unknown,unconfirmed_candidate,tetragonal,,-8.781941718251371,-2.444120264277707
mp-1028396,0,label0,orthorhombic,,-1.8817209299844606,0.4851528176375304
mp-1095929,0,label0,orthorhombic,,5.828018159577123,0.0835695143101276
mp-29449,unknown,unconfirmed_candidate,monoclinic,,4.495042078081649,-2.5445586244824288
mp-1213671,0,label0,triclinic,,6.6141036763185035,1.5827563699162575
mp-1028274,0,label0,orthorhombic,,-5.739920005680151,2.6739945824174463
mp-1047507,unknown,unconfirmed_candidate,monoclinic,,-6.2132970835375545,5.0556573162086735
mp-1045851,0,label0,cubic,,6.52850842838061,1.7630761187762793
mp-849441,0,label0,triclinic,,-1.7702333748465584,-1.3408878261047086
mp-759778,unknown,unconfirmed_candidate,monoclinic,,15.586463675913814,16.995089715230105
mp-24708,unknown,unconfirmed_candidate,monoclinic,,-0.9807744184827598,-6.7538726480389855
mp-540716,unknown,unconfirmed_candidate,orthorhombic,,-2.498655281512711,-6.644394961156221
mp-1207401,unknown,unconfirmed_candidate,monoclinic,,-5.29254712097282,-9.590612999554086
mp-1183836,0,label0,hexagonal,,18.08954047584744,3.519286576774306
mp-779352,unknown,unconfirmed_candidate,monoclinic,,5.566684254669585,1.4865052995069803
mp-1207932,0,label0,cubic,,-4.950192508748373,6.346508821303775
mp-760372,unknown,unconfirmed_candidate,monoclinic,,-1.8771334781731923,-6.023025988877892
mp-555143,0,label0,trigonal,,-4.7086481554939645,7.865182369923232
mp-1210114,0,label0,tetragonal,,-2.253953908964178,-9.091874382571799
mp-28927,0,label0,tetragonal,,13.786173951753266,4.574798065258896
mp-1233982,0,label0,orthorhombic,,4.7346396460305336,-6.142669823743084
mp-1246203,0,label0,hexagonal,,5.336737150916903,13.992118603939346
mp-5544,unknown,unconfirmed_candidate,tetragonal,,-9.562381123007846,1.3131120429442404
mp-2712660,unknown,unconfirmed_candidate,monoclinic,,-4.66816750354495,-4.15903178818496
mp-35404,0,label0,tetragonal,,-2.9848771770592535,-8.709832893676099
mp-2223632,0,label0,triclinic,,5.21654722278876,-3.674269970118729
mp-1189023,unknown,unconfirmed_candidate,trigonal,,-4.195207457115519,8.74838065034426
mp-555266,unknown,unconfirmed_candidate,orthorhombic,,-10.391023863467918,-5.137499585349412
mp-1033094,0,label0,tetragonal,,1.4051475528480317,1.9928739107073525
mp-1203210,unknown,unconfirmed_candidate,orthorhombic,,-0.9073694573249114,0.3094463932653291
mp-983425,0,label0,cubic,,0.40549884082346566,-1.755559044323869
mp-850928,unknown,unconfirmed_candidate,triclinic,,-2.440450392693613,-7.140939297125781
mp-1238483,unknown,unconfirmed_candidate,monoclinic,,-4.924101211619433,-0.045837885555108926
mp-1039875,0,label0,tetragonal,,1.3283550948584697,-2.124197447446063
mp-787551,unknown,unconfirmed_candidate,triclinic,,-19.591309149745122,0.9744819745366549
mp-4904,0,label0,tetragonal,,1.4578623206086156,-0.1290239469018637
mp-1237963,0,label0,monoclinic,,3.075411501713532,-4.53660234849014
mp-1223258,0,label0,hexagonal,,7.586671516243303,1.8666253441484741
mp-15839,unknown,unconfirmed_candidate,hexagonal,,8.377206760413504,4.015154248638396
mp-555570,unknown,unconfirmed_candidate,monoclinic,,-3.1864031315752683,-4.61082328844307
mp-1215306,unknown,unconfirmed_candidate,orthorhombic,,16.08428888715214,-2.829467114643668
mp-26708,unknown,unconfirmed_candidate,orthorhombic,,-0.2890662072420689,4.342494713820916
mp-26757,unknown,unconfirmed_candidate,monoclinic,,-2.9612039354777977,-1.5018098480619742
mp-1184306,0,label0,cubic,,6.8241290405403205,0.02625625070616877
mp-774404,unknown,unconfirmed_candidate,monoclinic,,-4.498749700662149,4.385017307940117
mp-1210032,unknown,unconfirmed_candidate,cubic,,-21.402105383022928,-5.194894582867873
mp-753644,unknown,unconfirmed_candidate,orthorhombic,,-7.759794353002604,-4.294399022064919
mp-30895,unknown,unconfirmed_candidate,orthorhombic,,-2.9621229116875405,-4.385641881012917
mp-1111065,0,label0,cubic,,-2.1316085759404864,-0.9596353195998972
mp-778018,unknown,unconfirmed_candidate,orthorhombic,,-4.6646720000652095,-3.2462717095351135
mp-1232984,unknown,unconfirmed_candidate,tetragonal,,-6.138967006754541,-2.850824784640267
mp-1227430,0,label0,orthorhombic,,2.2498314517878875,13.446541283769232
mp-1203207,unknown,unconfirmed_candidate,trigonal,,-6.4062789487711775,-3.6357613133105904
mp-1209175,0,label0,cubic,,11.865640972536333,4.3277541562842785
mp-1200136,unknown,unconfirmed_candidate,cubic,,2.54760343869836,-3.1193992248251927
mp-685068,0,label0,trigonal,,4.540420373864235,-3.249299984584754
mp-972204,unknown,unconfirmed_candidate,cubic,,3.6455604774857147,-1.7654086112651974
mp-28532,unknown,unconfirmed_candidate,monoclinic,,1.9526610058253269,3.1464255376075876
mp-1147776,0,label0,tetragonal,,5.815908758630375,-3.4604961965699825
mp-1341945,unknown,unconfirmed_candidate,triclinic,,-14.996443446058606,10.660795447926699
mp-4652,0,label0,cubic,,7.462613291885372,-2.5342242297254725
mp-28429,unknown,unconfirmed_candidate,monoclinic,,-11.077666762949477,-1.6981208664218936
mp-758977,unknown,unconfirmed_candidate,orthorhombic,,-9.295871474084432,1.0613508505354545
mp-41191,unknown,unconfirmed_candidate,orthorhombic,,-0.36458649540240273,0.3348349023661896
mp-1094095,0,label0,orthorhombic,,15.269529647920162,2.4079665936138674
mp-1197408,unknown,unconfirmed_candidate,monoclinic,,2.5235227264378537,-2.1975199807216015
mp-1214111,unknown,unconfirmed_candidate,cubic,,2.8441819786189164,-1.6863056413813666
mp-863360,unknown,unconfirmed_candidate,monoclinic,,-3.6101726011510458,-2.066004470060836
mp-1225722,0,label0,trigonal,,7.201470388874508,-4.031942674173941
mp-4316,0,label0,tetragonal,,13.925148647615536,7.279328202203196
mp-2222792,0,label0,monoclinic,,4.04261708409436,-2.3215698714751856
mp-627640,0,label0,monoclinic,,-7.381018656170866,-9.773876994184512
mp-1184256,0,label0,cubic,,17.10022629649635,3.907057731072836
mp-2216788,unknown,unconfirmed_candidate,triclinic,,-2.6231569789457403,-5.2400214468894255
mp-2714615,unknown,unconfirmed_candidate,triclinic,,2.6681001618655955,-8.113507508120497
mp-31972,unknown,unconfirmed_candidate,monoclinic,,0.020062449369703472,-5.726019635211758
mp-567116,0,label0,cubic,,10.215292872230856,5.869933604542524
mp-1221337,unknown,unconfirmed_candidate,monoclinic,,-5.809244876577893,-5.129194595028672
mp-1199725,unknown,unconfirmed_candidate,orthorhombic,,-12.2084387217893,-4.237993874284989
mp-1105362,unknown,unconfirmed_candidate,tetragonal,,1.767691063240452,-2.701916222280161
mp-1201741,unknown,unconfirmed_candidate,orthorhombic,,-18.0177555732093,-5.826933365831328
mp-1213310,0,label0,monoclinic,,-9.30495970409283,-8.663405920162353
mp-505508,1,label1,orthorhombic,Cu;V,5.775575368901949,-2.1223975486451625
mp-24073,0,label0,hexagonal,,-6.594726269721324,-4.580973116630593
mp-753530,unknown,unconfirmed_candidate,orthorhombic,,5.675909193367,-1.6863212534089715
mp-35986,unknown,unconfirmed_candidate,triclinic,,-3.2400544340594877,10.20639439472875
mp-753703,unknown,unconfirmed_candidate,tetragonal,,5.886327292649765,-2.1679947544300795
mp-2219751,0,label0,monoclinic,,-2.6437464686710506,-4.533598357853281
mp-21216,unknown,unconfirmed_candidate,orthorhombic,,-23.197536934649186,16.10215235885474
mp-1218274,0,label0,trigonal,,-24.02320654254514,5.614208830650902
mp-568478,0,label0,trigonal,,1.411847704876596,5.278631189811289
mp-1207539,unknown,unconfirmed_candidate,monoclinic,,-0.6829685125062497,0.01576912800579322
mp-30555,0,label0,cubic,,3.4991582938330374,-3.0789774981291522
mp-1180401,unknown,unconfirmed_candidate,monoclinic,,2.6681933950717287,-3.5786133749576123
mp-1187279,0,label0,cubic,,12.545793581019362,20.471462865615944
mp-616476,unknown,unconfirmed_candidate,hexagonal,,13.477378338627172,7.305689923734686
mp-1205906,unknown,unconfirmed_candidate,trigonal,,-1.3829052671532658,-8.40162353501845
mp-1193019,0,label0,monoclinic,,9.361629462842542,-2.492118043287091
mp-1204432,unknown,unconfirmed_candidate,orthorhombic,,0.05951698737614208,-2.49855810186612
mp-643270,0,label0,tetragonal,,5.179070950057925,-4.520671680072004
mp-759973,unknown,unconfirmed_candidate,monoclinic,,4.328251268544889,-6.157441732374766
mp-777610,0,label0,monoclinic,,-6.644327839167314,4.0956428646489265
mp-1218766,0,label0,orthorhombic,,6.329317812231558,-0.9683533599412648
mp-780391,unknown,unconfirmed_candidate,monoclinic,,-4.071092680919641,2.1538079318275507
mp-18373,unknown,unconfirmed_candidate,orthorhombic,,-4.494547357780501,-6.738309721450433
mp-553000,0,label0,triclinic,,-9.28585824621987,-1.9585092314260883
mp-1266607,unknown,unconfirmed_candidate,triclinic,,-4.066644364810944,-1.0117895750410355
mp-976727,0,label0,cubic,,-8.93962515873081,-5.6861371969943555
mp-770607,unknown,unconfirmed_candidate,triclinic,,-4.996583919215944,-2.8759482150930804
mp-1210979,0,label0,hexagonal,,-6.949007173507631,-2.2450347831728408
mp-1096401,0,label0,orthorhombic,,-13.731875409253448,3.828821890682047
mp-1015582,unknown,unconfirmed_candidate,orthorhombic,,0.7236723178628601,4.291117863307591
mp-1245542,unknown,unconfirmed_candidate,monoclinic,,10.70739100158073,0.44117201006465834
mp-1524385,0,label0,monoclinic,,9.825576740202512,-2.0677799960375527
mp-696825,0,label0,monoclinic,,-13.795433813944584,2.344210318410216
mp-1222345,unknown,unconfirmed_candidate,orthorhombic,,3.0862148600985293,-1.0268968387142294
mp-1233322,unknown,unconfirmed_candidate,tetragonal,,7.479919562694366,0.39652811200331683
mp-1518537,0,label0,cubic,,-1.1245304260360278,-1.7469456903840488
mp-650026,unknown,unconfirmed_candidate,orthorhombic,,5.727127175089867,2.7942220243740756
mp-1219619,unknown,unconfirmed_candidate,monoclinic,,-12.191160071762532,0.14575886118159787
mp-1225420,0,label0,monoclinic,,2.2922259289160465,0.8695764256386447
mp-850991,unknown,unconfirmed_candidate,triclinic,,4.36102359712069,3.6957488810186305
mp-1045499,unknown,unconfirmed_candidate,orthorhombic,,-14.398383872914948,0.6526139100179904
mp-567474,0,label0,monoclinic,,2.179341812576393,-1.4336778478081094
mp-540828,0,label0,orthorhombic,,6.400388496181826,18.214989896193007
mp-1217995,unknown,unconfirmed_candidate,orthorhombic,,3.367626680780667,-0.4890668121462838
mp-1235268,unknown,unconfirmed_candidate,monoclinic,,-1.8455795351050241,-3.8086426747782323
mp-849321,unknown,unconfirmed_candidate,monoclinic,,4.1024838236827605,-1.2960948088453215
mp-29362,unknown,unconfirmed_candidate,tetragonal,,2.9910587353466624,-1.3036567948122961
mp-21315,0,label0,hexagonal,,9.720000075940124,-5.166076875850248
mp-20110,0,label0,tetragonal,,-0.4910296693650693,6.98128189088564
mp-1021691,0,label0,orthorhombic,,-3.496020925652182,0.2887439869589912
mp-9919,unknown,unconfirmed_candidate,hexagonal,,5.049626161252302,-2.191280396221879
mp-864653,0,label0,cubic,,2.7852381065074496,-3.915767200757397
mp-779858,unknown,unconfirmed_candidate,orthorhombic,,-10.380587076897765,-6.045253224547167
mp-1518560,0,label0,cubic,,-2.7016930063066056,3.1856110767690957
mp-1176748,0,label0,monoclinic,,-0.26656693419073463,-7.888242710000428
mp-831192,unknown,unconfirmed_candidate,triclinic,,0.5351104941309686,-5.0938112889303255
mp-1097177,0,label0,orthorhombic,,-1.369206947079416,-0.3991815575066475
mp-2714173,unknown,unconfirmed_candidate,triclinic,,3.3003677165899408,-8.172945433019137
mp-766040,unknown,unconfirmed_candidate,monoclinic,,0.33586262394807065,-7.223802393578291
mp-21490,unknown,unconfirmed_candidate,orthorhombic,,5.049586889978418,0.7062587027245399
mp-1404968,unknown,unconfirmed_candidate,tetragonal,,4.819754862832674,1.7545187185169482
mp-761074,unknown,unconfirmed_candidate,monoclinic,,-14.196442047075692,-1.1608778013778362
mp-1227575,unknown,unconfirmed_candidate,monoclinic,,2.330199913520918,8.027511538167676
mp-1221607,unknown,unconfirmed_candidate,orthorhombic,,-4.484802855007107,-4.067704709725895
mp-867189,0,label0,cubic,,8.73167221757667,4.9134379557472485
mp-1003639,unknown,unconfirmed_candidate,monoclinic,,-2.452744123242333,8.080782745196931
mp-1223567,unknown,unconfirmed_candidate,monoclinic,,13.939304108122801,4.647622563352442
mp-22627,unknown,unconfirmed_candidate,orthorhombic,,-5.385584336469769,2.4886256968951592
mp-2218245,unknown,unconfirmed_candidate,monoclinic,,-6.173998040446985,1.7117782833270887
mp-6362,1,label1,monoclinic,Tb,4.389308705092251,-3.3638929195705547
mp-1234755,unknown,unconfirmed_candidate,orthorhombic,,-1.868455719191786,-7.310782125054612
mp-1096810,0,label0,tetragonal,,-0.08493422799906014,-5.452160580520783
mp-2232196,unknown,unconfirmed_candidate,cubic,,13.268727621667011,-5.951141732211685
mp-1224571,0,label0,trigonal,,0.057255846751882444,1.9990360656256172
mp-1196681,0,label0,cubic,,14.070980858399363,3.030670830740938
mp-2618,0,label0,tetragonal,,3.072544457403417,-5.224839697545148
mp-1095261,unknown,unconfirmed_candidate,orthorhombic,,6.324031316076077,-0.9372631581867239
mp-1196304,0,label0,trigonal,,4.709540137762842,-6.640846911122955
mp-753895,unknown,unconfirmed_candidate,monoclinic,,-1.8605335823905378,-0.9132203460623849
mp-1026389,0,label0,orthorhombic,,-2.5520321858216732,-1.6663179691792234
mp-30006,unknown,unconfirmed_candidate,triclinic,,-3.6867824271385885,-4.315240952856156
mp-1189575,unknown,unconfirmed_candidate,tetragonal,,-1.968563673339922,-1.4429485575384788
mp-20240,0,label0,orthorhombic,,10.313348508881806,-1.9163052940461967
mp-754126,0,label0,trigonal,,-0.5998013863180347,-5.199157803795442
mp-2229105,unknown,unconfirmed_candidate,monoclinic,,-9.16334990037684,5.05442076497944
mp-765544,0,label0,triclinic,,-4.487576459754273,2.301053532011114
mp-1029288,unknown,unconfirmed_candidate,orthorhombic,,-2.110397040328902,1.4414042906118283
mp-757993,unknown,unconfirmed_candidate,monoclinic,,1.4912648552123926,0.14852756575680104
mp-2226513,unknown,unconfirmed_candidate,monoclinic,,-15.665349057440935,2.0832023313283337
mp-764775,unknown,unconfirmed_candidate,triclinic,,0.9437452204673988,-6.90440136259253
mp-1201626,unknown,unconfirmed_candidate,hexagonal,,-2.8418190550069404,-2.952879126772025
mp-1209568,unknown,unconfirmed_candidate,cubic,,2.660474236905422,6.2067851582803115
mp-779025,unknown,unconfirmed_candidate,triclinic,,7.962873573407478,2.8437282062151077
mp-1193566,unknown,unconfirmed_candidate,hexagonal,,-0.7237965605840841,-7.043947939637203
mp-1192386,unknown,unconfirmed_candidate,monoclinic,,5.167650592893576,0.8892701392952915
mp-1190148,0,label0,triclinic,,-3.685198318147364,-8.260788624128642
mp-2217802,unknown,unconfirmed_candidate,triclinic,,9.253144419464197,12.253231522386422
mp-1215106,unknown,unconfirmed_candidate,orthorhombic,,-0.434440830109871,4.982711185906734
mp-779579,unknown,unconfirmed_candidate,triclinic,,5.814580401486134,-1.419073610384622
mp-16652,unknown,unconfirmed_candidate,tetragonal,,6.94700411567559,5.322199619088654
mp-1207077,0,label0,tetragonal,,12.995457746946983,-2.6321786395606654
mp-752722,unknown,unconfirmed_candidate,monoclinic,,3.709340855368744,-6.680500573271702
mp-768227,0,label0,monoclinic,,-3.542397467131238,-7.769261017111301
mp-997599,0,label0,cubic,,-10.512344201082026,-1.0940046322521901
mp-1236487,unknown,unconfirmed_candidate,triclinic,,-0.8128157781234613,-0.12183923085269299
mp-777569,unknown,unconfirmed_candidate,monoclinic,,6.728974109014908,-4.447279217490983
mp-710062,unknown,unconfirmed_candidate,triclinic,,-6.842608948934416,0.5647014065584415
mp-1226523,0,label0,trigonal,,6.7564915355716035,6.538287009523849
mp-1096492,0,label0,orthorhombic,,-2.219705301827883,3.107010073319497
mp-752672,unknown,unconfirmed_candidate,monoclinic,,-6.622370549805495,-3.168791748429948
mp-1232249,unknown,unconfirmed_candidate,orthorhombic,,0.5423370600518425,-7.547432269772974
mp-1212734,0,label0,monoclinic,,4.708783640374186,4.678070363880842
mp-540841,0,label0,trigonal,,-6.61218937321685,-7.941004135835184
mp-1215430,unknown,unconfirmed_candidate,tetragonal,,-1.509581907768709,-1.7004797364330475
mp-1517490,0,label0,cubic,,-21.806037895565773,4.072685424516177
mp-1306409,unknown,unconfirmed_candidate,triclinic,,-0.572215978508126,-2.184961385275754
mp-1187003,0,label0,cubic,,2.6527938689082298,1.819512292204628
mp-1188132,unknown,unconfirmed_candidate,orthorhombic,,8.72660113772379,0.9575479975263868
mp-1246246,unknown,unconfirmed_candidate,tetragonal,,10.30255406543076,4.986176034646064
mp-1216906,0,label0,tetragonal,,2.1272349377264845,0.08407361875070762
mp-20357,unknown,unconfirmed_candidate,tetragonal,,7.62230468749226,-1.705953679719812
mp-1218870,unknown,unconfirmed_candidate,monoclinic,,3.9941720766207354,1.6792788491573631
mp-1190451,unknown,unconfirmed_candidate,triclinic,,-0.3736264721430764,-0.641270797648474
mp-7467,0,label0,orthorhombic,,6.21237240485819,-5.553594093464175
mp-1228440,0,label0,monoclinic,,-12.933112656753465,1.4028559495000472
mp-1314097,unknown,unconfirmed_candidate,triclinic,,-3.539157356297892,-1.073077908457126
mp-1235345,unknown,unconfirmed_candidate,triclinic,,-3.1510595434550375,-2.551868656791447
mp-775350,unknown,unconfirmed_candidate,monoclinic,,-2.8153626370654408,-3.626801585910762
mp-1173443,unknown,unconfirmed_candidate,triclinic,,-4.453903026090565,-6.952933889813012
mp-1186529,0,label0,tetragonal,,1.2613828088328773,5.8939647150914425
mp-754399,unknown,unconfirmed_candidate,monoclinic,,4.489484005935886,-4.62143536955409
mp-1037628,0,label0,tetragonal,,1.790549881936819,-2.6069184391048292
mp-1100161,0,label0,orthorhombic,,-2.835633866512957,-3.1920079357524216
mp-505741,0,label0,monoclinic,,-16.260817283234765,-2.776964377419901
mp-1022711,unknown,unconfirmed_candidate,orthorhombic,,11.232819216061877,-3.9600919458228496
mp-1043548,unknown,unconfirmed_candidate,tetragonal,,-3.2161990080009666,1.8379379039934243
mp-1183733,unknown,unconfirmed_candidate,hexagonal,,8.6798563511362,-6.628148296903316
mp-1177101,0,label0,trigonal,,1.4474500804663712,-3.722763209636284
mp-1225129,0,label0,hexagonal,,2.865299439806094,2.1006017462676283
mp-1216854,0,label0,orthorhombic,,-2.4139960982841977,-5.051281976100869
mp-729632,unknown,unconfirmed_candidate,orthorhombic,,8.77962176517988,4.86160577325138
mp-734315,unknown,unconfirmed_candidate,trigonal,,0.46321679402953464,-2.0695151834419594
mp-686042,unknown,unconfirmed_candidate,monoclinic,,-1.1910732056621214,-3.6877912351619173
mp-1209650,unknown,unconfirmed_candidate,orthorhombic,,1.4304189269153795,5.813449077628668
mp-1096789,0,label0,trigonal,,-4.540265165325724,-2.4810918071096477
mp-979936,0,label0,cubic,,9.444898543539487,1.7915567745972538
mp-1096161,0,label0,orthorhombic,,11.536758453220784,1.5035617929510678
mp-752440,unknown,unconfirmed_candidate,monoclinic,,10.116248417927201,7.548564493767863
mp-20181,unknown,unconfirmed_candidate,cubic,,9.348338342862759,0.48172684644477926
mp-1207945,unknown,unconfirmed_candidate,tetragonal,,9.010090391143285,-0.05480052742531427
mp-757910,unknown,unconfirmed_candidate,triclinic,,-0.12976907732432963,-1.571017987713578
mp-581476,unknown,unconfirmed_candidate,trigonal,,-3.4796359759699484,-3.0253930944976783
mp-1188725,0,label0,trigonal,,18.930926192020777,4.925672439361374
mp-19470,0,label0,monoclinic,,-2.480451168389063,6.382701281660207
mp-11772,0,label0,hexagonal,,-9.513742786514307,-2.0427168651686056
mp-768058,unknown,unconfirmed_candidate,triclinic,,-1.546796283932835,-1.8607010120402947
mp-2230374,unknown,unconfirmed_candidate,monoclinic,,8.818264878504335,-4.310926839631605
mp-1080295,0,label0,tetragonal,,6.485116362689929,-3.001200085771792
mp-1191902,unknown,unconfirmed_candidate,orthorhombic,,-17.91880187202242,-2.6792070721484897
mp-1233238,unknown,unconfirmed_candidate,triclinic,,-5.861960570206495,2.1446968703403506
mp-1176697,0,label0,triclinic,,-4.265230746818673,2.5076927026561613
mp-1022091,unknown,unconfirmed_candidate,orthorhombic,,1.7751012417297147,-3.666848642021087
mp-1044910,unknown,unconfirmed_candidate,monoclinic,,-13.281999559070094,8.253477666601661
mp-850331,unknown,unconfirmed_candidate,monoclinic,,-3.5677316627994387,-0.004079315828608543
mp-722867,unknown,unconfirmed_candidate,monoclinic,,-1.2334188689406211,1.6049722840397322
mp-2239888,0,label0,monoclinic,,-7.185627702280332,-0.5820982645247419
mp-865501,unknown,unconfirmed_candidate,cubic,,2.9096630817065616,-2.1742434920314437
mp-2239855,0,label0,orthorhombic,,6.349119697376613,-2.156256520359232
mp-585,0,label0,hexagonal,,-10.381286899598134,-4.957411809936039
mp-1195952,unknown,unconfirmed_candidate,monoclinic,,-4.270139103233202,-4.077521567466697
mp-1189524,unknown,unconfirmed_candidate,triclinic,,9.514112756078978,-1.7843887441104584
mp-758881,unknown,unconfirmed_candidate,orthorhombic,,1.6906851496023982,-7.069212169083739
mp-1192501,unknown,unconfirmed_candidate,hexagonal,,-5.835440284944877,-6.203848439837973
mp-2226469,0,label0,monoclinic,,6.091945562007375,-8.011108484890542
mp-22861,0,label0,hexagonal,,9.054954584868662,-3.769583867346176
mp-1018786,unknown,unconfirmed_candidate,tetragonal,,-3.0575831823811974,-2.9801241004342742
mp-3097,0,label0,tetragonal,,5.800231515791076,0.44162557174266226
mp-1181033,unknown,unconfirmed_candidate,orthorhombic,,-8.902063700085282,-1.1533640994224257
mp-1003771,unknown,unconfirmed_candidate,monoclinic,,-8.536128731062249,-0.1282553289859827
mp-1096860,0,label0,tetragonal,,-11.065605276425167,8.084997186399349
mp-1239188,unknown,unconfirmed_candidate,monoclinic,,-9.465870983396222,3.0379831299686657
mp-628631,0,label0,tetragonal,,9.07884744583064,2.1315773527637347
mp-1233216,0,label0,monoclinic,,8.393093365354044,1.6952716955000788
mp-12974,unknown,unconfirmed_candidate,tetragonal,,2.996088722954994,-0.19900935666824182
mp-1222833,0,label0,orthorhombic,,12.18767320543802,2.0619346628802404
mp-31510,0,label0,monoclinic,,1.4978297573381418,-1.4457199000628833
mp-1189478,unknown,unconfirmed_candidate,orthorhombic,,9.017978199983707,4.301868289355873
mp-19017,unknown,unconfirmed_candidate,orthorhombic,,2.257254417944246,-1.594690835144851
mp-1274024,unknown,unconfirmed_candidate,monoclinic,,-2.7939757825728435,-3.0584570482255327
mp-2714129,unknown,unconfirmed_candidate,triclinic,,1.2028461539876218,-6.197962494284633
mp-2217367,unknown,unconfirmed_candidate,tetragonal,,-1.3193301079061754,-1.8305100884888539
mp-709540,unknown,unconfirmed_candidate,monoclinic,,-2.104619512517825,0.7537161549170506
mp-758051,0,label0,orthorhombic,,8.275055771934046,-1.7467370982670545
mp-776122,unknown,unconfirmed_candidate,orthorhombic,,-1.7902172262162352,19.41343435103843
mp-1212377,unknown,unconfirmed_candidate,hexagonal,,-3.1011749674052993,-4.431546099725125
mp-1224547,0,label0,cubic,,5.728755873679619,-2.033456236164236
mp-772183,unknown,unconfirmed_candidate,monoclinic,,-4.455440422069291,-2.8024547514502185
mp-1211316,unknown,unconfirmed_candidate,monoclinic,,0.5596149848729368,-5.211158394307551
mp-1205699,0,label0,cubic,,-15.462143906342007,-4.77291107930745
mp-1227637,unknown,unconfirmed_candidate,orthorhombic,,-13.668602086920515,5.541610457915056
mp-2231869,unknown,unconfirmed_candidate,triclinic,,7.5075995929633805,4.1421834697466515
mp-1001021,0,label0,cubic,,5.896863851322239,-4.460767454628211
mp-1567233,unknown,unconfirmed_candidate,triclinic,,-2.7154206051344367,4.307958905734587
mp-722891,0,label0,tetragonal,,1.7186895427254179,-4.574992853098131
mp-753519,unknown,unconfirmed_candidate,orthorhombic,,1.4035031649654606,-6.779759011119463
mp-997162,unknown,unconfirmed_candidate,hexagonal,,-22.68583323398562,8.860300350903081
mp-697833,unknown,unconfirmed_candidate,monoclinic,,0.580914908646573,-1.2586922826750353
mp-694547,unknown,unconfirmed_candidate,trigonal,,0.5490472547881105,0.05476544623769186
mp-771996,0,label0,monoclinic,,-2.645389233326405,-0.5792793146099129
mp-571143,0,label0,hexagonal,,-6.071776847797679,8.248354457907059
mp-753759,0,label0,monoclinic,,-0.48825787412595645,8.245103337232973
mp-1094153,unknown,unconfirmed_candidate,trigonal,,5.608625309837164,-1.6445497633161832
mp-1245536,unknown,unconfirmed_candidate,orthorhombic,,1.9670643791571436,5.2492886751491135
mp-770542,unknown,unconfirmed_candidate,cubic,,-0.9380978429542566,13.46606323082668
mp-1227688,unknown,unconfirmed_candidate,tetragonal,,-9.700948422441467,0.25960303790390427
mp-1520848,unknown,unconfirmed_candidate,tetragonal,,4.784145635240124,-7.225866492433388
mp-769602,unknown,unconfirmed_candidate,monoclinic,,5.5301836632445465,1.996382336450779
mp-761029,unknown,unconfirmed_candidate,trigonal,,-3.0321599114300177,-1.2165301491477152
mp-766012,unknown,unconfirmed_candidate,monoclinic,,-0.46549534110519275,4.999821024539809
mp-728959,unknown,unconfirmed_candidate,triclinic,,-4.155115045653453,-3.8283545626196798
mp-15177,unknown,unconfirmed_candidate,monoclinic,,8.983304914776458,5.437470365222456
mp-753541,unknown,unconfirmed_candidate,tetragonal,,-3.0258897038863495,-1.8835723785142484
mp-983562,0,label0,hexagonal,,8.152412584793547,-6.219999119141937
mp-863386,unknown,unconfirmed_candidate,hexagonal,,-6.304151585775511,0.5200420470160694
mp-1080260,unknown,unconfirmed_candidate,tetragonal,,5.394451963472694,-3.5936382130391102
mp-16595,unknown,unconfirmed_candidate,hexagonal,,-3.489211535856814,-1.4883466640695708
mp-1186263,0,label0,tetragonal,,2.8284449715685938,8.599858389206855
mp-20085,unknown,unconfirmed_candidate,hexagonal,,6.589636677296355,0.4403530211635456
mp-1080475,0,label0,orthorhombic,,1.2239856755681586,6.112995699568497
mp-772979,unknown,unconfirmed_candidate,monoclinic,,0.8805542738443961,-3.390663975363431
mp-714904,unknown,unconfirmed_candidate,tetragonal,,-6.880863065328068,-9.756005069453067
mp-1218035,unknown,unconfirmed_candidate,trigonal,,6.315654889199058,-3.7077229205749056
mp-2715357,unknown,unconfirmed_candidate,monoclinic,,-3.4711363787761798,-2.320265197530073
mp-863369,unknown,unconfirmed_candidate,trigonal,,-4.71133445736162,-0.4542447798016198
mp-768638,unknown,unconfirmed_candidate,cubic,,8.805971424629053,-6.145602157543387
mp-1095333,0,label0,orthorhombic,,9.527038885038067,-2.725377506685165
mp-1341934,0,label0,triclinic,,3.3438876947261207,0.04947774957758355
mp-1207992,unknown,unconfirmed_candidate,tetragonal,,-4.906891981783968,-1.8218412460663078
mp-2218451,unknown,unconfirmed_candidate,trigonal,,-9.002173619140937,-1.1971005027602608
mp-1026892,0,label0,orthorhombic,,-1.740960329432795,-1.9522140591518244
mp-557805,unknown,unconfirmed_candidate,monoclinic,,-1.3429040761332445,-5.666922736472749
mp-775998,0,label0,triclinic,,0.8450530217780887,-7.740954035539177
mp-1229249,unknown,unconfirmed_candidate,triclinic,,0.8852450220259342,2.0381629104959487
mp-5646,unknown,unconfirmed_candidate,hexagonal,,7.13989788303625,-2.5294517167210504
mp-1202343,unknown,unconfirmed_candidate,orthorhombic,,-6.263496201617219,-8.128208871979341
mp-756626,0,label0,triclinic,,4.434326536109916,-7.249371264243505
mp-1248348,0,label0,orthorhombic,,1.953262096146883,-4.079692684480907
mp-1199521,unknown,unconfirmed_candidate,orthorhombic,,21.461212257550073,7.7795627449468014
mp-755306,unknown,unconfirmed_candidate,triclinic,,2.214953533312922,-0.7561915363010598
mp-4488,0,label0,tetragonal,,16.82590930289629,11.803503735548595
mp-21386,0,label0,trigonal,,3.649859488745168,8.150451557151161
mp-1274278,unknown,unconfirmed_candidate,monoclinic,,-14.764621488587942,3.4025037462337977
mp-20154,0,label0,tetragonal,,-12.846041292213457,22.696131975581526
mp-1024975,0,label0,tetragonal,,-9.556660789211847,2.997753647675541
mp-1202457,unknown,unconfirmed_candidate,monoclinic,,-2.104901069732211,-1.0509783321630515
mp-24752,unknown,unconfirmed_candidate,triclinic,,-2.329396935153781,-5.212991497676574
mp-780155,0,label0,triclinic,,0.1736273025106847,1.088475333273724
mp-706459,unknown,unconfirmed_candidate,monoclinic,,15.915716943614262,9.98280813351635
mp-641945,unknown,unconfirmed_candidate,monoclinic,,17.29782241956097,1.2706960915570775
mp-684923,0,label0,monoclinic,,0.7515787504892444,-5.088587209006839
mp-774356,unknown,unconfirmed_candidate,monoclinic,,4.395119410655031,-6.377185462572797
mp-1215110,unknown,unconfirmed_candidate,monoclinic,,-3.8898007263066,-11.346988113206447
mp-3218,0,label0,tetragonal,,-0.02929497940522907,0.6689449353237045
mp-1080329,unknown,unconfirmed_candidate,monoclinic,,5.1972018182721555,-1.8118710077915772
mp-1021303,unknown,unconfirmed_candidate,orthorhombic,,1.3498862644006628,-0.2979575484015129
mp-1218639,unknown,unconfirmed_candidate,monoclinic,,8.340907784536588,-3.574985036414006
mp-1208353,unknown,unconfirmed_candidate,monoclinic,,-0.3096920910495804,0.5995165473081094
mp-1219423,0,label0,orthorhombic,,2.767768008133803,-4.738521579419924
mp-1224758,0,label0,trigonal,,17.925166705493567,1.263495043134153
mp-1204678,unknown,unconfirmed_candidate,monoclinic,,5.037145115169162,-4.057048922857163
mp-1177155,unknown,unconfirmed_candidate,monoclinic,,-4.0757197090790775,-2.8907237990038954
mp-759476,0,label0,cubic,,-5.50094158804373,0.5544051084702879
mp-1097058,unknown,unconfirmed_candidate,triclinic,,-25.71862100127312,7.9290245226421305
mp-1187430,0,label0,cubic,,-1.1494138843315298,-1.2301017750155268
mp-1517259,unknown,unconfirmed_candidate,orthorhombic,,-11.358066896430035,-7.1752573403303135
mp-1111035,0,label0,cubic,,4.1001884069373435,5.711611713408818
mp-18628,unknown,unconfirmed_candidate,tetragonal,,-4.185883192650632,1.7159998102146297
mp-1147739,unknown,unconfirmed_candidate,tetragonal,,7.528958838084387,-1.8925937181499322
mp-1225163,unknown,unconfirmed_candidate,hexagonal,,8.373487306649858,18.998729472879344
mp-1077301,0,label0,monoclinic,,11.957188894241202,2.9406921114103675
mp-753256,unknown,unconfirmed_candidate,orthorhombic,,21.334112308604972,19.269609859872777
mp-1094456,unknown,unconfirmed_candidate,monoclinic,,0.3922464860361323,-0.28346835204523657
mp-695202,0,label0,monoclinic,,-5.0427490937571555,-2.39884419185535
mp-561028,unknown,unconfirmed_candidate,monoclinic,,-9.251695172417882,-5.338418939786072
mp-2222796,0,label0,trigonal,,-0.4879173038443412,-8.2809651307552
mp-1179202,0,label0,monoclinic,,3.5671417741171663,1.5506743159665994
mp-1521404,0,label0,cubic,,1.68802552656949,1.2164030719145664
mp-28829,unknown,unconfirmed_candidate,orthorhombic,,1.0376694829493793,-3.4267814864910697
mp-1197728,unknown,unconfirmed_candidate,hexagonal,,-11.423581637783752,4.33735742608388
mp-765223,unknown,unconfirmed_candidate,triclinic,,11.236562585395294,5.05911029695644
mp-1187444,0,label0,cubic,,-1.48704670276528,-1.1635133801050017
mp-559287,unknown,unconfirmed_candidate,orthorhombic,,4.136846301144907,-5.533567026487981
mp-768515,unknown,unconfirmed_candidate,triclinic,,-4.670144686252787,3.3978993775479225
mp-15307,unknown,unconfirmed_candidate,hexagonal,,-1.9411968774103912,-0.568921419544413
mp-1523344,0,label0,cubic,,-4.897370369141555,-5.719351168246433
mp-1638872,unknown,unconfirmed_candidate,triclinic,,-3.175781228990818,-0.04551934437815319
mp-16314,0,label0,cubic,,8.260211624531767,-0.0782472434940793
mp-1199639,0,label0,triclinic,,-2.444710321370728,-5.416450428516928
mp-776160,unknown,unconfirmed_candidate,orthorhombic,,-0.10008182299889157,-7.516309684551764
mp-1001784,0,label0,trigonal,,-3.3357396117804754,0.40913784619296933
mp-1347026,unknown,unconfirmed_candidate,orthorhombic,,1.7911215930468352,-2.797358859977999
mp-714929,0,label0,triclinic,,-0.3771873456671955,-11.177676024002466
mp-1309309,unknown,unconfirmed_candidate,triclinic,,-9.355828719322169,-3.4415865594571056
mp-1195164,unknown,unconfirmed_candidate,monoclinic,,-5.541410508975115,-0.36401233831446334
mp-756378,unknown,unconfirmed_candidate,monoclinic,,-4.779472961553893,-5.887452083205988
mp-1078717,unknown,unconfirmed_candidate,tetragonal,,8.921022307144217,0.3796056591241097
mp-560757,unknown,unconfirmed_candidate,triclinic,,-1.1791820503508532,-1.131852549345492
mp-1284356,unknown,unconfirmed_candidate,triclinic,,-0.782398944494691,4.689591536795291
mp-1518804,0,label0,cubic,,-29.76058424242151,12.878320781380417
mp-1181515,unknown,unconfirmed_candidate,cubic,,1.7616382213693242,-2.223442331728876
mp-1284451,unknown,unconfirmed_candidate,monoclinic,,-7.2017342597254554,4.183611887109105
mp-642644,0,label0,monoclinic,,2.307779590521342,-2.7638090404613784
mp-1022086,unknown,unconfirmed_candidate,orthorhombic,,0.3766172448881413,-4.969237733380556
mp-1519311,0,label0,cubic,,-11.294151627274172,2.970471817627491
mp-1186600,0,label0,cubic,,-2.3478155104867753,0.18951948300400545
mp-1213714,unknown,unconfirmed_candidate,orthorhombic,,-2.6252952213070415,10.502862683436852
mp-1225205,0,label0,monoclinic,,1.7825055378821943,-3.402831331781327
mp-1215742,0,label0,triclinic,,9.729982426550603,5.754025251656277
mp-1227591,unknown,unconfirmed_candidate,orthorhombic,,3.6151738937664604,6.098948807966977
mp-1203054,unknown,unconfirmed_candidate,orthorhombic,,12.768605226965839,9.273514494592355
mp-1187756,0,label0,tetragonal,,3.148441890765275,-3.427000502313952
mp-1097252,0,label0,orthorhombic,,1.8053235823121518,-4.656226673113666
mp-1520965,0,label0,cubic,,-1.7040738254480736,-1.313489217945996
mp-1022119,0,label0,orthorhombic,,-1.955221007182633,-3.266188463709252
mp-1210435,0,label0,tetragonal,,4.586591011680326,-6.070924950645111
mp-1222873,unknown,unconfirmed_candidate,monoclinic,,-0.02011795754249235,8.079998875818912
mp-1187194,0,label0,cubic,,8.3851820711552,2.994779479474616
mp-1197944,unknown,unconfirmed_candidate,monoclinic,,-8.929940254729924,-8.166979290924525
mp-1522977,unknown,unconfirmed_candidate,orthorhombic,,-26.015797838677855,-1.2027879984164507
mp-677284,unknown,unconfirmed_candidate,trigonal,,-6.613079364945214,-5.054831123423199
mp-777901,unknown,unconfirmed_candidate,orthorhombic,,-8.523666021470877,0.9820368228423604
mp-1204403,unknown,unconfirmed_candidate,monoclinic,,8.346233603985803,3.9486344642070854
mp-1224793,0,label0,trigonal,,5.8715703165587705,-3.5780322422901207
mp-1208034,unknown,unconfirmed_candidate,orthorhombic,,7.207629149636153,2.3823629542386016
mp-1028073,0,label0,hexagonal,,-1.9909712586572184,-4.633546531725752
mp-1096770,0,label0,orthorhombic,,2.2987506272383023,5.368983889525598
mp-1212526,unknown,unconfirmed_candidate,hexagonal,,8.257575140221196,-1.4019643671956494
mp-1233766,unknown,unconfirmed_candidate,triclinic,,1.734337384077289,0.01551338818748249
mp-754735,0,label0,trigonal,,3.3603027429507755,-2.4982240962717377
mp-1218636,unknown,unconfirmed_candidate,monoclinic,,15.737034409941332,15.52355101426544
mp-720201,0,label0,monoclinic,,-10.118291483291515,-2.954734423606892
mp-1209299,0,label0,orthorhombic,,7.829572503152047,6.524323894978664
mp-560873,unknown,unconfirmed_candidate,hexagonal,,8.535289301161924,7.731364747050151
mp-772661,unknown,unconfirmed_candidate,monoclinic,,1.5150407224163054,-0.13968879590464311
mp-2713159,unknown,unconfirmed_candidate,monoclinic,,-0.9716501578315118,-5.845368022302775
mp-570959,unknown,unconfirmed_candidate,cubic,,7.7156039402113645,-3.903306528977005
mp-759224,0,label0,orthorhombic,,-1.4035047871047794,-4.253416205128985
mp-1235135,unknown,unconfirmed_candidate,triclinic,,16.050848005302484,14.758562524605548
mp-1192425,unknown,unconfirmed_candidate,hexagonal,,7.141505671253357,-4.560659765804971
mp-1209728,0,label0,trigonal,,12.218781575785497,4.685159480136232
mp-398,0,label0,cubic,,-0.4411457268084007,-6.885007161468064
mp-1205044,unknown,unconfirmed_candidate,monoclinic,,4.823390824574497,1.3065494703356642
mp-744309,unknown,unconfirmed_candidate,monoclinic,,-2.570625286216913,-3.048716446918858
mp-1080740,0,label0,hexagonal,,0.9737806538124723,2.3677674245481874
mp-17534,unknown,unconfirmed_candidate,monoclinic,,1.1314500538731664,0.05534164233054639
mp-705870,0,label0,triclinic,,5.907617429995133,-5.415071202292372
mp-1215329,0,label0,tetragonal,,15.740642482976144,-4.932277475877026
mp-2227053,0,label0,trigonal,,1.8937391756279425,5.739517302750173
mp-1185204,0,label0,tetragonal,,7.3156872713167775,-4.113523242365746
mp-974827,0,label0,cubic,,8.562099881505764,-3.878355894617993
mp-555206,unknown,unconfirmed_candidate,orthorhombic,,-1.1963617432115647,-4.706919134333122
mp-2129,0,label0,tetragonal,,3.9152579718241203,2.584065342981617
mp-2230347,unknown,unconfirmed_candidate,monoclinic,,-6.268621774185721,-4.771687503996553
mp-546266,0,label0,tetragonal,,-0.783168549768213,-3.128862706943279
mp-1196345,unknown,unconfirmed_candidate,monoclinic,,0.5718745074477098,-5.119286898439103
mp-2219019,unknown,unconfirmed_candidate,triclinic,,-15.922633095571783,0.37691307046685196
mp-1041928,unknown,unconfirmed_candidate,orthorhombic,,-9.68634744109681,4.867178896124379
mp-1101022,unknown,unconfirmed_candidate,tetragonal,,-6.46471122782626,-7.017284495694135
mp-979961,unknown,unconfirmed_candidate,cubic,,7.99979528105049,2.731008701450765
mp-1212549,unknown,unconfirmed_candidate,monoclinic,,0.2514929427397483,-3.651015378347017
mp-777359,unknown,unconfirmed_candidate,triclinic,,-4.067129503961386,0.9368797996827318
mp-555657,0,label0,tetragonal,,-4.593577151343627,-4.822241852365149
mp-560681,unknown,unconfirmed_candidate,orthorhombic,,-0.6919273932591601,-6.481675917140457
mp-560007,0,label0,triclinic,,2.641036894507078,-0.5195594959753542
mp-1225372,unknown,unconfirmed_candidate,monoclinic,,-5.758990358172511,-7.050575899110175
mp-1182011,unknown,unconfirmed_candidate,triclinic,,0.734709599239185,-5.834695722323078
mp-774306,unknown,unconfirmed_candidate,monoclinic,,0.2941376010971588,-6.3535641151602
mp-1222738,unknown,unconfirmed_candidate,orthorhombic,,9.596267891830722,0.10963141010000399
mp-567276,unknown,unconfirmed_candidate,cubic,,12.136344629535088,2.505071614344814
mp-1048433,0,label0,tetragonal,,-5.272411696498288,9.910004940900585
mp-772845,0,label0,monoclinic,,-4.997875898731277,-1.8362079148367414
mp-2218666,unknown,unconfirmed_candidate,triclinic,,0.8478596356665378,0.14404187995833695
mp-1293032,unknown,unconfirmed_candidate,triclinic,,1.7185183575084437,-6.621000301335529
mp-1245642,unknown,unconfirmed_candidate,monoclinic,,1.1610567975080706,2.481660664001261
mp-558144,unknown,unconfirmed_candidate,monoclinic,,1.663938175833941,-5.343559556764884
mp-863686,unknown,unconfirmed_candidate,cubic,,0.5701886737016117,10.247199772669191
mp-1183698,0,label0,cubic,,6.059278216297825,-4.831823739067257
mp-1312602,unknown,unconfirmed_candidate,triclinic,,-9.36297763594412,1.7915837677301596
mp-1218605,unknown,unconfirmed_candidate,monoclinic,,0.7923210751772807,-5.996775571472602
mp-1376078,unknown,unconfirmed_candidate,triclinic,,10.09558324130886,19.667029631589404
mp-772043,unknown,unconfirmed_candidate,triclinic,,-15.652972513852184,6.598729554989383
mp-1217273,0,label0,orthorhombic,,4.908774747990227,-3.2393512170395447
mp-695783,unknown,unconfirmed_candidate,orthorhombic,,-0.010593217743778638,-0.4112523625813296
mp-1103880,0,label0,orthorhombic,,-11.33554481648396,2.9049702005029765
mp-1147687,unknown,unconfirmed_candidate,monoclinic,,4.274787765194494,-4.558041395435783
mp-1176754,0,label0,monoclinic,,2.9125819659266234,0.22090380901406093
mp-1641174,unknown,unconfirmed_candidate,triclinic,,5.475801894566823,-4.498828683558719
mp-753609,unknown,unconfirmed_candidate,triclinic,,-6.583930377441085,-3.7016731084966565
mp-2230074,unknown,unconfirmed_candidate,triclinic,,13.494334793571717,19.307468952786255
mp-1042706,unknown,unconfirmed_candidate,orthorhombic,,-18.08308622963019,12.885134720815717
mp-1113205,0,label0,cubic,,4.663470407955421,0.13050025810904486
mp-771360,0,label0,triclinic,,1.8124162879435275,-2.799831219812301
mp-542011,unknown,unconfirmed_candidate,monoclinic,,-3.6501353894750252,-1.479845632026807
mp-2228952,unknown,unconfirmed_candidate,monoclinic,,-3.6790383672609863,-3.4767331732760507
mp-643293,unknown,unconfirmed_candidate,cubic,,3.413995590018523,-3.130736147024111
mp-755343,0,label0,trigonal,,-7.090913442042613,-5.057951073288299
mp-849458,unknown,unconfirmed_candidate,triclinic,,-11.81689838380196,2.5142307785152163
mp-1210906,0,label0,tetragonal,,6.206646283417795,-5.616262759724124
mp-738675,unknown,unconfirmed_candidate,triclinic,,-2.7525414737752314,-3.494713011788578
mp-542168,unknown,unconfirmed_candidate,orthorhombic,,-0.4859579265542209,1.6511321980304423
mp-1111097,0,label0,cubic,,0.15823985464560408,2.0648137205855477
mp-1275358,unknown,unconfirmed_candidate,tetragonal,,1.2823512802467718,-2.1276774324837877
mp-1245174,unknown,unconfirmed_candidate,triclinic,,-23.82963949634432,2.6227850604772733
mp-1228061,unknown,unconfirmed_candidate,monoclinic,,11.68506778899027,-1.456443859690994
mp-619475,unknown,unconfirmed_candidate,orthorhombic,,11.368585746086993,9.99869810115472
mp-1224694,0,label0,trigonal,,14.291479502196385,-2.809039908180882
mp-1374543,unknown,unconfirmed_candidate,orthorhombic,,4.495572440892854,-3.2641553325951236
mp-1100768,0,label0,cubic,,8.687327229364803,11.887557306577577
mp-776005,0,label0,triclinic,,-2.0934570266350825,-6.921751296278824
mp-2712849,unknown,unconfirmed_candidate,triclinic,,-0.4273308138828398,-5.996525642023149
mp-764201,unknown,unconfirmed_candidate,triclinic,,8.521316137985291,6.202700716998159
mp-1183566,0,label0,cubic,,12.905961235471317,11.075647804665692
mp-770571,unknown,unconfirmed_candidate,orthorhombic,,-11.476973806351968,-5.8251931779534
mp-1194816,unknown,unconfirmed_candidate,monoclinic,,-1.112652712289261,-4.1904393171600045
mp-1206981,0,label0,monoclinic,,-12.727834976443987,14.256941472520637
mp-21807,unknown,unconfirmed_candidate,cubic,,-9.976741829343148,-5.00073254135903
mp-753283,0,label0,tetragonal,,2.639853362482608,-3.7175606073585
mp-14353,unknown,unconfirmed_candidate,orthorhombic,,-1.5163356398113095,-5.040069835084401
mp-20714,unknown,unconfirmed_candidate,orthorhombic,,18.60994030169648,7.439673713915642
mp-1522423,unknown,unconfirmed_candidate,tetragonal,,-6.487536487684178,-2.4600771465569355
mp-1093617,0,label0,orthorhombic,,4.5874643639268164,-5.873485297150005
mp-1247490,unknown,unconfirmed_candidate,orthorhombic,,1.5816118457450123,-2.3175311866416433
mp-4519,0,label0,trigonal,,-9.334048370764421,-2.7529091453608228
mp-769557,unknown,unconfirmed_candidate,orthorhombic,,3.937562322490317,-4.971120963724948
mp-1210615,unknown,unconfirmed_candidate,orthorhombic,,-3.7642777303193284,-5.0636586848589875
mp-1213462,unknown,unconfirmed_candidate,monoclinic,,-12.31743729566696,-2.8329497124352425
mp-1102751,0,label0,monoclinic,,-0.7130980078458613,4.564501217830134
mp-1183155,0,label0,cubic,,3.644561208780054,-0.6086652972678159
mp-706342,unknown,unconfirmed_candidate,triclinic,,-6.000947689972314,0.3862798667290157
mp-1028370,0,label0,orthorhombic,,-1.7361070409930086,0.8993582927217396
mp-849084,unknown,unconfirmed_candidate,monoclinic,,-13.214772216606683,11.280775873330207
mp-1114023,0,label0,cubic,,5.080788852650278,0.5476337484544018
mp-13323,0,label0,tetragonal,,-14.505996953993623,-5.769844280144181
mp-2240947,unknown,unconfirmed_candidate,monoclinic,,-0.678072429769724,-5.227059326977679
mp-759492,unknown,unconfirmed_candidate,monoclinic,,-15.649281929028746,9.0543441155939
mp-1183046,unknown,unconfirmed_candidate,hexagonal,,10.356445499418067,-2.1720539059075072
mp-9247,0,label0,tetragonal,,14.692971561338872,-1.2278717709774583
mp-1232069,unknown,unconfirmed_candidate,orthorhombic,,-2.708163290316133,-7.1714021384905084
mp-27557,unknown,unconfirmed_candidate,monoclinic,,-3.833835876688635,-4.343114447591512
mp-1047451,unknown,unconfirmed_candidate,monoclinic,,-14.961815133968457,14.918956613216952
mp-2230047,0,label0,triclinic,,-2.2156106741600112,-5.846408010690038
mp-1228210,unknown,unconfirmed_candidate,monoclinic,,-10.13274605368606,-0.17578323715270372
mp-1048399,unknown,unconfirmed_candidate,monoclinic,,-4.842890500749387,13.506570395287365
mp-2216821,unknown,unconfirmed_candidate,triclinic,,-5.191374030629042,-4.8045733122647185
mp-758569,unknown,unconfirmed_candidate,monoclinic,,-1.756197843329641,-1.6876536832906606
mp-759322,0,label0,triclinic,,-1.8426339174903106,-8.246534127361656
mp-849671,unknown,unconfirmed_candidate,monoclinic,,1.24268991202403,-7.61948799501152
mp-11546,0,label0,cubic,,-1.0098521014925588,-0.891046591793458
mp-1190055,unknown,unconfirmed_candidate,monoclinic,,6.546243361596181,2.425230441490715
mp-1048335,unknown,unconfirmed_candidate,monoclinic,,-4.7598910910927685,-2.4894685926876505
mp-1022808,unknown,unconfirmed_candidate,hexagonal,,-0.4807063604711601,-9.43444638527139
mp-2232107,unknown,unconfirmed_candidate,triclinic,,1.6232972731651785,1.2966369086372893
mp-1093685,0,label0,orthorhombic,,14.53142790751117,-0.541222704177482
mp-1032744,0,label0,tetragonal,,1.013865430052597,-0.77592783744144
mp-2234288,unknown,unconfirmed_candidate,triclinic,,-1.7984472822211721,-4.458882359768348
mp-1095756,0,label0,orthorhombic,,3.8997798452522066,-4.800544248467805
mp-19196,0,label0,tetragonal,,-2.2121181035119903,2.4693843673595843
mp-20512,unknown,unconfirmed_candidate,hexagonal,,13.120542862943253,3.3691974698547824
mp-1069477,0,label0,tetragonal,,9.137453706255101,3.4608174497675
mp-1031920,0,label0,tetragonal,,-1.4423895705220247,-1.4161748956504994
mp-17341,unknown,unconfirmed_candidate,monoclinic,,0.8248531488773239,-6.791847596453319
mp-607369,unknown,unconfirmed_candidate,orthorhombic,,-11.322801392870257,6.716658147374705
mp-1311690,unknown,unconfirmed_candidate,triclinic,,4.975454640900294,-5.913392427495939
mp-865900,0,label0,tetragonal,,8.101469966977149,-2.4411398647441533
mp-1401686,0,label0,monoclinic,,-7.43439247251202,10.296739129076474
mp-1121875,0,label0,triclinic,,-22.402553372575113,17.26212773600884
mp-755635,unknown,unconfirmed_candidate,cubic,,-5.297016831930282,-4.271190698408498
mp-773092,unknown,unconfirmed_candidate,monoclinic,,0.18303671072143501,-4.863083324294131
mp-758001,unknown,unconfirmed_candidate,orthorhombic,,-3.58461549055777,-7.694070627627621
mp-777522,unknown,unconfirmed_candidate,orthorhombic,,-5.758560417710786,5.663614406521354
mp-1072589,unknown,unconfirmed_candidate,orthorhombic,,1.6619278317014263,-5.7485813834298884
mp-1186499,unknown,unconfirmed_candidate,hexagonal,,9.19928864627631,9.141468914784433
mp-1096137,0,label0,orthorhombic,,17.45127968347393,-3.0982246310191073
mp-26305,0,label0,triclinic,,-6.1973036628759495,1.6290785967328354
mp-1102603,unknown,unconfirmed_candidate,orthorhombic,,6.6532419984912,-0.8001971561715351
mp-768600,unknown,unconfirmed_candidate,cubic,,-8.585677808278433,14.081641958401601
mp-685618,unknown,unconfirmed_candidate,orthorhombic,,5.554588812567706,1.2794630391206745
mp-776904,unknown,unconfirmed_candidate,orthorhombic,,6.22616404473677,17.848435947422903
mp-19307,0,label0,tetragonal,,-0.4855320488327024,-1.2827194841402747
mp-1003402,unknown,unconfirmed_candidate,monoclinic,,3.8856903689136075,19.54094022715719
mp-446,unknown,unconfirmed_candidate,tetragonal,,7.346575690060115,-0.5415702803454181
mp-545,0,label0,hexagonal,,-9.86311902568151,7.732358423163777
mp-863726,unknown,unconfirmed_candidate,cubic,,-1.2020534223016632,1.8508693025881549
mp-1175467,0,label0,triclinic,,-2.7700156043466215,-5.78330862760455
mp-2715948,unknown,unconfirmed_candidate,triclinic,,-1.32577462290433,-5.336389696360477
mp-676072,unknown,unconfirmed_candidate,tetragonal,,7.694844430947054,-0.8629102909721595
mp-1056,unknown,unconfirmed_candidate,cubic,,1.5325846703874682,-4.777646476743307
mp-850981,unknown,unconfirmed_candidate,triclinic,,8.865511612021274,9.962380125837438
mp-1106137,unknown,unconfirmed_candidate,hexagonal,,11.828284019108846,-4.496295643007768
mp-1224756,0,label0,hexagonal,,6.4499182917618505,-5.309776978263878
mp-1105830,0,label0,monoclinic,,13.19777396931143,-6.51521491291208
mp-1214980,unknown,unconfirmed_candidate,monoclinic,,1.4176279043045987,-0.8817204293504268
mp-16251,0,label0,tetragonal,,-0.0178342381495753,-0.9234430048919258
mp-696089,unknown,unconfirmed_candidate,monoclinic,,0.5833885414941449,-6.062778442379402
mp-1021210,unknown,unconfirmed_candidate,orthorhombic,,-5.605601147098223,0.5658133321982923
mp-653788,unknown,unconfirmed_candidate,monoclinic,,12.698827613845033,9.959255238546195
mp-1235343,unknown,unconfirmed_candidate,monoclinic,,3.104170854815571,-5.249985353529031
mp-1048742,unknown,unconfirmed_candidate,orthorhombic,,-0.729085276667579,15.848072991467195
mp-1183482,0,label0,cubic,,14.105420184998618,1.561498964895918
mp-1183678,0,label0,cubic,,6.157249380701144,-7.297092596501042
mp-866031,0,label0,cubic,,-1.1310128300091264,6.834101529197511
mp-1045632,0,label0,cubic,,6.600723542203204,5.778873355237028
mp-1224555,unknown,unconfirmed_candidate,orthorhombic,,4.870614255485492,-7.465650927860626
mp-1032034,0,label0,tetragonal,,-2.6807410948811103,0.3930059754270303
mp-1045790,unknown,unconfirmed_candidate,monoclinic,,-2.7376722986843376,2.023321660764168
mp-1519602,0,label0,cubic,,9.872406504492238,-0.2621993027019123
mp-1025025,unknown,unconfirmed_candidate,tetragonal,,0.21349765727889647,1.0685707199670382
mp-754919,unknown,unconfirmed_candidate,monoclinic,,1.7549751176784625,16.77693165807631
mp-1174265,0,label0,triclinic,,-2.1292836199060226,-6.108691327747824
mp-753184,unknown,unconfirmed_candidate,orthorhombic,,-15.590722150430913,3.5422157014979625
mp-1213633,unknown,unconfirmed_candidate,orthorhombic,,-3.115013402214924,-5.437736183488237
mp-1205975,0,label0,hexagonal,,2.7645728611214437,-2.3076388173098135
mp-779561,unknown,unconfirmed_candidate,monoclinic,,0.8542789284498369,0.3098801117269616
mp-1080287,unknown,unconfirmed_candidate,monoclinic,,10.198787840914564,-4.009409695013279
mp-1205891,0,label0,hexagonal,,-0.1930529175244331,3.535456430390685
mp-706225,unknown,unconfirmed_candidate,monoclinic,,-4.287169965294257,-5.113296730700828
mp-754320,unknown,unconfirmed_candidate,triclinic,,-1.4791836433712717,-3.9447192585732545
mp-672307,0,label0,hexagonal,,3.4822573704750184,1.6819172919990777
mp-976797,unknown,unconfirmed_candidate,hexagonal,,3.0988402966844326,2.570980600588495
mp-1036220,0,label0,orthorhombic,,0.695124635587149,-2.0758442562711465
mp-1196342,unknown,unconfirmed_candidate,monoclinic,,10.008685062029748,16.744637312691392
mp-999450,0,label0,trigonal,,6.7515177054497375,-4.900042235343964
mp-760125,unknown,unconfirmed_candidate,tetragonal,,-2.546958033379731,-6.400134198247365
mp-560663,0,label0,tetragonal,,3.446733886645813,-2.2538193917064326
mp-865592,0,label0,cubic,,5.6011437864820035,2.5349050069573664
mp-1200853,unknown,unconfirmed_candidate,orthorhombic,,0.25659416226287846,-4.90111210617161
mp-1040310,0,label0,tetragonal,,1.3360860843378575,-2.1600823005018377
mp-758792,unknown,unconfirmed_candidate,hexagonal,,1.448616257155173,-7.030815557427259
mp-1043813,unknown,unconfirmed_candidate,monoclinic,,0.9710875557199188,-3.669300191113816
mp-760351,unknown,unconfirmed_candidate,monoclinic,,8.202881881601934,2.634795061011573
mp-756929,0,label0,triclinic,,-5.853292292869941,1.772577416306497
mp-1199490,unknown,unconfirmed_candidate,tetragonal,,-6.814307416620146,0.5906424255260028
mp-1518116,0,label0,cubic,,-9.527434353778226,-3.4866234877590383
mp-1191524,unknown,unconfirmed_candidate,orthorhombic,,2.714602010815348,2.823468589486154
mp-1235479,unknown,unconfirmed_candidate,triclinic,,-10.365890738151581,-1.91767382620041
mp-1042259,0,label0,monoclinic,,-10.370142984260141,1.0824543422727402
mp-1247342,unknown,unconfirmed_candidate,cubic,,-1.2429146427684614,-1.144001484286921
mp-505781,0,label0,cubic,,8.73768826790661,0.1695528237588455
mp-18554,unknown,unconfirmed_candidate,cubic,,3.057416130007951,1.9185741366976288
mp-765508,0,label0,triclinic,,4.374129345746697,6.062199392044629
mp-720286,unknown,unconfirmed_candidate,orthorhombic,,0.31521661839098414,-3.9877509450896635
mp-850211,unknown,unconfirmed_candidate,triclinic,,2.795725932929134,-6.647020453488203
mp-1210668,unknown,unconfirmed_candidate,hexagonal,,-6.186359690263753,4.4281224048691
mp-530564,unknown,unconfirmed_candidate,orthorhombic,,8.908417438663896,10.236741983708352
mp-1212339,unknown,unconfirmed_candidate,orthorhombic,,1.8941261852873197,1.9821846685351012
mp-2231159,unknown,unconfirmed_candidate,triclinic,,6.16824766815704,1.5322088790765065
mp-977382,0,label0,cubic,,14.599281051381626,5.543063555437836
mp-1022069,unknown,unconfirmed_candidate,orthorhombic,,1.265816746878759,-4.9191644123173734
mp-1014565,unknown,unconfirmed_candidate,orthorhombic,,2.850846105724351,4.1727007208996945
mp-1003485,0,label0,monoclinic,,-7.278210889454584,5.220515433317246
mp-1406172,0,label0,monoclinic,,0.15306698899284044,-0.24121213801346997
mp-760056,unknown,unconfirmed_candidate,monoclinic,,-3.438542732392172,1.8426866857084399
mp-1302089,unknown,unconfirmed_candidate,monoclinic,,6.560479901319567,3.321380621090256
mp-1520387,unknown,unconfirmed_candidate,orthorhombic,,-6.982835842318234,-4.300966794635716
mp-22938,unknown,unconfirmed_candidate,orthorhombic,,15.989984175476314,6.121924385283471
mp-1246971,unknown,unconfirmed_candidate,monoclinic,,2.39236448183291,-2.3562855271168104
mp-635460,0,label0,cubic,,2.815344675604379,1.9310301338686244
mp-759756,unknown,unconfirmed_candidate,orthorhombic,,10.620054365652953,9.105656575026114
mp-776330,unknown,unconfirmed_candidate,orthorhombic,,-0.49585377732726954,-5.322496447658221
mp-1246314,0,label0,trigonal,,2.290261077534275,-6.372218426865345
mp-554973,0,label0,tetragonal,,1.2341474347602848,-2.727872505768925
mp-19053,0,label0,cubic,,-0.8749198958336777,2.783423936211946
mp-1223332,unknown,unconfirmed_candidate,tetragonal,,2.3618837591640798,-1.0279237262605534
mp-767515,unknown,unconfirmed_candidate,triclinic,,-9.53154438333626,-3.1093330021311107
mp-1218210,unknown,unconfirmed_candidate,monoclinic,,-2.7639169939274737,-0.4949149410255558
mp-1114020,0,label0,cubic,,4.395997580464622,-0.7895266220517954
mp-1234199,unknown,unconfirmed_candidate,triclinic,,4.72677653488657,2.915235296082038
mp-758377,unknown,unconfirmed_candidate,orthorhombic,,-5.771768301058952,-3.3525144389614816
mp-1351269,unknown,unconfirmed_candidate,triclinic,,2.413585135895783,-0.9199755740219793
mp-697974,0,label0,triclinic,,0.47072409587267927,-4.554742895062557
mp-1216472,unknown,unconfirmed_candidate,trigonal,,3.2430863813099577,-0.5086975990039164
mp-1105140,unknown,unconfirmed_candidate,tetragonal,,-13.144036044656268,5.1400960503374336
mp-972454,unknown,unconfirmed_candidate,orthorhombic,,2.78446143185732,5.624982716339982
mp-781235,unknown,unconfirmed_candidate,triclinic,,-19.20316258437444,5.3720603125758934
mp-1176389,unknown,unconfirmed_candidate,orthorhombic,,1.978365760610643,-6.343984365821106
mp-772931,unknown,unconfirmed_candidate,triclinic,,-4.241781822722665,-2.1202749470526943
mp-1200215,0,label0,triclinic,,-0.9648004452761612,-5.952556927527338
mp-778879,unknown,unconfirmed_candidate,triclinic,,6.706688204199212,3.9948038209468493
mp-1225031,unknown,unconfirmed_candidate,monoclinic,,-1.0848451809511097,-5.4604956270646685
mp-1223384,unknown,unconfirmed_candidate,monoclinic,,-6.231634355376045,-0.002850141924582772
mp-582826,0,label0,orthorhombic,,11.245943584744563,2.303443146617255
mp-1202320,unknown,unconfirmed_candidate,monoclinic,,-24.471316024243272,15.079725745596416
mp-754377,0,label0,orthorhombic,,-1.0987194367828863,-5.528528594748025
mp-19285,unknown,unconfirmed_candidate,hexagonal,,-9.063658122945942,-6.129985479386601
mp-1185985,0,label0,cubic,,2.7771114398756644,-3.8671446082016523
mp-1235709,unknown,unconfirmed_candidate,triclinic,,-6.561123647084916,-3.709758534879116
mp-1186929,0,label0,cubic,,12.79843290364595,-4.878856865241911
mp-1195294,unknown,unconfirmed_candidate,orthorhombic,,4.860773303470813,-5.042365910364683
mp-772835,0,label0,monoclinic,,-5.86240303405086,-2.0044397222504546
mp-862765,0,label0,orthorhombic,,2.3578147223446315,0.6244053228854831
mp-768850,unknown,unconfirmed_candidate,triclinic,,-5.418950544532507,-1.7529254175263862
mp-1076184,unknown,unconfirmed_candidate,triclinic,,6.991536791248935,-0.9549528904881903
mp-1173577,unknown,unconfirmed_candidate,triclinic,,-21.11304743892311,1.5146914461966219
mp-1213012,unknown,unconfirmed_candidate,orthorhombic,,-1.0140883416920587,-5.268200780753096
mp-7827,unknown,unconfirmed_candidate,monoclinic,,1.9494355445001617,0.7064641355681403
mp-1045998,0,label0,tetragonal,,-9.346643710511504,4.859910391058488
mp-767573,0,label0,monoclinic,,-2.325566365366374,-2.908166175817529
mp-1147722,0,label0,tetragonal,,-9.249906161347862,17.846744896883745
mp-776026,unknown,unconfirmed_candidate,tetragonal,,-4.462023549799859,8.203042050656496
mp-861498,0,label0,cubic,,5.807547558452036,6.386092392410884
mp-950,unknown,unconfirmed_candidate,cubic,,-2.840523847676028,-0.5418138597208397
mp-1212699,unknown,unconfirmed_candidate,triclinic,,-3.9815857575010085,-6.765776964989277
mp-1147685,unknown,unconfirmed_candidate,monoclinic,,4.114261355850669,-4.430816218384738
mp-1208439,unknown,unconfirmed_candidate,monoclinic,,-19.734192292673498,23.862980838944
mp-569082,0,label0,cubic,,14.315209048631298,-1.8095875001560238
mp-755567,unknown,unconfirmed_candidate,tetragonal,,14.705068098922897,12.35286963078439
mp-864769,unknown,unconfirmed_candidate,cubic,,4.405088145986108,0.5652956820186681
mp-759994,unknown,unconfirmed_candidate,monoclinic,,-3.640431788656734,0.35865412301521715
mp-37331,unknown,unconfirmed_candidate,tetragonal,,1.9692701341831977,4.222514705651957
mp-1208803,0,label0,tetragonal,,10.857427086836726,1.7067042726976673
mp-505536,0,label0,tetragonal,,0.48116773706393445,10.318745148057637
mp-1021314,unknown,unconfirmed_candidate,orthorhombic,,-3.763132048918049,-2.635531001071614
mp-532289,unknown,unconfirmed_candidate,orthorhombic,,2.949941486913982,-4.140896562342597
mp-22025,unknown,unconfirmed_candidate,triclinic,,-14.232210777564006,7.788448025058663
mp-1188258,unknown,unconfirmed_candidate,orthorhombic,,11.6716272232266,3.294783536030497
mp-768098,unknown,unconfirmed_candidate,triclinic,,-2.5259489267459045,3.7739199772212295
mp-1244936,unknown,unconfirmed_candidate,triclinic,,-7.1438504194784045,1.9628482409491745
mp-1031345,0,label0,tetragonal,,-4.98996593804684,2.855151417672449
mp-862841,unknown,unconfirmed_candidate,cubic,,6.4593742744237375,2.639750918322484
mp-710070,unknown,unconfirmed_candidate,monoclinic,,-8.02633565454784,-6.275984001623437
mp-1047292,unknown,unconfirmed_candidate,tetragonal,,-33.37703848030506,16.26598981334251
mp-1232160,0,label0,monoclinic,,-0.5186625164843406,-8.37554532243259
mp-16000,unknown,unconfirmed_candidate,trigonal,,3.2574614501757075,1.0609089744785116
mp-744187,unknown,unconfirmed_candidate,triclinic,,-5.91847497880017,-0.12938208718403743
mp-21310,unknown,unconfirmed_candidate,orthorhombic,,11.09029337347055,4.742964601075663
mp-1022117,unknown,unconfirmed_candidate,orthorhombic,,-1.0103194051330853,4.588138272236684
mp-1522970,unknown,unconfirmed_candidate,cubic,,-13.76439400369366,-5.6744952842314795
mp-556152,unknown,unconfirmed_candidate,trigonal,,-3.0942765740649953,-2.7353762345111363
mp-1040954,unknown,unconfirmed_candidate,orthorhombic,,-9.69920247389901,4.4571927433795615
mp-1175450,0,label0,monoclinic,,-3.127912491040224,-5.259297870214201
mp-7124,unknown,unconfirmed_candidate,orthorhombic,,11.184528310317432,6.737328797142908
mp-1187989,unknown,unconfirmed_candidate,hexagonal,,3.476465045446224,17.205034390927846
mp-777640,unknown,unconfirmed_candidate,monoclinic,,8.008330693726363,3.252133026681662
mp-694189,unknown,unconfirmed_candidate,monoclinic,,14.931707240277408,5.61337906593733
mp-760391,unknown,unconfirmed_candidate,triclinic,,4.938484595149733,6.088418980105747
mp-12734,0,label0,hexagonal,,-6.684250994573464,2.379123771924867
mp-1002569,unknown,unconfirmed_candidate,orthorhombic,,-9.565013520408503,10.105807155522843
mp-1038358,0,label0,tetragonal,,1.5253632180936805,-1.4097972462202861
mp-1214594,unknown,unconfirmed_candidate,tetragonal,,2.4102831892027794,-7.60108702576637
mp-1222001,0,label0,trigonal,,13.216715017215385,5.965279980686134
mp-1225591,unknown,unconfirmed_candidate,orthorhombic,,0.5717678778804718,-7.523830678074333
mp-774926,unknown,unconfirmed_candidate,monoclinic,,-1.7355253051185109,-6.428844853803438
mp-1026900,0,label0,orthorhombic,,-0.5040180050495984,-2.7537386051395885
mp-3595,unknown,unconfirmed_candidate,tetragonal,,-0.8038973140845442,0.9141347422848547
mp-1228066,0,label0,tetragonal,,2.5661908039464336,-5.909213345859419
mp-1228084,0,label0,orthorhombic,,4.424361597355144,-5.627984854004044
mp-1802603,0,label0,triclinic,,-2.3702927098037847,-9.017334830243703
mp-769039,unknown,unconfirmed_candidate,trigonal,,-6.240642218764236,-8.47519104307018
mp-685403,unknown,unconfirmed_candidate,triclinic,,-5.428062035833456,5.493144581147341
mp-17666,unknown,unconfirmed_candidate,orthorhombic,Nd,-10.920899699958635,-1.9743747288830402
mp-1111895,0,label0,cubic,,7.543893410442285,-4.247280912858063
mp-3129,0,label0,orthorhombic,,13.126175791568517,3.4857962807397307
mp-2229345,unknown,unconfirmed_candidate,monoclinic,,-3.269575340932832,-3.374600761964402
mp-1333053,unknown,unconfirmed_candidate,triclinic,,4.37049791755982,3.420155938210403
mp-20002,0,label0,tetragonal,,0.8259803566043828,-3.337050819242018
mp-1203504,unknown,unconfirmed_candidate,monoclinic,,-2.0864543980647348,-1.4741783424246577
mp-979261,0,label0,monoclinic,,0.3556204463934023,-1.8728179672704073
mp-558650,unknown,unconfirmed_candidate,monoclinic,,-3.8155162144034733,-6.295859185528492
mp-867741,unknown,unconfirmed_candidate,monoclinic,,-1.033166690194136,-3.1201347537861963
mp-1207287,0,label0,tetragonal,,2.564002640669404,-1.4803071873424418
mp-756470,0,label0,monoclinic,,-4.947711167702494,-3.425075593399546
mp-765576,0,label0,monoclinic,,-1.0169081895143464,-0.4032271236582261
mp-1179810,0,label0,monoclinic,,-7.748268861087741,3.6855935775990964
mp-541104,unknown,unconfirmed_candidate,orthorhombic,,-15.631922067401582,3.1601862333058293
mp-774776,unknown,unconfirmed_candidate,triclinic,,-3.076966544747698,3.768775979042431
mp-1207301,0,label0,tetragonal,,-1.2588399256451943,5.039777911589873
mp-1043680,unknown,unconfirmed_candidate,monoclinic,,-0.4519957486361186,-6.81413774328608
mp-753985,unknown,unconfirmed_candidate,monoclinic,,-7.299344419725752,7.058375255531555
mp-613327,unknown,unconfirmed_candidate,tetragonal,,-12.586077466859592,4.04293358930725
mp-1223517,unknown,unconfirmed_candidate,orthorhombic,,13.28776746231403,3.582210653547527
mp-754958,0,label0,cubic,,-0.14691002476526194,-2.1529936521287603
mp-1201785,unknown,unconfirmed_candidate,monoclinic,,-4.223561043980482,-2.741631121410304
mp-765992,unknown,unconfirmed_candidate,monoclinic,,4.2262381535288736,-5.875867411625556
mp-760195,unknown,unconfirmed_candidate,triclinic,,-1.3362751689404284,5.288451129995423
mp-1099324,0,label0,orthorhombic,,-4.133474336166522,5.307326524264024
mp-1188518,unknown,unconfirmed_candidate,orthorhombic,,-3.830596775905665,8.331351598663105
mp-1208331,unknown,unconfirmed_candidate,orthorhombic,,14.375533400301162,6.703332892990897
mp-2562,unknown,unconfirmed_candidate,hexagonal,,4.708380612648181,-8.715566959748184
mp-1025206,unknown,unconfirmed_candidate,tetragonal,,-2.4803493562018843,1.8069703099675145
mp-21869,0,label0,tetragonal,,2.0824329059986937,-0.44325309543643243
mp-1105120,0,label0,trigonal,,-9.747486573536396,-6.862025883909297
mp-2231109,unknown,unconfirmed_candidate,triclinic,,1.3191190395185188,4.047109149451703
mp-867665,unknown,unconfirmed_candidate,monoclinic,,12.168270872078292,8.008555807798547
mp-1251,unknown,unconfirmed_candidate,tetragonal,,2.0807389507999936,-0.30305966545549623
mp-752737,unknown,unconfirmed_candidate,trigonal,,7.957094346314147,0.9739349940331294
mp-1184526,0,label0,cubic,,2.95271535918452,9.478650036590185
mp-1182074,0,label0,monoclinic,,-19.94806068760164,23.813567981124944
mp-1102425,unknown,unconfirmed_candidate,orthorhombic,,10.71387015974486,-1.7983437867316479
mp-752932,unknown,unconfirmed_candidate,monoclinic,,0.8310012076417017,-5.784411044978002
mp-18713,unknown,unconfirmed_candidate,orthorhombic,,6.675727189381545,-6.6242785219974
mp-559795,unknown,unconfirmed_candidate,triclinic,,-1.716170087453925,-3.4777001911948258
mp-862965,0,label0,cubic,,5.094011907190811,-4.977540239483387
mp-1184813,0,label0,cubic,,-6.198358932500028,1.6193271067691875
mp-1197510,unknown,unconfirmed_candidate,orthorhombic,,0.4604976925052888,4.68871562447865
mp-1186010,0,label0,hexagonal,,7.130571720947774,-6.12591614550043
mp-1247686,unknown,unconfirmed_candidate,tetragonal,,-7.844384932624777,13.994291190454625
mp-1234235,unknown,unconfirmed_candidate,triclinic,,-11.038971699824401,5.430911310872936
mp-1210515,unknown,unconfirmed_candidate,monoclinic,,-7.166305145039452,-9.602291394125288
mp-1209969,0,label0,cubic,,4.640272482801581,0.27544444669864276
mp-1182135,unknown,unconfirmed_candidate,monoclinic,,-3.949165128172595,0.9873133137631243
mp-1235716,unknown,unconfirmed_candidate,monoclinic,,0.26543112350701037,-4.88562208622116
mp-2230868,unknown,unconfirmed_candidate,orthorhombic,,1.023157710937511,-4.235128573239621
mp-698475,0,label0,hexagonal,,0.460971132972702,-2.8166313083018153
mp-1226088,unknown,unconfirmed_candidate,monoclinic,,6.827438272553067,0.4534516293579536
mp-1227208,unknown,unconfirmed_candidate,orthorhombic,,-19.72046806029993,-5.035849969183996
mp-752984,unknown,unconfirmed_candidate,monoclinic,,-0.791323362276728,3.172503539065186
mp-2240805,0,label0,monoclinic,,-8.792993933504889,3.5115995332131114
mp-1048252,0,label0,monoclinic,,-4.1225184047451116,4.352045062569172
mp-1181961,unknown,unconfirmed_candidate,monoclinic,,-13.759331364471628,11.636668999439621
mp-1206929,0,label0,tetragonal,,0.9502899057460361,-4.189205526603265
mp-1147555,0,label0,tetragonal,,12.389692989081539,0.2877134164488915
mp-557346,unknown,unconfirmed_candidate,trigonal,,-3.094102713338664,-2.730349847851185
mp-1094356,unknown,unconfirmed_candidate,monoclinic,,2.052893929324238,0.5074814235492795
mp-849741,unknown,unconfirmed_candidate,orthorhombic,,3.6092425889273905,7.4186848021580545
mp-1062510,0,label0,tetragonal,,2.0797448314810794,-0.7608271150755854
mp-1518195,0,label0,cubic,,-22.393910514693175,11.145052661616276
mp-510531,unknown,unconfirmed_candidate,tetragonal,,-6.86187819838619,-6.471217481234362
mp-867894,unknown,unconfirmed_candidate,cubic,,-4.055088337680321,4.806971999599384
mp-25991,unknown,unconfirmed_candidate,monoclinic,,-0.48602546774515076,5.91598949960029
mp-1003,unknown,unconfirmed_candidate,orthorhombic,,11.203353364691162,-0.4513005901771052
mp-1008875,unknown,unconfirmed_candidate,cubic,,6.331340838587412,-8.938776518997347
mp-1314570,unknown,unconfirmed_candidate,triclinic,,-1.6137855125094482,-7.20132060780089
mp-2219139,0,label0,triclinic,,-6.118493042872821,-5.144555390834256
mp-1036102,0,label0,orthorhombic,,1.233262167776843,-1.0368043548379084
mp-2365577,0,label0,monoclinic,,-2.200526864360409,3.9675004263984412
mp-1173964,unknown,unconfirmed_candidate,monoclinic,,3.2592433991189544,-7.198028915431282
mp-11294,0,label0,hexagonal,,2.9220824290787206,0.3874714950221865
mp-1178520,unknown,unconfirmed_candidate,tetragonal,,-12.324030686529856,12.423586941786116
mp-1224907,unknown,unconfirmed_candidate,orthorhombic,,-10.245946867262766,3.542689538398079
mp-758287,unknown,unconfirmed_candidate,monoclinic,,-2.1714592699586746,-3.121639140323989
mp-1198410,unknown,unconfirmed_candidate,monoclinic,,-9.029812185307513,-9.474781224131416
mp-867915,unknown,unconfirmed_candidate,cubic,,6.220743059042533,-5.893834653117432
mp-1237566,0,label0,triclinic,,-4.3082700874746145,0.09288709252234284
mp-2231589,unknown,unconfirmed_candidate,triclinic,,-2.7591625677151406,-3.1237323542357505
mp-1203095,unknown,unconfirmed_candidate,monoclinic,,-3.851133320308051,0.37123320579372887
mp-1023633,0,label0,hexagonal,,-6.847895184443125,3.5526418431778595
mp-540658,unknown,unconfirmed_candidate,monoclinic,Fe,-1.1161984626676684,-1.8694370384349277
mp-1027829,0,label0,orthorhombic,,-0.7031422522085222,-1.6725421207251436
mp-1285188,unknown,unconfirmed_candidate,monoclinic,,-14.694988503234363,15.84059760774878
mp-1212967,unknown,unconfirmed_candidate,cubic,,9.738155556245122,4.593420177111888
mp-1079717,unknown,unconfirmed_candidate,tetragonal,,21.34521837407002,10.684348452045441
mp-1197081,unknown,unconfirmed_candidate,triclinic,,0.4328386256539787,-2.0890879651274403
mp-1097414,0,label0,orthorhombic,,10.553511616756479,-1.7146403576649671
mp-1035267,0,label0,tetragonal,,1.6056023543684503,-2.1372366244858423
mp-1028337,0,label0,hexagonal,,-0.3496837594144466,-1.4426958362286175
mp-1190627,0,label0,monoclinic,,-3.8562369923520343,-4.269642345062287
mp-2227032,unknown,unconfirmed_candidate,triclinic,,4.766632286816003,21.86483337343844
mp-20979,0,label0,hexagonal,,3.8002827574015683,-1.2866504107145023
mp-541856,0,label0,hexagonal,,4.354469115577816,1.039605768355738
mp-850910,unknown,unconfirmed_candidate,cubic,,-5.136952570918666,0.10366535991884973
mp-1068775,0,label0,tetragonal,,9.854446920645827,8.220619679784463
mp-11291,0,label0,tetragonal,,11.062999082714947,-1.4997606720420844
mp-2230903,unknown,unconfirmed_candidate,triclinic,,1.5118476446641154,5.465839179400447
mp-1185174,0,label0,cubic,,11.635943288239055,-3.67487015299794
mp-2228824,unknown,unconfirmed_candidate,triclinic,,-0.2699407016222608,5.853236823982311
mp-4107,unknown,unconfirmed_candidate,hexagonal,,1.7937908117146364,-1.290879882904866
mp-2217929,0,label0,trigonal,,-6.468772972415604,3.003083022954492
mp-1147756,0,label0,tetragonal,,0.5830610043529276,-2.3448039666089926
mp-695286,0,label0,triclinic,,-1.4440129357672014,-3.2085045927832017
mp-1079627,0,label0,trigonal,,-4.054319327081959,-5.528976065768973
mp-1918,0,label0,cubic,,5.40121557846072,3.14683002572923
mp-779528,unknown,unconfirmed_candidate,monoclinic,,0.843726585755018,0.32027707983605325
mp-2234085,unknown,unconfirmed_candidate,trigonal,,6.646483421451061,5.647079877903433
mp-510080,unknown,unconfirmed_candidate,orthorhombic,,6.307722063678863,-6.303153916166121
mp-1233213,unknown,unconfirmed_candidate,monoclinic,,-3.2502072733905507,1.4628276701203653
mp-862424,0,label0,cubic,,5.665145520105437,-3.57620629685222
mp-1097708,0,label0,triclinic,,15.963945370094317,-0.10448816532383631
mp-21153,unknown,unconfirmed_candidate,orthorhombic,,7.876900820706128,2.432734045068951
mp-755618,0,label0,triclinic,,-2.9078534473672413,0.7025451248076209
mp-1213225,unknown,unconfirmed_candidate,tetragonal,,0.5353670146010963,0.26365209216251273
mp-1362276,unknown,unconfirmed_candidate,monoclinic,,-7.207423908193601,-3.769453552437419
mp-1037884,0,label0,tetragonal,,2.0730014119617337,-2.418936976277857
mp-978911,0,label0,cubic,,4.4222783483795585,12.91943592832284
mp-1096917,unknown,unconfirmed_candidate,orthorhombic,,2.1101630810377863,4.9541397342134985
mp-1191685,unknown,unconfirmed_candidate,orthorhombic,,-16.05077445979299,0.39758757594444205
mp-21877,unknown,unconfirmed_candidate,orthorhombic,,-1.3445889772247028,9.626879222192219
mp-772564,unknown,unconfirmed_candidate,monoclinic,,-2.5186565403848036,-3.223858914473844
mp-1096969,0,label0,trigonal,,0.5548261534863101,9.33025406168285
mp-1236230,unknown,unconfirmed_candidate,triclinic,,3.5407286754912235,5.5656215268718086
mp-2228498,unknown,unconfirmed_candidate,monoclinic,,-15.053066326906858,8.325069134374608
mp-1062206,0,label0,trigonal,,-6.619146986687664,1.5888401948314268
mp-1185452,0,label0,cubic,,11.169397453815495,-4.3312445268259605
mp-1521845,0,label0,cubic,,-0.992204040025559,-0.5479392345925795
mp-1208050,unknown,unconfirmed_candidate,orthorhombic,,6.155303923825519,8.315439345990907
mp-1233186,unknown,unconfirmed_candidate,trigonal,,-1.532908254542857,-3.5537678838890585
mp-1008927,0,label0,tetragonal,,0.531146359915855,6.547869168221347
mp-1012670,unknown,unconfirmed_candidate,cubic,,-1.2118088288418072,-5.800493003704849
mp-1213047,unknown,unconfirmed_candidate,orthorhombic,,-7.244883110297806,-4.526844562824239
mp-865308,0,label0,cubic,,-0.7474244321773931,-4.20662282576556
mp-1225400,unknown,unconfirmed_candidate,trigonal,,-5.477551600863329,-2.029118181929393
mp-1215446,unknown,unconfirmed_candidate,trigonal,,-1.7083996266786237,-1.7263601497256928
mp-999517,unknown,unconfirmed_candidate,hexagonal,,2.9348370986312915,-5.495291536917321
mp-752708,unknown,unconfirmed_candidate,monoclinic,,-8.991000422449702,5.282678421710521
mp-1183297,0,label0,hexagonal,,10.920148349081012,-5.139240686341884
mp-2715602,unknown,unconfirmed_candidate,triclinic,,1.863575204905647,-3.2572636106668487
mp-677283,0,label0,trigonal,,-20.741951512517332,9.349742707812034
mp-1183037,0,label0,cubic,,16.1430857733582,-3.5200433644130964
mp-11259,0,label0,cubic,,5.9767911264642155,-3.102538587697479
mp-1236024,unknown,unconfirmed_candidate,triclinic,,9.691629041620237,-2.232272787895436
mp-18130,unknown,unconfirmed_candidate,monoclinic,,-10.749417855586668,-6.754123638129613
mp-1246535,0,label0,trigonal,,-8.901232202134167,-4.226527389187282
mp-776428,unknown,unconfirmed_candidate,monoclinic,,-5.420817133997261,6.146503054226017
mp-770362,unknown,unconfirmed_candidate,monoclinic,,-9.112983668582206,-5.263025747933558
mp-1211170,unknown,unconfirmed_candidate,monoclinic,,-5.139787030612073,-2.024015325366827
mp-1226938,unknown,unconfirmed_candidate,monoclinic,,7.460877672517089,-1.500059806190178
mp-2218474,0,label0,triclinic,,-9.342804665868183,-2.6640347228490224
mp-697726,0,label0,triclinic,,-0.49719533982970887,-2.9258880506519453
mp-1147666,unknown,unconfirmed_candidate,orthorhombic,,-1.6317311328025497,-2.4623462781969536
mp-1174048,0,label0,monoclinic,,-2.404489788724529,-6.979041429824823
mp-569404,unknown,unconfirmed_candidate,monoclinic,,6.542038483301948,-4.269854349609359
mp-1043944,unknown,unconfirmed_candidate,monoclinic,,-13.536734672413957,1.9027722741142625
mp-1221221,unknown,unconfirmed_candidate,trigonal,,-0.9107830846329712,-5.49010686543301
mp-1068,unknown,unconfirmed_candidate,cubic,,-14.155395921750852,-0.19450567944565123
mp-1223957,0,label0,orthorhombic,,-10.951590191786309,4.024544917348273
mp-2715783,unknown,unconfirmed_candidate,monoclinic,,0.5485820273330049,-4.3462087303334105
mp-852643,unknown,unconfirmed_candidate,triclinic,,-13.927528499384422,2.1191116435804176
mp-22113,unknown,unconfirmed_candidate,orthorhombic,,-4.709736928652777,8.174581314404143
mp-18800,unknown,unconfirmed_candidate,orthorhombic,,-14.85373670828836,9.999904183064459
mp-1206955,0,label0,cubic,,9.047885103819834,2.256021326609215
mp-541853,0,label0,cubic,,8.656655243814159,-5.893964678677065
mp-1178903,unknown,unconfirmed_candidate,monoclinic,V,7.276106435933297,0.07945361579440302
mp-1217824,0,label0,trigonal,,13.117414928603097,4.4240003047724485
mp-757857,unknown,unconfirmed_candidate,orthorhombic,,0.11537904551564537,1.674099237892971
mp-1043741,unknown,unconfirmed_candidate,orthorhombic,,-0.2624339267751985,4.199954982991255
mp-26045,unknown,unconfirmed_candidate,monoclinic,,2.416335485822728,-5.0305139081772285
mp-1239312,unknown,unconfirmed_candidate,triclinic,,-4.949369493830172,0.928087473227265
mp-1217475,0,label0,trigonal,,-12.677345944912144,4.9632336596621975
mp-1186966,0,label0,cubic,,8.95301140158663,-0.9209806552658186
mp-1228310,0,label0,cubic,,-8.75915788003044,-7.396977477997584
mp-752646,unknown,unconfirmed_candidate,triclinic,,-2.461018012664134,-3.1439060319677914
mp-1217068,0,label0,hexagonal,,7.240959809342662,-1.0751219149612652
mp-1096523,0,label0,monoclinic,,10.394066836408284,-1.521839624815854
mp-546989,unknown,unconfirmed_candidate,orthorhombic,,-10.456647212250775,-8.283603836095889
mp-1189242,unknown,unconfirmed_candidate,orthorhombic,,-0.49524415173601,-5.779317223655735
mp-1097554,0,label0,orthorhombic,,-7.763222353991694,-2.6006416536034074
mp-1078703,unknown,unconfirmed_candidate,trigonal,,-0.47126466215311424,1.7285572359842156
mp-756904,0,label0,triclinic,,-8.686795726637992,3.959580215136697
mp-1178327,unknown,unconfirmed_candidate,orthorhombic,,5.555382005364416,-6.382401758141086
mp-709039,unknown,unconfirmed_candidate,monoclinic,,1.753692440725711,-1.2463380752662054
mp-1221001,unknown,unconfirmed_candidate,monoclinic,,5.136226293744981,17.475493685478643
mp-2230306,unknown,unconfirmed_candidate,triclinic,,7.090858956581867,3.9268633927353562
mp-1200286,unknown,unconfirmed_candidate,monoclinic,,-1.2338992687714203,-3.4900166989178842
mp-1201207,unknown,unconfirmed_candidate,monoclinic,,-6.854181341761958,-1.9016657135052721
mp-2712942,unknown,unconfirmed_candidate,monoclinic,,-2.8374937672335747,-5.227034905831413
mp-29637,unknown,unconfirmed_candidate,trigonal,,5.587167757574219,-5.651409526818382
mp-1027787,0,label0,hexagonal,,-3.341106446772894,1.9023089751834412
mp-20275,0,label0,cubic,,5.039214927477763,-2.7372825904821543
mp-505623,unknown,unconfirmed_candidate,cubic,,-3.6378233583046047,-3.2935690194519616
mp-1868908,0,label0,monoclinic,,7.33219610316112,10.250805105263243
mp-1197223,0,label0,triclinic,,2.531095639325404,-4.569526771171521
mp-1076014,unknown,unconfirmed_candidate,orthorhombic,,5.557867474883446,2.572797931982727
mp-1221772,unknown,unconfirmed_candidate,monoclinic,,-12.350876357647675,-3.070787254697553
mp-642279,unknown,unconfirmed_candidate,cubic,,17.325678197485928,7.831536095302269
mp-2619,unknown,unconfirmed_candidate,hexagonal,,20.52202527204444,10.369266496749972
mp-1196098,unknown,unconfirmed_candidate,monoclinic,,-1.058330388480563,-3.634161305079889
mp-1024985,0,label0,orthorhombic,,4.632187023979075,1.9663457871885086
mp-1281666,unknown,unconfirmed_candidate,triclinic,,-7.313687130751852,-3.439538810987683
mp-36915,unknown,unconfirmed_candidate,monoclinic,,0.4089904508312898,-1.4797142793792073
mp-1096312,0,label0,tetragonal,,5.0480405676001325,-3.4069800680590188
mp-753932,0,label0,triclinic,,2.439526187769463,-8.125070504677181
mp-1210748,0,label0,hexagonal,,9.482496448547748,-4.239985310537017
mp-1697,0,label0,cubic,,1.4441101766700086,7.6076992301185165
mp-570934,0,label0,orthorhombic,,-0.08325221554909135,1.7622688772964459
mp-972069,0,label0,tetragonal,,5.379794269959877,-2.7102913528365136
mp-2230454,unknown,unconfirmed_candidate,triclinic,,-1.6031198167227103,1.3182996450719386
mp-555568,unknown,unconfirmed_candidate,orthorhombic,,-0.49537650939627653,-0.028797274368550063
mp-1096334,0,label0,orthorhombic,,2.7158614398927874,-4.413215001085318
mp-780941,unknown,unconfirmed_candidate,triclinic,,-4.948361434489996,-3.5037141156328175
mp-1522159,0,label0,cubic,,-2.968842260738679,-5.674625987476102
mp-1104319,unknown,unconfirmed_candidate,tetragonal,,-10.250518035193277,4.0374809428943585
mp-1190399,unknown,unconfirmed_candidate,monoclinic,,1.5695020221075424,-3.4429572439088094
mp-695946,0,label0,tetragonal,,-6.283281782017333,0.9304260175652992
mp-1080515,0,label0,orthorhombic,,0.11180224358020396,10.906516958201504
mp-1184385,0,label0,cubic,,14.277910597804148,1.2164855878954839
mp-1247227,unknown,unconfirmed_candidate,monoclinic,,6.431238702602302,0.4911339402663053
mp-1220093,0,label0,monoclinic,,-1.098101073073007,0.49741357835436517
mp-679991,unknown,unconfirmed_candidate,orthorhombic,,-1.2688089293022173,-2.15301793647871
mp-796077,0,label0,triclinic,,-6.01763648215498,-4.876414949682582
mp-1045491,unknown,unconfirmed_candidate,orthorhombic,,-6.77487412460933,12.020006589218333
mp-31126,0,label0,triclinic,,-4.286526388266136,-5.890458405790039
mp-558159,unknown,unconfirmed_candidate,orthorhombic,,-3.664619898347773,-6.890937499112434
mp-2241358,0,label0,monoclinic,,0.6598978974354388,-0.6322985830269268
mp-772190,unknown,unconfirmed_candidate,monoclinic,,2.7381705384998583,-7.665024171886287
mp-1034035,0,label0,tetragonal,,0.8987941128835644,-1.506388621281026
mp-1372888,0,label0,triclinic,,0.6018540888779569,-0.4471689017762088
mp-780401,unknown,unconfirmed_candidate,cubic,,-1.1435200778947454,-6.297733170428716
mp-850203,unknown,unconfirmed_candidate,orthorhombic,,0.2759535672587816,-3.673599538460472
mp-2242231,unknown,unconfirmed_candidate,triclinic,,1.2395223471240087,0.7599319788765229
mp-1227043,0,label0,trigonal,,3.1624996283145386,-4.051828185401071
mp-1147706,0,label0,trigonal,,-6.065579144899903,-6.747280877060261
mp-2219305,unknown,unconfirmed_candidate,monoclinic,,-1.9206604901911923,-4.49317375189891
mp-547517,0,label0,tetragonal,,15.178079155185305,4.14018392124002
mp-1041451,unknown,unconfirmed_candidate,tetragonal,,-5.521208960130153,-7.850940598494407
mp-690521,0,label0,triclinic,,-0.6656614353612014,-3.2932343943826723
mp-1025468,unknown,unconfirmed_candidate,monoclinic,,10.594055537733343,-4.0465100670640854
mp-28770,0,label0,monoclinic,,6.845453030762318,18.028754906230144
mp-1006617,0,label0,triclinic,,-1.9649072683946862,-6.824278342310363
mp-504102,unknown,unconfirmed_candidate,trigonal,,-6.983926505978701,5.031693932088206
mp-776731,unknown,unconfirmed_candidate,triclinic,,-3.6019732907207462,-2.2783894432000764
mp-975160,0,label0,trigonal,,-7.923744997387548,-0.3572269702992976
mp-1213067,unknown,unconfirmed_candidate,orthorhombic,,-8.05093428653755,-0.6592270185029392
mp-8911,0,label0,orthorhombic,,-1.1925761805752302,-5.5964267693546255
mp-861479,0,label0,cubic,,2.2508145267927198,1.6463647326143018
mp-688785,unknown,unconfirmed_candidate,triclinic,,-10.173454155082265,1.7841845275028447
mp-568620,unknown,unconfirmed_candidate,monoclinic,,-0.5979611278792163,7.3883315349413365
mp-865195,0,label0,cubic,,-2.4168951999995727,2.1644823805264295
mp-1245005,unknown,unconfirmed_candidate,triclinic,,-24.807579546765773,1.0065237740074373
mp-774516,0,label0,triclinic,,-0.0727286238822451,-4.244150007411687
mp-765725,0,label0,triclinic,,-2.1572077047756366,-3.559926756536088
mp-1103799,unknown,unconfirmed_candidate,monoclinic,,13.813311975386426,-0.318686857266929
mp-763358,unknown,unconfirmed_candidate,monoclinic,,18.911210029501692,19.66485939469806
mp-1189729,0,label0,triclinic,,2.8872173960576504,4.323163564114157
mp-16821,unknown,unconfirmed_candidate,hexagonal,,-5.410626165232912,-7.314447871243383
mp-610706,0,label0,trigonal,,-7.63081521140851,9.58148061356
mp-1650881,unknown,unconfirmed_candidate,triclinic,,-4.756153626034738,-1.0823707344223372
mp-581405,unknown,unconfirmed_candidate,trigonal,,-3.4384382187898765,-3.013132397046226
mp-1022102,unknown,unconfirmed_candidate,orthorhombic,,3.5325395943678632,-3.9453006539104845
mp-759426,0,label0,triclinic,,-2.1711425983543116,-4.2662921342663775
mp-1182698,unknown,unconfirmed_candidate,triclinic,,1.1727276347321798,-4.318534806067328
mp-28133,unknown,unconfirmed_candidate,monoclinic,,4.823062026469522,-0.047753611193357415
mp-2241454,unknown,unconfirmed_candidate,monoclinic,,-21.52866309214631,1.5126324655742778
mp-1233659,unknown,unconfirmed_candidate,triclinic,,17.18539754471914,14.109167955062308
mp-1403957,unknown,unconfirmed_candidate,triclinic,,3.88492215954588,-0.5878811226418854
mp-1021384,unknown,unconfirmed_candidate,orthorhombic,,-3.6315510208252277,-1.2779768202666304
mp-2217787,unknown,unconfirmed_candidate,triclinic,,0.06484510136967359,6.699308157182077
mp-757537,unknown,unconfirmed_candidate,triclinic,,-4.667883072224075,-0.8506430243472991
mp-2225007,unknown,unconfirmed_candidate,orthorhombic,,5.66597792539274,18.319877377679003
mp-1120804,unknown,unconfirmed_candidate,monoclinic,,3.2804868942026584,6.206848418836568
mp-1039765,0,label0,trigonal,,4.667298166757352,-0.5558237272102602
mp-771839,unknown,unconfirmed_candidate,orthorhombic,,-2.711611150905945,-1.3930537707506154
mp-1173963,0,label0,trigonal,,-2.7368437211986745,-5.993737026507512
mp-1225326,0,label0,monoclinic,,-4.235584713690944,-6.030332620242403
mp-1003545,unknown,unconfirmed_candidate,triclinic,,-10.411540891013228,8.696305271417128
mp-1366075,unknown,unconfirmed_candidate,monoclinic,,-11.552140229060559,-4.4302212931249105
mp-758856,unknown,unconfirmed_candidate,monoclinic,,3.0615171725174655,-3.748318931948882
mp-763787,unknown,unconfirmed_candidate,triclinic,,15.758461849840392,6.823525514294445
mp-1217469,0,label0,tetragonal,,4.073674183671516,5.350179354958854
mp-1185012,0,label0,cubic,,10.774385998421558,-3.0234938639679196
mp-755775,0,label0,trigonal,,-12.76750286042541,-3.438059134157232
mp-1186944,0,label0,cubic,,3.210048728504603,-2.025322225594717
mp-675539,0,label0,triclinic,,3.3760132616825906,-5.941727488047038
mp-1096454,0,label0,orthorhombic,,-2.1544614907184148,-0.7151669613913008
mp-2240103,0,label0,triclinic,,-0.8150223412816118,-3.7528668126188354
mp-530628,0,label0,monoclinic,,-16.105545906910194,0.26882932244333446
mp-558516,unknown,unconfirmed_candidate,orthorhombic,,2.607196340638371,2.9206249043421053
mp-557276,unknown,unconfirmed_candidate,orthorhombic,,-4.890575515741492,26.01259894977755
mp-1102843,unknown,unconfirmed_candidate,orthorhombic,,6.939872654508886,5.5173160645857315
mp-1173198,0,label0,triclinic,,-0.9479078222310555,5.764848210968214
mp-1111017,0,label0,cubic,,-4.857168415119844,-1.7935208036838883
mp-1373103,unknown,unconfirmed_candidate,orthorhombic,,-0.47605042375979423,8.672822940214331
mp-773200,unknown,unconfirmed_candidate,monoclinic,,-11.588149640683998,1.443567477787962
mp-2230165,unknown,unconfirmed_candidate,triclinic,,-8.621505298708591,-1.0224238308500802
mp-1018664,unknown,unconfirmed_candidate,tetragonal,,-21.833844891961697,-6.661510332612421
mp-1192284,unknown,unconfirmed_candidate,hexagonal,,1.0907102268423081,-5.177029075912268
mp-31412,unknown,unconfirmed_candidate,hexagonal,,8.462128967245093,-3.80888684875252
mp-1226428,unknown,unconfirmed_candidate,triclinic,,-4.035337374797084,0.9828857012522931
mp-1206497,0,label0,cubic,,-7.945485694945493,14.384337204745137
mp-1263657,unknown,unconfirmed_candidate,triclinic,,3.604416565980859,-7.865275650471501
mp-27048,unknown,unconfirmed_candidate,monoclinic,,4.365226472986645,-6.152353077877375
mp-1323553,0,label0,trigonal,,-8.161551396442896,19.9029248780533
mp-1027162,0,label0,orthorhombic,,-3.63922116774571,-1.981028845218642
mp-1226886,unknown,unconfirmed_candidate,orthorhombic,,5.009084959080912,1.1958889035063507
mp-1198694,unknown,unconfirmed_candidate,orthorhombic,,-4.621730021282058,5.934132814706498
mp-1216686,0,label0,orthorhombic,,-5.263282184890009,-8.422452645253191
mp-26619,unknown,unconfirmed_candidate,monoclinic,,-1.2342833100002153,-5.2962611945490465
mp-572944,unknown,unconfirmed_candidate,monoclinic,,-12.482279366231694,-6.269643539285672
mp-1245486,unknown,unconfirmed_candidate,tetragonal,,4.8507069451820755,-1.480098267918196
mp-1246035,0,label0,orthorhombic,,-2.804835688311602,2.7656004318770577
mp-1018101,0,label0,cubic,,9.943917131957267,-4.545687051061382
mp-541627,unknown,unconfirmed_candidate,monoclinic,,3.4131154941706647,0.8771560181885896
mp-689393,0,label0,triclinic,,0.5433557596655696,-3.287417077816608
mp-560869,unknown,unconfirmed_candidate,cubic,,-4.052144803170339,-3.5908254622200904
mp-1212970,unknown,unconfirmed_candidate,hexagonal,,19.024645536771203,9.821023201381422
mp-1206097,0,label0,cubic,,-7.452754066167248,-5.909745490746545
mp-6968,0,label0,cubic,,-2.8729999397784205,6.814947237034225
mp-762307,unknown,unconfirmed_candidate,orthorhombic,,-3.5197804372735746,-3.827719272271006
mp-1233374,unknown,unconfirmed_candidate,triclinic,,-4.928978114336836,-2.6609719198490733
mp-2230918,unknown,unconfirmed_candidate,monoclinic,,-6.35937602944033,-1.8299843152208783
mp-1204059,unknown,unconfirmed_candidate,monoclinic,,1.7434327957285483,2.309253763028316
mp-1232101,unknown,unconfirmed_candidate,orthorhombic,,6.078030104462217,-4.5362822839502375
mp-543011,0,label0,trigonal,,-3.4898172829510656,-3.0271021955102686
mp-1147553,0,label0,trigonal,,-2.831277027027909,-8.981520770636715
mp-1078370,0,label0,tetragonal,,11.659665185097168,-2.3569824631274887
mp-1247022,0,label0,trigonal,,-5.16836956846787,-3.079842125521944
mp-510422,unknown,unconfirmed_candidate,orthorhombic,,8.412879707243665,-0.33441904239572295
mp-2240835,0,label0,orthorhombic,,9.505466641438584,0.8428277644682822
mp-884675,unknown,unconfirmed_candidate,orthorhombic,,9.761660148420662,-5.469911613913155
mp-1190989,0,label0,triclinic,,4.826529250995263,5.481363743664126
mp-1217372,unknown,unconfirmed_candidate,tetragonal,,1.775159022234746,1.4261257774950558
mp-1104953,unknown,unconfirmed_candidate,hexagonal,,2.9959405072441214,-0.07951990723688951
mp-1245829,unknown,unconfirmed_candidate,monoclinic,,1.3279129280718607,-6.131569635968244
mp-1041912,unknown,unconfirmed_candidate,orthorhombic,,-13.14867158640621,7.452649066533208
mp-1022507,unknown,unconfirmed_candidate,orthorhombic,,-1.3421369484686245,4.878827973725148
mp-1225517,0,label0,hexagonal,,3.9346315377518817,-2.723341660205138
mp-646129,unknown,unconfirmed_candidate,monoclinic,,1.9260723840516007,-0.34072329795611367
mp-1184117,0,label0,cubic,,12.006799175985769,-1.1968557207162291
mp-759631,unknown,unconfirmed_candidate,orthorhombic,,-13.253485970830724,5.762816757576292
mp-1219621,unknown,unconfirmed_candidate,monoclinic,,-1.6454838638749791,-6.381050585414467
mp-1185733,0,label0,trigonal,,-4.813975351091738,-2.1561141530688612
mp-1111303,0,label0,cubic,,-0.5252137042554033,-2.3561840243846213
mp-758885,unknown,unconfirmed_candidate,triclinic,,-1.5711011649811724,-3.9957595357469504
mp-1195428,unknown,unconfirmed_candidate,monoclinic,,-5.6524829066543205,-4.107415521249843
mp-1187365,0,label0,hexagonal,,1.0121956371142424,15.28613572745795
mp-1516333,0,label0,tetragonal,,-9.068133231707794,-4.229720628585605
mp-1239173,unknown,unconfirmed_candidate,orthorhombic,,-14.486635197661819,10.482148215231671
mp-1205705,0,label0,cubic,,-2.087924657292131,-5.443048609905208
mp-1103824,unknown,unconfirmed_candidate,tetragonal,,-7.266837369112718,-2.1708638763240238
mp-1221595,0,label0,tetragonal,,-5.999428274186155,-5.879829878071671
mp-762590,unknown,unconfirmed_candidate,triclinic,,4.778373406460336,-0.9720785099472913
mp-1275582,unknown,unconfirmed_candidate,triclinic,,-7.8838378985557895,-1.9429511292249533
mp-12641,0,label0,cubic,,-8.849076919456643,-6.686399650838805
mp-1218393,unknown,unconfirmed_candidate,orthorhombic,,4.299576163773354,-2.023009462109769
mp-861959,unknown,unconfirmed_candidate,tetragonal,,-11.970826815818175,6.630609033982839
mp-2231854,unknown,unconfirmed_candidate,triclinic,,-5.365518492292605,-4.319707696753957
mp-570081,0,label0,trigonal,,6.856427491551488,-2.963434238096454
mp-28902,0,label0,trigonal,,-5.772377616604373,-5.927983966121504
mp-645694,unknown,unconfirmed_candidate,orthorhombic,,5.966897369668057,-1.3345529419915856
mp-570205,unknown,unconfirmed_candidate,monoclinic,,6.278745024479457,1.2982916087474194
mp-1227620,unknown,unconfirmed_candidate,monoclinic,,-8.901915201768148,-1.7491137775394154
mp-773007,unknown,unconfirmed_candidate,triclinic,,4.226711455290221,-1.581422152603258
mp-1197448,unknown,unconfirmed_candidate,tetragonal,,-1.1989075668680655,-0.5242278237949094
mp-563010,unknown,unconfirmed_candidate,trigonal,,-12.596317329922375,-0.3077966053026877
mp-776091,0,label0,triclinic,,-0.2013714844914567,-4.484564408211481
mp-1234882,unknown,unconfirmed_candidate,triclinic,,-5.690200821624927,-0.6605407365350864
mp-1079703,0,label0,tetragonal,,10.985588969362512,-1.6653559805029836
mp-1188900,0,label0,trigonal,,14.00742208248225,8.918339138334382
mp-759971,unknown,unconfirmed_candidate,monoclinic,,16.882260554095776,18.63865082956305
mp-2232199,unknown,unconfirmed_candidate,tetragonal,,-4.509887291680883,12.354238792188074
mp-757013,unknown,unconfirmed_candidate,orthorhombic,,3.0013985484046586,-7.942851754345821
mp-1214584,unknown,unconfirmed_candidate,hexagonal,,-5.557795911525506,-0.5110881339470126
mp-16378,0,label0,cubic,,-1.6581631750177266,-2.5281089265561008
mp-1176757,0,label0,trigonal,,-0.32745848182265647,-2.793180321828146
mp-695960,unknown,unconfirmed_candidate,tetragonal,,-2.799740002638927,-5.296421012013139
mp-757125,0,label0,triclinic,,-1.6866049448863585,-5.062970914041287
mp-1212225,0,label0,monoclinic,,1.0424184456825216,-3.045791344738186
mp-980645,0,label0,cubic,,-2.0130309390229186,0.8994871779636995
mp-1036983,0,label0,tetragonal,,1.373451738817689,-1.882991392289746
mp-867139,0,label0,cubic,,1.787057418295479,1.0523698921447888
mp-560149,unknown,unconfirmed_candidate,monoclinic,Fe,-4.196729285773518,-3.1041987689658654
mp-1210998,unknown,unconfirmed_candidate,tetragonal,,-2.625108740186352,-8.884826280229136
mp-765357,unknown,unconfirmed_candidate,triclinic,,1.1776571118866919,0.4982582545119989
mp-7478,0,label0,trigonal,,-4.68371204227536,4.430620550977768
mp-1203662,unknown,unconfirmed_candidate,monoclinic,,-0.8364808652479816,-0.06045662867367696
mp-705277,unknown,unconfirmed_candidate,monoclinic,,-1.576435996112636,-3.430224108201376
mp-2716457,unknown,unconfirmed_candidate,triclinic,,0.5172088486565052,-6.164161284205491
mp-1072971,0,label0,hexagonal,,-8.87957164207166,-1.4228721866528904
mp-1521800,0,label0,cubic,,-22.478255583587753,3.8794066999100316
mp-1220076,unknown,unconfirmed_candidate,trigonal,,9.805468811168945,-4.939651046624524
mp-1185036,0,label0,hexagonal,,4.042106527244233,-6.147808817696898
mp-697754,unknown,unconfirmed_candidate,monoclinic,,-2.673079407798493,-3.8129157249479597
mp-1194281,unknown,unconfirmed_candidate,monoclinic,,-6.547832496964968,-7.769501187317832
mp-778178,unknown,unconfirmed_candidate,triclinic,,2.3765949882446513,4.371842608950974
mp-19079,unknown,unconfirmed_candidate,trigonal,,8.766934374571964,-2.3324048088251566
mp-770078,unknown,unconfirmed_candidate,monoclinic,,-5.136824708592155,-0.13853609138903877
mp-978519,0,label0,cubic,,4.768342396567707,2.4575432537767306
mp-1225745,0,label0,hexagonal,,6.22162318732169,-5.638773003991828
mp-1177748,unknown,unconfirmed_candidate,monoclinic,,1.75493987388057,-0.4397563594618461
mp-2232781,unknown,unconfirmed_candidate,monoclinic,,0.6218973406412154,-2.382750140182962
mp-766028,unknown,unconfirmed_candidate,triclinic,,-1.499346058785445,-0.4858373525252375
mp-1035784,0,label0,orthorhombic,,-0.3996923884852599,-1.0173237471515364
mp-555594,unknown,unconfirmed_candidate,trigonal,,-3.091988670929041,-2.7316509300410967
mp-1213977,unknown,unconfirmed_candidate,orthorhombic,,-1.288019421424881,-0.5190529077782777
mp-1106177,unknown,unconfirmed_candidate,orthorhombic,,7.070654479516634,-2.0462540271897165
mp-1106223,unknown,unconfirmed_candidate,orthorhombic,,1.128514123814245,8.446116371453954
mp-759125,unknown,unconfirmed_candidate,orthorhombic,,-13.691145264834873,4.308805052056137
mp-1237121,0,label0,triclinic,,-4.417294449572697,-5.613945989781962
mp-770825,unknown,unconfirmed_candidate,monoclinic,,-1.836387586690023,-3.7345988789664055
mp-1078713,0,label0,tetragonal,,14.083487149326938,3.9712762051765083
mp-778384,unknown,unconfirmed_candidate,orthorhombic,,-5.0347765633835095,-0.21881212395010508
mp-1187839,0,label0,hexagonal,,0.6930743420078826,14.230234343559935
mp-542710,unknown,unconfirmed_candidate,orthorhombic,,-3.2780575837693426,-3.514720310210123
mp-2240957,0,label0,monoclinic,,-5.434023042901089,1.5235670589143524
mp-1189100,0,label0,monoclinic,,-3.981986030572756,-6.7593151941527
mp-774256,unknown,unconfirmed_candidate,orthorhombic,,-0.4817203542328983,-5.353678460861744
mp-776085,unknown,unconfirmed_candidate,monoclinic,,-9.071473758666993,-0.6390682960646537
mp-758265,unknown,unconfirmed_candidate,tetragonal,,2.354831872374767,-5.006748938047471
mp-1191596,unknown,unconfirmed_candidate,orthorhombic,,4.07268440862198,-5.031448285438364
mp-1217268,unknown,unconfirmed_candidate,orthorhombic,,2.4200277479496677,-6.584228381239162
mp-22617,unknown,unconfirmed_candidate,orthorhombic,,9.87279943955721,-0.7554550550419918
mp-1113181,0,label0,cubic,,4.651774682037846,1.757330132448729
mp-2219015,unknown,unconfirmed_candidate,monoclinic,,-11.236112191743224,1.225637770632126
mp-1206440,0,label0,trigonal,,-7.444458254931433,11.852317570089287
mp-1048685,unknown,unconfirmed_candidate,orthorhombic,,-22.112994563076477,3.4906896080055354
mp-1516196,unknown,unconfirmed_candidate,cubic,,-14.286086164740254,-4.123674741941324
mp-1177693,unknown,unconfirmed_candidate,triclinic,,-4.076907568792734,-4.168171987631052
mp-2220486,unknown,unconfirmed_candidate,triclinic,,-0.7835867129739391,3.0500566544059353
mp-1048799,unknown,unconfirmed_candidate,monoclinic,,0.3816037443017777,-1.0815385053869022
mp-1287629,unknown,unconfirmed_candidate,monoclinic,,-10.09284157772948,-1.0280816423383534
mp-1221535,unknown,unconfirmed_candidate,trigonal,,5.8669714140253415,0.5208477939474676
mp-672274,0,label0,orthorhombic,,10.534740776495045,-3.9938787324703977
mp-1111313,0,label0,cubic,,-3.2277905795819812,0.23116999696079787
mp-1974,unknown,unconfirmed_candidate,tetragonal,,-5.941791084741585,-5.561588294765082
mp-780490,unknown,unconfirmed_candidate,orthorhombic,,-2.5326266643571387,-0.21930502033716337
mp-1212357,unknown,unconfirmed_candidate,orthorhombic,,-2.6452563181341624,-3.4650676186911955
mp-559159,unknown,unconfirmed_candidate,triclinic,,2.6711600757940275,-2.543429035687133
mp-36069,unknown,unconfirmed_candidate,orthorhombic,,-6.532705938976861,1.041453202774072
mp-1018673,0,label0,tetragonal,,6.116044791087029,-4.322963471757728
mp-1184539,0,label0,hexagonal,,10.809087340628212,1.1115516668127405
mp-12265,unknown,unconfirmed_candidate,tetragonal,,9.009931359105439,-1.1582415053196442
mp-1080026,0,label0,tetragonal,,4.315064891560617,0.7317138921174617
mp-1222197,unknown,unconfirmed_candidate,trigonal,,0.5566183578974773,1.751533404058712
mp-504314,unknown,unconfirmed_candidate,triclinic,,-5.642870160340863,0.7039814007975203
mp-737838,unknown,unconfirmed_candidate,triclinic,,-2.4692712285631693,-3.295225000775952
mp-2656,unknown,unconfirmed_candidate,cubic,,0.17493783554873232,-6.500472951318741
mp-1226641,unknown,unconfirmed_candidate,monoclinic,,-5.233957756657745,-2.453131040223152
mp-1186494,0,label0,tetragonal,,-0.8927288239871416,9.03857938393346
mp-1180143,unknown,unconfirmed_candidate,monoclinic,,1.6263071912863083,-2.504333745533879
mp-1187709,0,label0,cubic,,4.94186078924503,-2.2836770548697523
mp-2223685,0,label0,orthorhombic,,-8.223339589063617,-0.17899759672218707
mp-1078491,unknown,unconfirmed_candidate,orthorhombic,,10.691740372151378,8.735574091037932
mp-766687,unknown,unconfirmed_candidate,orthorhombic,,-0.9506435016796075,2.501731071765956
mp-623092,unknown,unconfirmed_candidate,orthorhombic,,-3.339372950045341,-6.928264412607147
mp-1183581,0,label0,cubic,,8.874516713314897,13.127605115533193
mp-554683,unknown,unconfirmed_candidate,trigonal,,-1.957929708521668,-6.380423805482929
mp-757752,unknown,unconfirmed_candidate,triclinic,,-3.7692896070996014,-4.003637235899255
mp-758341,unknown,unconfirmed_candidate,orthorhombic,,-3.798853179278588,-4.72642801392961
mp-13218,unknown,unconfirmed_candidate,hexagonal,,5.947981093058752,-6.88019727146931
mp-31222,0,label0,cubic,,6.887123876301709,-6.275326027580835
mp-1235835,unknown,unconfirmed_candidate,triclinic,,3.860131576000102,-2.295607498797432
mp-780419,unknown,unconfirmed_candidate,triclinic,,-1.3750327430460274,-0.2986737445024268
mp-2232615,unknown,unconfirmed_candidate,monoclinic,,-1.726764732506652,-5.103857882556314
mp-1101096,unknown,unconfirmed_candidate,triclinic,,-1.773454175342831,-1.2267900057002095
mp-1226546,0,label0,trigonal,,-12.683185896050933,-4.932240372307799
mp-1188081,0,label0,cubic,,3.2414384535739007,0.46694590622313115
mp-1866196,unknown,unconfirmed_candidate,orthorhombic,,-2.9816578360206627,1.1040929404874475
mp-639978,unknown,unconfirmed_candidate,orthorhombic,,-5.49892979816844,-7.0623960253587885
mp-1368231,0,label0,triclinic,,-0.996875270931497,-2.9752450200244223
mp-680742,0,label0,monoclinic,,8.986909010550551,-1.477125974613882
mp-1224144,unknown,unconfirmed_candidate,orthorhombic,,2.829445228865694,2.405937431896053
mp-756551,unknown,unconfirmed_candidate,orthorhombic,,2.520876346674193,2.3175870700507346
mp-1104042,unknown,unconfirmed_candidate,monoclinic,,10.849797541068163,4.745243733796947
mp-777833,unknown,unconfirmed_candidate,monoclinic,,18.9492187328765,18.34977685191078
mp-1079818,unknown,unconfirmed_candidate,orthorhombic,,7.7868501541711055,0.37929416665890514
mp-867233,0,label0,cubic,,-0.5312702187771521,4.0613229808752
mp-755037,unknown,unconfirmed_candidate,orthorhombic,,-0.7313868317670114,-5.009727982145424
mp-772483,unknown,unconfirmed_candidate,triclinic,,-2.2245441047162586,-1.699143226668662
mp-1201992,unknown,unconfirmed_candidate,monoclinic,,-6.738855583178378,-6.057284781399385
mp-1019591,unknown,unconfirmed_candidate,monoclinic,,-12.802189296716215,-2.1281304783978054
mp-1207527,unknown,unconfirmed_candidate,orthorhombic,,-1.310889189365266,-0.10927691752582191
mp-1177043,unknown,unconfirmed_candidate,monoclinic,,1.2382332498738542,-5.793157198985853
mp-1522357,0,label0,cubic,,-7.604693641168666,-7.134352016739172
mp-769855,unknown,unconfirmed_candidate,orthorhombic,,-4.90108561808594,-2.450948612841085
mp-1518186,0,label0,cubic,,-10.947017928757731,-5.497023396207995
mp-1189869,0,label0,trigonal,,6.415275813050576,-5.543609326593437
mp-34148,unknown,unconfirmed_candidate,orthorhombic,,0.9351319400671869,-2.636518465657364
mp-1226573,0,label0,trigonal,,-0.1761724325661298,0.03418312453556638
mp-1212120,unknown,unconfirmed_candidate,monoclinic,,0.45891108604039843,-2.331678465737628
mp-755701,unknown,unconfirmed_candidate,tetragonal,,7.33684206259346,-6.16800403579917
mp-1519680,unknown,unconfirmed_candidate,orthorhombic,,-12.711926784279989,-2.187403522513968
mp-756751,unknown,unconfirmed_candidate,cubic,,-5.869096490578144,-4.262016307064611
mp-1244911,unknown,unconfirmed_candidate,triclinic,,-1.7903158387482065,-1.9134498750771023
mp-1093953,0,label0,orthorhombic,,5.25062990375908,-4.262680284626603
mp-831254,unknown,unconfirmed_candidate,triclinic,,-3.649905677554109,-2.2086533001571844
mp-2224773,unknown,unconfirmed_candidate,monoclinic,,1.2321705008375012,-0.12216841425530944
mp-19512,unknown,unconfirmed_candidate,monoclinic,,-7.152803654065739,1.7213151423366888
mp-1225385,0,label0,orthorhombic,,9.656819955697477,4.073076233499627
mp-3603,0,label0,orthorhombic,,-1.8149874296118753,-1.25517067688709
mp-1220071,0,label0,trigonal,,5.9277271973025005,-2.7311133004936483
mp-1187985,unknown,unconfirmed_candidate,hexagonal,,13.009161141247223,6.917703621868856
mp-2218964,0,label0,monoclinic,,-3.144389960196822,-2.0033258594356536
mp-1182492,unknown,unconfirmed_candidate,orthorhombic,,-14.32802584587008,-2.3257886111659793
mp-1045516,unknown,unconfirmed_candidate,monoclinic,,-3.671946238013767,3.60876945524128
mp-1178122,unknown,unconfirmed_candidate,trigonal,,-10.958457378344029,2.7905444918892
mp-3374,unknown,unconfirmed_candidate,orthorhombic,,-2.7978889043492536,-6.73762388724804
mp-1208593,unknown,unconfirmed_candidate,tetragonal,,-4.403854033782622,-11.153069312984538
mp-1232291,unknown,unconfirmed_candidate,orthorhombic,,3.252800768909145,-2.9590274489669532
mp-753399,unknown,unconfirmed_candidate,monoclinic,,-1.0688162639217431,0.7636792336731197
mp-1110672,0,label0,cubic,,-6.065362750332795,6.34534476663967
mp-1042691,0,label0,cubic,,8.41895197317786,1.2976954849271785
mp-21542,unknown,unconfirmed_candidate,tetragonal,,-6.6011998535865,-4.317757731017878
mp-766029,0,label0,trigonal,,-13.708248504459604,15.526786224961423
mp-1221913,unknown,unconfirmed_candidate,monoclinic,,-2.4181988477734286,-2.8350762453682172
mp-1219802,unknown,unconfirmed_candidate,monoclinic,,-1.8661798267154914,-3.736266489428523
mp-1101524,unknown,unconfirmed_candidate,monoclinic,,-4.240006524966965,12.154048298909458
mp-1173972,unknown,unconfirmed_candidate,triclinic,,3.0020595568242285,-7.229207122255433
mp-1104244,0,label0,trigonal,,-8.323693896966898,0.26167940707041737
mp-1181661,0,label0,trigonal,,-3.608789822004841,-8.814412756777422
mp-755806,0,label0,triclinic,,-6.102785326944449,-5.824977411562077
mp-1099034,unknown,unconfirmed_candidate,orthorhombic,,-10.36692727375246,9.052646913453401
mp-1198383,unknown,unconfirmed_candidate,orthorhombic,,-3.8520847849552595,-6.438084102903629
mp-504801,0,label0,monoclinic,,-0.5473405110901979,-5.056559118178027
mp-770883,unknown,unconfirmed_candidate,tetragonal,,0.8312254280913614,-5.465450076170354
mp-1233422,unknown,unconfirmed_candidate,triclinic,,-3.9164511000064692,6.523452391978189
mp-1095708,0,label0,tetragonal,,1.0996553668051092,-1.713886880431632
mp-1225010,0,label0,orthorhombic,,11.054112817127121,11.292964427462667
mp-1027800,0,label0,orthorhombic,,-2.862144450958951,-0.3169100368595501
mp-1226460,unknown,unconfirmed_candidate,hexagonal,,7.98048733839045,-4.817860545942361
mp-686726,unknown,unconfirmed_candidate,orthorhombic,,-11.103347165943294,7.843135828239479
mp-1028240,0,label0,hexagonal,,-5.799345021439933,0.741320844808893
mp-1196703,unknown,unconfirmed_candidate,tetragonal,,11.782074656680686,-1.603336791116714
mp-1221222,unknown,unconfirmed_candidate,monoclinic,,-3.8028797437963817,-5.950953734716869
mp-1236767,unknown,unconfirmed_candidate,triclinic,,-12.019160986825568,-7.696660131677609
mp-541794,0,label0,triclinic,,-2.4733756533583104,-0.7577402560437214
mp-581941,unknown,unconfirmed_candidate,orthorhombic,,6.303421393096228,13.399158015170684
mp-1233851,unknown,unconfirmed_candidate,monoclinic,,2.0828274159779028,-3.0865112588833217
mp-770733,unknown,unconfirmed_candidate,orthorhombic,,-8.110201666132117,-0.8618907272552718
mp-25885,unknown,unconfirmed_candidate,orthorhombic,,3.592011434623206,-3.8133713886678535
mp-697764,unknown,unconfirmed_candidate,monoclinic,,-2.1043086079587816,-4.795206054929951
mp-1046375,unknown,unconfirmed_candidate,triclinic,,-5.630089291868611,-1.249032245818288
mp-1246635,unknown,unconfirmed_candidate,cubic,,6.671057000597884,-4.451302350846838
mp-1227777,unknown,unconfirmed_candidate,orthorhombic,,-9.97417297944478,-2.625332786316294
mp-1078441,0,label0,monoclinic,,10.652643669447256,-3.098717275487026
mp-4280,0,label0,trigonal,,-11.400837569593048,-6.769942297718899
mp-29084,unknown,unconfirmed_candidate,monoclinic,,10.47091111627937,11.13728139450794
mp-1218282,unknown,unconfirmed_candidate,tetragonal,,16.4997270326217,10.002588187119088
mp-1215259,unknown,unconfirmed_candidate,orthorhombic,,12.545438041529762,-2.8009722153998773
mp-755390,unknown,unconfirmed_candidate,tetragonal,,-10.988906182937065,0.9342051478390445
mp-561744,0,label0,orthorhombic,,-1.776692933097113,-5.6616836995696485
mp-24242,unknown,unconfirmed_candidate,monoclinic,,7.945982676704956,-3.355380851663874
mp-1213438,0,label0,monoclinic,,-1.4089887085329202,11.032346665600073
mp-1521441,0,label0,cubic,,-5.84987487853066,6.3358692099511025
mp-1211003,unknown,unconfirmed_candidate,cubic,,-3.7219964661883296,19.764740244648866
mp-1208389,0,label0,triclinic,,-1.0781694250889977,-5.890433846740795
mp-1692,0,label0,monoclinic,,6.87293437061156,-2.5609761129611837
mp-797419,unknown,unconfirmed_candidate,triclinic,,-4.341972365738609,-0.284015830293189
mp-542802,unknown,unconfirmed_candidate,orthorhombic,,5.6562815423210395,-5.924751852700055
mp-1218364,unknown,unconfirmed_candidate,orthorhombic,,-13.532499473742035,-0.08976585302083606
mp-557398,unknown,unconfirmed_candidate,tetragonal,,1.3221946491586536,5.410587293660239
mp-777004,0,label0,triclinic,,0.18045368386291827,3.046237346517291
mp-541669,1,label1,tetragonal,Fe,5.496406187712891,-1.7627033477124066
mp-772081,unknown,unconfirmed_candidate,triclinic,,-3.5651131262799574,-0.6978031515545382
mp-1210994,unknown,unconfirmed_candidate,hexagonal,,-12.657381628460598,-4.5451063741175854
mp-774661,unknown,unconfirmed_candidate,triclinic,,-4.438635725913219,3.844613581894059
mp-1206950,0,label0,tetragonal,,5.505573490515447,-1.4325387366414741
mp-1517564,unknown,unconfirmed_candidate,triclinic,,-16.805680027718893,-5.135213716424859
mp-1516402,0,label0,cubic,,-1.74788111332456,-1.513630390439717
mp-861661,0,label0,cubic,,8.665664320290766,-0.6832186161976992
mp-691121,unknown,unconfirmed_candidate,monoclinic,,6.60583322083353,-3.8012042666356027
mp-1221932,0,label0,tetragonal,,-3.5785229141083583,-3.329597189860463
mp-1652,unknown,unconfirmed_candidate,tetragonal,,-3.573155450620053,-1.3814918766916655
mp-2228371,0,label0,triclinic,,-7.39518413428657,-0.0874256393108972
mp-1518601,0,label0,cubic,,-10.576480794663802,-5.950753710748863
mp-1221450,0,label0,triclinic,,-10.933932426370106,12.205484786025956
mp-608408,0,label0,cubic,,7.047187940222653,-5.083504049685649
mp-1096962,unknown,unconfirmed_candidate,orthorhombic,,2.9019317387972094,3.9826328496623304
mp-1177921,unknown,unconfirmed_candidate,monoclinic,,-2.1305468709659756,-2.426525819690996
mp-851113,unknown,unconfirmed_candidate,triclinic,,-3.5556340868756244,-1.2343416811688037
mp-1045724,unknown,unconfirmed_candidate,orthorhombic,,-5.872375069889383,-4.975789872858114
mp-767036,unknown,unconfirmed_candidate,monoclinic,,-2.9946632794024275,-3.1201809252601613
mp-1008727,unknown,unconfirmed_candidate,cubic,,2.186782411898246,-1.4370943961197717
mp-4246,unknown,unconfirmed_candidate,monoclinic,,-12.64352472698689,3.2419959109820873
mp-768690,unknown,unconfirmed_candidate,triclinic,,1.7396046699296406,-7.128726052820015
mp-1070755,0,label0,orthorhombic,,7.813488366092011,-3.1833933248335526
mp-770968,unknown,unconfirmed_candidate,monoclinic,,-1.9638782699399933,2.309067737939145
mp-1208497,0,label0,tetragonal,,5.913098021308192,4.559578464297196
mp-1213605,unknown,unconfirmed_candidate,orthorhombic,,-0.6700990293496538,-3.8796230381304273
mp-1516529,0,label0,cubic,,-10.421469898978188,-5.293139336960021
mp-1194591,unknown,unconfirmed_candidate,monoclinic,,1.6008370291044827,-4.902423339348152
mp-1022242,unknown,unconfirmed_candidate,orthorhombic,,0.11239953011783044,2.383078585710546
mp-1080814,unknown,unconfirmed_candidate,tetragonal,,9.487973602065898,-4.756440475964309
mp-773119,0,label0,monoclinic,,2.051527875065549,-3.7407262415832303
mp-2714978,0,label0,triclinic,,-1.0014558056847456,-6.317190675683252
mp-1193780,unknown,unconfirmed_candidate,trigonal,,-14.528754964211899,5.758485914660479
mp-1196215,unknown,unconfirmed_candidate,monoclinic,,9.46208307852296,-3.7384750730932836
mp-777479,unknown,unconfirmed_candidate,orthorhombic,,-15.097371862898449,-3.8991571848774775
mp-1204351,unknown,unconfirmed_candidate,orthorhombic,,2.6653414764598864,5.072045472321562
mp-1219409,0,label0,orthorhombic,,12.614627602006491,4.083468511887656
mp-18302,unknown,unconfirmed_candidate,monoclinic,,8.389671440067326,-2.6239452634517484
mp-774609,0,label0,triclinic,,-3.8898293244421716,-6.43837245610162
mp-1013953,unknown,unconfirmed_candidate,orthorhombic,,-7.396382421841633,-2.9245448725167105
mp-744747,unknown,unconfirmed_candidate,monoclinic,,-7.055175893162129,-1.287868905450349
mp-1237181,0,label0,monoclinic,,2.3381660205740253,0.9440931771661951
mp-569106,unknown,unconfirmed_candidate,orthorhombic,,12.298146428908847,-0.3180307772465838
mp-1096189,0,label0,orthorhombic,,7.463443116992899,-4.886387443790081
mp-759212,unknown,unconfirmed_candidate,orthorhombic,,-5.637514801480489,-4.172807899760583
mp-1078670,0,label0,monoclinic,,-13.230364966867043,-3.3601619676099403
mp-1813181,unknown,unconfirmed_candidate,tetragonal,,-1.6243461065346416,10.104837215782506
mp-1188909,unknown,unconfirmed_candidate,monoclinic,,8.805414838354318,1.1518280809056591
mp-1204036,unknown,unconfirmed_candidate,monoclinic,,-6.967706654948785,-9.724221105217309
mp-1079613,0,label0,tetragonal,,2.378149298408598,6.189196232558388
mp-1223703,unknown,unconfirmed_candidate,trigonal,,4.598525751129364,-1.8953964638470246
mp-2715058,0,label0,trigonal,,-5.709449189641603,1.8637789426140472
mp-862994,unknown,unconfirmed_candidate,cubic,,-0.6679296206479926,4.185927525378386
mp-757592,0,label0,monoclinic,,-5.072101816139529,4.808283691537255
mp-1034594,0,label0,tetragonal,,0.11323085351708073,-1.3619985748791947
mp-1110950,0,label0,cubic,,-7.967699372893723,-1.0893333859639718
mp-1102108,0,label0,monoclinic,,7.596333016869686,6.461443408624522
mp-559237,unknown,unconfirmed_candidate,monoclinic,,-1.5239306758534106,-1.9352795483060508
mp-755805,unknown,unconfirmed_candidate,monoclinic,,5.541016037839475,-4.7934198742992145
mp-1212983,unknown,unconfirmed_candidate,orthorhombic,,8.667882095220959,-0.6597625602028927
mp-1207748,unknown,unconfirmed_candidate,hexagonal,,10.048191963062697,-1.4305569853927373
mp-1195148,unknown,unconfirmed_candidate,cubic,,-3.0444951319556424,2.0020660051225043
mp-1248621,unknown,unconfirmed_candidate,orthorhombic,,-3.0879925942763577,-3.4065696415051185
mp-1077329,unknown,unconfirmed_candidate,hexagonal,,6.698566269605934,1.034880580226428
mp-2240575,0,label0,monoclinic,,0.37390406443564217,-4.539148401694813
mp-1219418,unknown,unconfirmed_candidate,orthorhombic,,-3.09693357713795,-2.2141430265137547
mp-2228359,unknown,unconfirmed_candidate,monoclinic,,-1.521475329815381,-1.0426747484546866
mp-1147635,0,label0,tetragonal,,-2.935869878262011,-2.163483609730175
mp-1064405,unknown,unconfirmed_candidate,hexagonal,,5.74840367662315,-2.0633709122567225
mp-2217918,unknown,unconfirmed_candidate,triclinic,,4.361942768423933,17.514717008430058
mp-1218445,unknown,unconfirmed_candidate,orthorhombic,,8.273320480015299,7.244141486119727
mp-1173093,unknown,unconfirmed_candidate,monoclinic,,-8.752826917941647,-5.171027458656063
mp-33498,unknown,unconfirmed_candidate,monoclinic,,0.8577345406594361,6.026293651225025
mp-1206465,0,label0,tetragonal,,12.807299186270896,-2.519893025104693
mp-1188257,unknown,unconfirmed_candidate,hexagonal,,7.662794331135878,3.6522136438191453
mp-1033868,0,label0,tetragonal,,1.1511459343301702,-1.4958611874243157
mp-552113,unknown,unconfirmed_candidate,trigonal,,-34.75421730943728,19.167344669689808
mp-777343,unknown,unconfirmed_candidate,triclinic,,-1.6615768986533794,7.505925189142488
mp-1220371,0,label0,trigonal,,12.246944916310564,0.5515070930653323
mp-1207310,0,label0,tetragonal,,11.395846902022065,-2.733986001979966
mp-771029,0,label0,monoclinic,,-3.196198088773901,-4.407412778042627
mp-756675,0,label0,triclinic,,0.9493220221499037,-4.896219334830466
mp-1177012,0,label0,triclinic,,-0.6046989807777408,-0.7797939063911912
mp-1079656,unknown,unconfirmed_candidate,tetragonal,,-6.0826779656108165,-2.904988839914285
mp-9227,unknown,unconfirmed_candidate,hexagonal,,-1.0842873094069354,6.829255931815993
mp-772906,unknown,unconfirmed_candidate,monoclinic,,-10.707541525466759,9.16979191375242
mp-10076,unknown,unconfirmed_candidate,orthorhombic,,8.48141657839119,0.2654826020825034
mp-680576,unknown,unconfirmed_candidate,orthorhombic,,1.6511409854796035,1.4571114845318647
mp-1194564,0,label0,monoclinic,,0.7766092397211928,2.9661457234811444
mp-1175445,0,label0,monoclinic,,-0.8472859341495038,-6.278232116113154
mp-1344130,unknown,unconfirmed_candidate,monoclinic,,-1.154126133856451,-2.6848940189002892
mp-778499,unknown,unconfirmed_candidate,monoclinic,,-9.610031443781534,0.4582224145040641
mp-1177067,unknown,unconfirmed_candidate,triclinic,,-3.7043003945971833,0.1571582830387328
mp-1068559,0,label0,tetragonal,,10.064516909095444,4.762673201081249
mp-1185,0,label0,cubic,,-2.4034929363440405,-0.13891270984675685
mp-1078601,0,label0,cubic,,-0.16527349767186195,6.777722602842708
mp-2716290,0,label0,triclinic,,2.557596667023695,-4.1543455403782215
mp-1036732,0,label0,tetragonal,,0.4257784231597803,-1.6613763572669669
mp-978088,0,label0,hexagonal,,-12.523556730781532,28.193199510062367
mp-2227473,unknown,unconfirmed_candidate,triclinic,,-7.445381630652967,-0.6019427489147695
mp-1034537,0,label0,orthorhombic,,1.5790625524848174,-1.3301392313381744
mp-1045978,0,label0,triclinic,,-4.547567741388555,-4.56470479436552
mp-849704,unknown,unconfirmed_candidate,triclinic,,-2.454766257160845,11.904241789420276
mp-1188428,unknown,unconfirmed_candidate,hexagonal,,0.5838056026594955,-5.374715849835885
mp-1247137,0,label0,orthorhombic,,-5.34143157641968,-0.8273321355306393
mp-14780,unknown,unconfirmed_candidate,hexagonal,,8.570335796456597,-4.43410835586635
mp-1004756,0,label0,cubic,,-2.7018955140067575,-8.727387027703694
mp-1223186,0,label0,tetragonal,,-1.9336860539149257,4.967691278812552
mp-1039292,0,label0,hexagonal,,13.238574122774327,17.140156715165492
mp-1215452,0,label0,tetragonal,,9.981983705645092,-4.75521824785617
mp-1224149,unknown,unconfirmed_candidate,orthorhombic,,8.049186198705428,-1.0279107690737241
mp-1099575,unknown,unconfirmed_candidate,orthorhombic,,5.879138248669342,-2.5974169800232225
mp-1519609,0,label0,cubic,,-4.860476893769093,-3.0537196078966335
mp-20624,unknown,unconfirmed_candidate,hexagonal,,2.0605582075339157,0.7510766258817725
mp-770820,unknown,unconfirmed_candidate,monoclinic,,-4.902862495745467,-4.28869840702184
mp-778234,unknown,unconfirmed_candidate,orthorhombic,,-4.867757155856964,-2.05437998631359
mp-1247735,unknown,unconfirmed_candidate,monoclinic,,-4.514984098685446,4.105304431595233
mp-1220947,0,label0,tetragonal,,5.334829648878786,-9.277110922054366
mp-1198989,unknown,unconfirmed_candidate,monoclinic,Mn,9.112376179883853,-0.6139896767404771
mp-1009237,0,label0,cubic,,-2.764490354796596,-0.9672527035593461
mp-1223892,unknown,unconfirmed_candidate,tetragonal,,0.21785553329480578,-0.062017509083744926
mp-20525,unknown,unconfirmed_candidate,orthorhombic,,0.9678353063123772,-8.35890805291579
mp-690672,0,label0,monoclinic,,1.0959315405883707,-2.4847733120814066
mp-1207500,0,label0,monoclinic,,-2.9196807897024755,-4.957592115744735
mp-1187051,0,label0,cubic,,10.612460802823785,0.7814831575551331
mp-1028320,0,label0,orthorhombic,,-4.527062159707846,0.2730363987314206
mp-1177430,unknown,unconfirmed_candidate,triclinic,,1.5198601284367896,-1.842097676940984
mp-865361,unknown,unconfirmed_candidate,cubic,,4.338567308803583,20.61129952981553
mp-865297,0,label0,cubic,,11.165458585577884,2.969466211919862
mp-1177912,unknown,unconfirmed_candidate,triclinic,,-1.4573532656411956,-1.4966162148195643
mp-1226371,unknown,unconfirmed_candidate,triclinic,,-4.257154401444982,9.023131195010585
mp-652479,unknown,unconfirmed_candidate,monoclinic,,-0.2495089120794418,-3.3525376751041946
mp-1097072,0,label0,orthorhombic,,8.43412722370628,-4.734897404160002
mp-1246007,unknown,unconfirmed_candidate,orthorhombic,,6.192540408669068,2.6266378313847163
mp-860962,unknown,unconfirmed_candidate,monoclinic,,-12.967946844579274,1.1687246732493897
mp-776691,unknown,unconfirmed_candidate,orthorhombic,,-6.2701264948892685,-0.32705773625114176
mp-776152,unknown,unconfirmed_candidate,orthorhombic,,-21.20371842124053,1.9118532357473264
mp-387,0,label0,cubic,,13.875755529690803,-1.2016693638492555
mp-1522660,0,label0,cubic,,-11.5294808085326,-5.2641579007348085
mp-752914,unknown,unconfirmed_candidate,monoclinic,,-9.77587785606962,-4.498675257025271
mp-1071459,0,label0,tetragonal,,19.316490607336895,-0.7636652997594098
mp-985704,unknown,unconfirmed_candidate,orthorhombic,,2.396908161866623,0.8180309540179103
mp-1042450,unknown,unconfirmed_candidate,monoclinic,,-4.94279891108398,-4.507514496518954
mp-755591,unknown,unconfirmed_candidate,tetragonal,,-7.8593657201520735,-9.47268764024583
mp-1245108,unknown,unconfirmed_candidate,triclinic,,20.42455548099392,1.0643382179864602
mp-541928,unknown,unconfirmed_candidate,triclinic,,-22.614470761442078,3.9728317006980767
mp-1214157,0,label0,hexagonal,,12.970376323541434,4.218352582857499
mp-978564,0,label0,cubic,,8.784549522326536,-2.895343183967368
mp-1190417,unknown,unconfirmed_candidate,orthorhombic,,-9.882787063975659,-7.937978538905165
mp-14581,unknown,unconfirmed_candidate,tetragonal,,1.6187730464332795,-3.193234937144153
mp-19075,unknown,unconfirmed_candidate,tetragonal,,-8.806590707020526,-2.063494540407513
mp-560449,0,label0,tetragonal,,-1.5724007317086368,2.9607429533991194
mp-766585,unknown,unconfirmed_candidate,monoclinic,,-2.737362771698834,-3.65139967481808
mp-1080851,unknown,unconfirmed_candidate,orthorhombic,,7.103128423666407,-3.669872306463903
mp-1008728,0,label0,cubic,,10.994146707628255,-5.8511074509910905
mp-865116,0,label0,cubic,,4.307377310740328,-2.9206739645359274
mp-849713,unknown,unconfirmed_candidate,triclinic,,6.840225936608499,3.2611167419784053
mp-774361,unknown,unconfirmed_candidate,cubic,,-14.490658097372837,9.57653830439586
mp-1245216,unknown,unconfirmed_candidate,triclinic,,-7.346891667394505,2.113105093076449
mp-1182750,unknown,unconfirmed_candidate,orthorhombic,,-1.526163974241765,6.817176303847791
mp-752739,unknown,unconfirmed_candidate,orthorhombic,,11.47877562082267,1.7470181213328395
mp-14628,0,label0,trigonal,,4.848874003851716,-2.4274209770937656
mp-561258,unknown,unconfirmed_candidate,hexagonal,,-3.0933789380807575,-2.7309396029814614
mp-1193060,unknown,unconfirmed_candidate,cubic,,10.577365569522968,0.25521809467417356
mp-1252148,unknown,unconfirmed_candidate,tetragonal,,-8.183155774671917,-4.079767968063537
mp-23306,0,label0,trigonal,,6.767007740069898,-1.874660932384872
mp-698687,unknown,unconfirmed_candidate,triclinic,,-6.075527687987293,-3.4474597913169536
mp-1200792,unknown,unconfirmed_candidate,monoclinic,,12.656823249544246,9.00161176480595
mp-9785,unknown,unconfirmed_candidate,tetragonal,,-4.783251421330039,0.11463814667795447
mp-1227410,unknown,unconfirmed_candidate,monoclinic,Mn,6.178821735306327,-5.206450767267151
mp-20283,unknown,unconfirmed_candidate,triclinic,,-6.324899911960351,10.38961444871671
mp-504741,unknown,unconfirmed_candidate,orthorhombic,,19.03522446822746,11.039578761900998
mp-1176887,0,label0,triclinic,,0.3790634711793466,-7.815774219145409
mp-1188077,unknown,unconfirmed_candidate,orthorhombic,,18.270699096012777,-1.0744378113944144
mp-2217334,0,label0,monoclinic,,-3.094022020092307,3.3076705405205544
mp-1397070,0,label0,orthorhombic,,-13.134816592211614,16.284734650233315
mp-961657,0,label0,cubic,,8.836726291511905,-4.951312550711407
mp-758670,unknown,unconfirmed_candidate,monoclinic,,-4.939390690792006,-0.7735933417279242
mp-1179245,unknown,unconfirmed_candidate,triclinic,,-6.784458119802842,-1.9903665168257074
mp-1195747,unknown,unconfirmed_candidate,trigonal,,-11.116515769479332,3.926520257625409
mp-1180294,unknown,unconfirmed_candidate,monoclinic,,-5.326636148298874,-8.405636850654616
mp-756393,unknown,unconfirmed_candidate,cubic,,-0.9956638139349145,-7.471008648682954
mp-760362,unknown,unconfirmed_candidate,monoclinic,,10.836220224059577,2.60000813773307
mp-1271940,unknown,unconfirmed_candidate,orthorhombic,,-2.2846104267334724,-3.0778455848625565
mp-4852,0,label0,monoclinic,,-9.970792314639564,10.770606801353857
mp-772517,unknown,unconfirmed_candidate,monoclinic,,-5.7928007184682535,-1.681188766858412
mp-1219211,unknown,unconfirmed_candidate,orthorhombic,,0.4220424386369359,0.6541572889570695
mp-726324,0,label0,triclinic,,-2.1329214265601735,-5.806520424053932
mp-743864,unknown,unconfirmed_candidate,monoclinic,,22.86075377001799,9.07618246276773
mp-767538,unknown,unconfirmed_candidate,monoclinic,,-5.0222569516301085,-2.2021102119193294
mp-26060,0,label0,triclinic,,-3.61439335080939,-2.541718812004877
mp-2229811,unknown,unconfirmed_candidate,triclinic,,2.866944997048961,-5.188452984851507
mp-2360071,0,label0,monoclinic,,0.8082542991208577,-4.0498608553403805
mp-1246408,unknown,unconfirmed_candidate,triclinic,,-0.9154732313914948,-4.873178820915854
mp-1210645,unknown,unconfirmed_candidate,cubic,,-4.5312053435727435,-0.4641544352838096
mp-979271,unknown,unconfirmed_candidate,tetragonal,,2.378628501742373,-3.418445141214832
mp-1228091,0,label0,tetragonal,,-11.839608632103374,-2.17450762283913
mp-677135,unknown,unconfirmed_candidate,tetragonal,,-2.5667035565197445,-2.7588405279668446
mp-1200515,unknown,unconfirmed_candidate,orthorhombic,,14.369918312871363,3.8435110469861904
mp-2218622,unknown,unconfirmed_candidate,monoclinic,,-4.901434758215718,1.5876401915761171
mp-1216361,unknown,unconfirmed_candidate,orthorhombic,,-4.609228622334147,-2.1576987090564064
mp-836207,unknown,unconfirmed_candidate,monoclinic,,15.917706777676631,6.806863969378977
mp-561045,0,label0,tetragonal,,-8.281401740795765,-5.8738179321902315
mp-1094445,0,label0,monoclinic,,-0.2033499464159263,0.9349912965169729
mp-777339,unknown,unconfirmed_candidate,triclinic,,-5.4911053957908,11.973331423148732
mp-1205097,0,label0,triclinic,,-16.39015824083385,18.232762281338655
mp-1206628,0,label0,tetragonal,,7.091960042825692,-2.622263558503249
mp-1217661,unknown,unconfirmed_candidate,monoclinic,,-3.2270975602321386,-5.437029581567659
mp-1176702,unknown,unconfirmed_candidate,monoclinic,,-17.28226920532387,13.960602278749661
mp-1235627,unknown,unconfirmed_candidate,triclinic,,-5.637331873136418,-3.9393620447480213
mp-753271,unknown,unconfirmed_candidate,monoclinic,,12.608698142242996,4.311081963687439
mp-1238876,unknown,unconfirmed_candidate,orthorhombic,,-4.2356021680337435,-1.4070187958099787
mp-10533,unknown,unconfirmed_candidate,orthorhombic,,-0.6734762731882782,-8.063282101697963
mp-1188802,unknown,unconfirmed_candidate,triclinic,,-7.697988045219795,10.468257828399803
mp-1222102,unknown,unconfirmed_candidate,triclinic,,7.131218872221332,-7.630944831368943
mp-867239,0,label0,cubic,,17.089049853701383,6.581653572081429
mp-2229031,unknown,unconfirmed_candidate,triclinic,,-11.348560708399006,-5.2185227929292015
mp-1046566,unknown,unconfirmed_candidate,triclinic,,-9.698635089382005,6.150227617295958
mp-1198261,unknown,unconfirmed_candidate,hexagonal,,5.2478156920263554,0.8217855651431165
mp-1199880,unknown,unconfirmed_candidate,monoclinic,,-6.963817857372959,-4.166593854356867
mp-1049266,unknown,unconfirmed_candidate,monoclinic,,-5.237250268081553,-0.7665732401869967
mp-774579,unknown,unconfirmed_candidate,triclinic,,-1.5416207997883653,-1.8888251983066322
mp-1233021,unknown,unconfirmed_candidate,triclinic,,-2.5064084019207975,-3.946014346219183
mp-1018056,0,label0,orthorhombic,,5.803302285231956,-1.7459467221360487
mp-757419,unknown,unconfirmed_candidate,orthorhombic,,-4.1842814604460585,-5.1891537735233
mp-19786,unknown,unconfirmed_candidate,tetragonal,,3.2372564650005877,-2.1867677050089256
mp-31247,unknown,unconfirmed_candidate,monoclinic,,-0.15702527206466854,-8.88326439630004
mp-1040822,unknown,unconfirmed_candidate,monoclinic,,-8.674256713225255,3.5551748138901935
mp-780334,unknown,unconfirmed_candidate,triclinic,,-4.72673791136479,2.0859531546908627
mp-1246730,unknown,unconfirmed_candidate,orthorhombic,,1.4736320588954364,3.4321450598761345
mp-1113651,0,label0,cubic,,0.9034807560353961,16.95718810756846
mp-796259,unknown,unconfirmed_candidate,orthorhombic,,-1.9273187593499124,-9.767331550090438
mp-754284,unknown,unconfirmed_candidate,triclinic,,-7.764877957453866,3.726372232176285
mp-21008,0,label0,cubic,,7.373566969397862,-3.6321608413597346
mp-26834,unknown,unconfirmed_candidate,monoclinic,,2.0498559055948746,5.3808041761705
mp-758606,unknown,unconfirmed_candidate,monoclinic,,-11.721225319509475,5.038487889514833
mp-755385,unknown,unconfirmed_candidate,triclinic,,17.92003970141324,18.13332517805455
mp-2224833,0,label0,triclinic,,9.950313298346874,7.604228413723035
mp-1190845,unknown,unconfirmed_candidate,cubic,,-2.098019753436297,-7.582006738941683
mp-2221154,unknown,unconfirmed_candidate,triclinic,,-5.834597194047074,0.6946498094682205
mp-1518617,0,label0,cubic,,2.5286752719000845,-3.0246954378014514
mp-976425,unknown,unconfirmed_candidate,orthorhombic,,-0.6571245361572906,4.265589396303074
mp-1245398,unknown,unconfirmed_candidate,orthorhombic,,-4.395335237211988,1.3327587329327564
mp-769485,unknown,unconfirmed_candidate,triclinic,,-1.2536321225028537,-1.8700199635874757
mp-1222826,0,label0,tetragonal,,12.555797557694852,-3.4924681942131137
mp-1103970,1,label1,monoclinic,Fe,1.6039554037032353,-2.378669219645184
mp-1184525,0,label0,cubic,,5.34831373330292,2.2008001213590695
mp-1219266,unknown,unconfirmed_candidate,orthorhombic,,5.924482400320072,2.67421674740557
mp-1102065,0,label0,trigonal,,-4.568489569940255,-3.646369202316574
mp-1187870,0,label0,cubic,,7.535983566908836,-2.054285500226932
mp-1176726,unknown,unconfirmed_candidate,monoclinic,,2.407177801456772,10.866615668415928
mp-862368,0,label0,cubic,,7.457582333499264,-1.3982625895432328
mp-769579,unknown,unconfirmed_candidate,monoclinic,,-3.100875621753886,3.237970251539249
mp-1192520,0,label0,monoclinic,,-6.6475477048153735,1.472466125565962
mp-1183066,0,label0,cubic,,10.156230071572478,-3.170552542362744
mp-1224896,unknown,unconfirmed_candidate,monoclinic,,14.216584586599408,-2.699446716051998
mp-1247385,unknown,unconfirmed_candidate,monoclinic,,3.6508051319365133,-2.12678186662483
mp-1223082,unknown,unconfirmed_candidate,tetragonal,,5.6340825581996885,1.5827036887001675
mp-14964,unknown,unconfirmed_candidate,orthorhombic,,-16.419384579820417,-4.4697745110033456
mp-38240,unknown,unconfirmed_candidate,tetragonal,,7.344509966214041,-3.2454386292821447
mp-21965,unknown,unconfirmed_candidate,trigonal,,-1.4660605210812747,-2.4564089170580132
mp-1042711,unknown,unconfirmed_candidate,orthorhombic,,-24.00234742278368,5.206577528996725
mp-1206548,0,label0,trigonal,,7.2837404378576895,-0.8779435459470051
mp-780495,unknown,unconfirmed_candidate,triclinic,,2.1289448086580016,17.768373146999235
mp-1180691,unknown,unconfirmed_candidate,orthorhombic,,-11.340505030776505,-3.746438746457331
mp-1218039,unknown,unconfirmed_candidate,hexagonal,,9.625919750597777,3.238607325769511
mp-1223618,0,label0,triclinic,,-13.17133181039349,5.3706595381497095
mp-1200866,unknown,unconfirmed_candidate,tetragonal,,-4.119873169005679,-4.856915163202357
mp-758546,unknown,unconfirmed_candidate,orthorhombic,,-2.0335616822966145,-2.094430684310053
mp-2236590,0,label0,triclinic,,-17.509017992775334,-4.912130762015581
mp-1200241,unknown,unconfirmed_candidate,trigonal,,-1.9357305521113126,-4.981985796023913
mp-3073,unknown,unconfirmed_candidate,monoclinic,,0.7053950548357975,-8.961331395275629
mp-1176861,unknown,unconfirmed_candidate,triclinic,,-4.315757324641986,-0.693687332571816
mp-1522133,unknown,unconfirmed_candidate,triclinic,,-11.748522313616132,-1.8524080556124236
mp-2949,0,label0,tetragonal,,14.272206384765228,7.565726320191139
mp-1184775,0,label0,hexagonal,,11.762974323962105,9.510148317454732
mp-20044,unknown,unconfirmed_candidate,tetragonal,,8.226383723159874,0.2281524579805705
mp-1093724,0,label0,orthorhombic,,16.161543180881992,5.794608140585716
mp-1035120,0,label0,orthorhombic,,1.5908036253016355,-1.4885751465092394
mp-1206767,0,label0,cubic,,16.355253970579962,8.811406057926586
mp-1097203,0,label0,orthorhombic,,6.345389558592615,-2.406142506343837
mp-1173423,unknown,unconfirmed_candidate,tetragonal,,-6.757799113341289,-5.896085169812277
mp-1196166,unknown,unconfirmed_candidate,triclinic,,4.843911142816726,-4.039625915159522
mp-1235175,unknown,unconfirmed_candidate,monoclinic,,-6.681173036134684,-1.5600768825715132
mp-1179551,0,label0,triclinic,,1.7419135910582995,-5.4217092602948505
mp-1191302,0,label0,triclinic,,-0.8814033507329206,-4.224890369075677
mp-1185400,0,label0,cubic,,-4.016132862188272,-1.4537094264349175
mp-1175368,0,label0,monoclinic,,3.3383385734616766,-6.763706197384479
mp-1290535,unknown,unconfirmed_candidate,monoclinic,,-3.3967853588430934,-5.535752774877647
mp-1096959,unknown,unconfirmed_candidate,tetragonal,,6.641818714047709,-2.077789662877956
mp-557093,unknown,unconfirmed_candidate,tetragonal,,-6.581728938188245,-8.913930017161594
mp-510404,0,label0,cubic,,4.972460651024168,-4.380598962365713
mp-1031799,0,label0,tetragonal,,-1.731317438481014,5.159276840319766
mp-1079582,unknown,unconfirmed_candidate,orthorhombic,,6.7164767658287285,-0.25042246223955544
mp-1644889,unknown,unconfirmed_candidate,triclinic,,-5.652406615675929,2.634289382992616
mp-1220950,0,label0,trigonal,,1.889963382249988,6.669981841640453
mp-1186558,unknown,unconfirmed_candidate,tetragonal,,4.429575845431906,-3.8301838960006513
mp-753471,unknown,unconfirmed_candidate,monoclinic,,2.1559818171114493,-4.377300273195425
mp-1196734,unknown,unconfirmed_candidate,monoclinic,,-5.816981291107965,0.1710101242554991
mp-1030752,0,label0,monoclinic,,8.511551617410447,-1.3128468423442392
mp-818167,unknown,unconfirmed_candidate,triclinic,,2.5143351337196265,2.263284120846535
mp-1182788,unknown,unconfirmed_candidate,monoclinic,,-2.6463734750899484,-2.968437687364508
mp-1226179,unknown,unconfirmed_candidate,triclinic,,5.772794521385462,0.11120403512698118
mp-1223930,unknown,unconfirmed_candidate,orthorhombic,,8.399421012898824,-1.7290716509980388
mp-1176828,unknown,unconfirmed_candidate,triclinic,,-5.589788190044555,-6.398245234837464
mp-22297,unknown,unconfirmed_candidate,cubic,,2.202302925651697,-7.29617185564639
mp-1221162,unknown,unconfirmed_candidate,trigonal,,19.2278879999414,6.1946527925348285
mp-1190780,0,label0,hexagonal,,-4.875376507706267,7.619711530183661
mp-19337,unknown,unconfirmed_candidate,monoclinic,,0.1613501625411473,-6.648827875317936
mp-759065,unknown,unconfirmed_candidate,orthorhombic,,-0.787635050871895,-2.2206737961506224
mp-1097487,0,label0,orthorhombic,,15.286485008370764,-0.32122502946410236
mp-561583,unknown,unconfirmed_candidate,triclinic,,-3.3706358394581244,-1.0149044799420004
mp-754004,unknown,unconfirmed_candidate,orthorhombic,,-8.692674066431291,-0.7558863181145803
mp-1210833,unknown,unconfirmed_candidate,hexagonal,,7.571434697928781,-3.530547158098443
mp-2715267,unknown,unconfirmed_candidate,monoclinic,,-1.8160625458055044,-3.8256879732501865
mp-1096818,unknown,unconfirmed_candidate,hexagonal,,-4.384069130188042,-3.9691692731950603
mp-1276416,unknown,unconfirmed_candidate,triclinic,,5.878889603830661,-7.434776847978377
mp-1080696,unknown,unconfirmed_candidate,tetragonal,,8.684559087172408,1.903514828262928
mp-16275,0,label0,tetragonal,,8.366076239790763,0.6519331184108239
mp-2217090,0,label0,monoclinic,,-1.6118966141325224,-5.914141330243353
mp-744682,unknown,unconfirmed_candidate,triclinic,,-10.834417502729437,-6.92543319002556
mp-675297,unknown,unconfirmed_candidate,triclinic,,-12.176684613476596,14.718429510537053
mp-759179,0,label0,tetragonal,,6.716519028323608,-0.5802928906121139
mp-1580470,unknown,unconfirmed_candidate,triclinic,,-5.457615924903479,0.023988144177742754
mp-998986,0,label0,cubic,,1.7978818321713668,-0.4372717606099563
mp-1181901,unknown,unconfirmed_candidate,monoclinic,,7.773120139507597,-3.7539912609021435
mp-1111695,0,label0,cubic,,-6.888173920668294,1.7215960856453094
mp-1187253,0,label0,cubic,,4.699265332581566,-0.967139814899852
mp-867845,unknown,unconfirmed_candidate,triclinic,,-3.602961114922696,-4.874460523826336
mp-758752,unknown,unconfirmed_candidate,triclinic,,3.6512144833626454,-7.909727810101815
mp-1225800,0,label0,trigonal,,8.980278135832789,1.9032617696286138
mp-775331,unknown,unconfirmed_candidate,triclinic,,-5.824093311673689,-4.653090553689735
mp-1174266,0,label0,triclinic,,-0.8971820804313282,-6.304429996141835
mp-26989,unknown,unconfirmed_candidate,orthorhombic,,-5.129676245971044,-0.46845337276275956
mp-680580,unknown,unconfirmed_candidate,tetragonal,,-3.8347906981593987,2.7089767368811764
mp-1093570,0,label0,orthorhombic,,-7.760053555636471,12.4577126781499
mp-1032922,0,label0,tetragonal,,2.226100283024369,0.06137202390468133
mp-1202070,unknown,unconfirmed_candidate,tetragonal,,-3.302912619439308,-10.123674800986771
mp-1077197,0,label0,tetragonal,,13.091270516991184,-1.68693459692801
mp-1216618,0,label0,monoclinic,,-1.5348487311930512,-6.14338060557218
mp-1182534,unknown,unconfirmed_candidate,triclinic,,-18.382812174003526,3.1285840471169557
mp-1222686,0,label0,orthorhombic,,-3.6716443316092047,-1.508380934811008
mp-21861,unknown,unconfirmed_candidate,cubic,,3.087728511310985,-4.686993196710285
mp-562090,unknown,unconfirmed_candidate,orthorhombic,,4.821024262086651,2.1824090900317863
mp-1103718,unknown,unconfirmed_candidate,cubic,,-7.842591662726051,4.016765518564991
mp-1157336,unknown,unconfirmed_candidate,cubic,,-11.743439685871436,3.636179514685196
mp-37514,0,label0,tetragonal,,8.953553318013112,2.1231945642024144
mp-1516711,unknown,unconfirmed_candidate,cubic,,-11.923380160214656,-5.721168150123846
mp-780609,unknown,unconfirmed_candidate,trigonal,,-6.421820635249713,1.12928971432099
mp-1021374,0,label0,orthorhombic,,-3.587658728508938,-1.445941952265068
mp-1095777,0,label0,orthorhombic,,19.430284494865575,-1.2106635451185888
mp-1189002,unknown,unconfirmed_candidate,hexagonal,,1.8186942452947328,3.4674966951542316
mp-799530,0,label0,triclinic,,-8.675126247835912,2.0048927244157326
mp-1199155,unknown,unconfirmed_candidate,monoclinic,,-9.396201254307254,-0.5976624747587138
mp-22718,0,label0,hexagonal,,6.869241962603732,-1.9977925009653053
mp-27616,0,label0,orthorhombic,,3.687833460941029,-5.108122442102827
mp-1234531,0,label0,triclinic,,-3.653175137919984,-6.54682019830892
mp-776555,unknown,unconfirmed_candidate,orthorhombic,,-9.283646097683839,0.39253192826938843
mp-1254289,0,label0,orthorhombic,,-14.366691265712177,10.883102221778802
mp-1197137,unknown,unconfirmed_candidate,orthorhombic,,-6.459592725293142,-6.609821909764538
mp-1354988,unknown,unconfirmed_candidate,monoclinic,,-2.7433823278729506,-5.147218560912087
mp-1185860,0,label0,trigonal,,3.5794294934229836,-8.912980069705354
mp-1217905,0,label0,orthorhombic,,16.82852226220555,4.290872986575096
mp-1210248,unknown,unconfirmed_candidate,cubic,,-13.969076500982283,-0.6648323785397032
mp-757985,unknown,unconfirmed_candidate,monoclinic,,0.04117880293154741,-6.156530728271873
mp-1216792,0,label0,monoclinic,,-6.890916522482534,0.5252050572625855
mp-1244920,unknown,unconfirmed_candidate,triclinic,,-23.745163669754803,4.112692352705984
mp-753062,unknown,unconfirmed_candidate,monoclinic,,4.609922600000587,-1.207001808441447
mp-684970,0,label0,triclinic,,0.8037078222361806,-7.521315865112472
mp-1868,unknown,unconfirmed_candidate,orthorhombic,,-0.48847512230239687,3.060602451935104
mp-22315,unknown,unconfirmed_candidate,hexagonal,,6.296332403680415,-0.9303560746750392
mp-980108,unknown,unconfirmed_candidate,monoclinic,,-2.623887890531435,0.5978300558245202
mp-990265,0,label0,triclinic,,-3.455246358019931,9.738767766147788
mp-24156,unknown,unconfirmed_candidate,orthorhombic,,4.4744583397914575,-1.4143742269585822
mp-1187575,0,label0,cubic,,6.449711358688289,21.473935858986255
mp-1218479,0,label0,orthorhombic,,-7.4285231290608635,-1.2154851024966788
mp-545467,0,label0,monoclinic,,6.791713679846332,-8.379073926563079
mp-1046217,0,label0,triclinic,,-2.345374440611355,2.6481156394056704
mp-1212043,unknown,unconfirmed_candidate,orthorhombic,,0.7432148080909045,-8.513423841712473
mp-637771,unknown,unconfirmed_candidate,cubic,,11.483729938823082,-4.4480724079493115
mp-689964,unknown,unconfirmed_candidate,monoclinic,,-2.375853175184524,-2.3635296927890153
mp-554685,unknown,unconfirmed_candidate,tetragonal,,-14.867639410666222,-6.357407200175672
mp-1244889,unknown,unconfirmed_candidate,triclinic,,-24.02924654682979,1.4894549356618718
mp-1984516,unknown,unconfirmed_candidate,triclinic,,-1.0743075017556514,0.21082229706209432
mp-1184387,0,label0,cubic,,6.080408858896748,2.0180696261694564
mp-20635,0,label0,tetragonal,,10.170623332091623,-3.0513257907869527
mp-2232814,0,label0,monoclinic,,-1.9740953720922434,-2.6267784338429045
mp-1174498,0,label0,monoclinic,,4.067392154459915,-7.91878823740087
mp-24672,unknown,unconfirmed_candidate,hexagonal,,13.67928573349164,-4.674464683313708
mp-1042925,unknown,unconfirmed_candidate,monoclinic,,-11.287324300374014,8.945503171830598
mp-571230,unknown,unconfirmed_candidate,cubic,,9.605250789941609,-0.9026526194067941
mp-1097561,0,label0,orthorhombic,,-1.4566461298140823,-1.3386968767298697
mp-1519413,0,label0,orthorhombic,,-3.3594522378637635,-7.0175042475995415
mp-772376,unknown,unconfirmed_candidate,orthorhombic,,-4.5209243142691555,1.576876027350469
mp-1205143,unknown,unconfirmed_candidate,monoclinic,,-13.986510855972583,-1.093658103965037
mp-1219209,0,label0,trigonal,,-3.29546943549909,0.062049961579518254
mp-706252,unknown,unconfirmed_candidate,triclinic,,0.2866329522470288,-3.8058313390282983
mp-1331876,unknown,unconfirmed_candidate,monoclinic,,-6.494175449377746,0.29488593937499274
mp-32017,unknown,unconfirmed_candidate,monoclinic,,-2.1484464783300226,-2.9953142668118993
mp-570876,unknown,unconfirmed_candidate,orthorhombic,,0.6790865004099835,-1.8114456543532
mp-1102890,unknown,unconfirmed_candidate,hexagonal,,-15.849804259695418,-0.49564967149837713
mp-1181407,unknown,unconfirmed_candidate,orthorhombic,,-1.9135955316293547,-2.754751698390793
mp-866783,0,label0,monoclinic,,5.331391222122679,1.4046229248883897
mp-2218054,unknown,unconfirmed_candidate,triclinic,,3.5317083271215033,-2.232074643159125
mp-1174365,0,label0,monoclinic,,-1.3292225072377413,-5.876536759478874
mp-1221398,0,label0,triclinic,,-0.0021941582516298297,-8.330974396695595
mp-1224200,unknown,unconfirmed_candidate,orthorhombic,,7.274260656675585,-1.077966125320959
mp-1095791,0,label0,orthorhombic,,5.815171499318373,-1.885058401487175
mp-1345667,unknown,unconfirmed_candidate,triclinic,,-3.547998277076264,-3.009818936816602
mp-759121,unknown,unconfirmed_candidate,triclinic,,-6.457290401710367,3.3014857980347223
mp-765588,unknown,unconfirmed_candidate,cubic,Fe,1.2077845944510486,2.4085673445928926
mp-1274653,unknown,unconfirmed_candidate,trigonal,,-6.4616655747983245,1.7681562602125638
mp-38417,unknown,unconfirmed_candidate,tetragonal,,4.731234144203011,-2.7373744728836815
mp-510526,unknown,unconfirmed_candidate,monoclinic,,-3.288340637054091,-4.692790387567538
mp-11226,0,label0,cubic,,6.751815595343178,23.90725763742662
mp-1219708,0,label0,cubic,,-8.130040693051207,0.6778652260934095
mp-1102944,unknown,unconfirmed_candidate,orthorhombic,,-2.150386759939906,5.554502740106987
mp-769201,unknown,unconfirmed_candidate,hexagonal,,-1.6200666856523007,-3.507663516407108
mp-554775,unknown,unconfirmed_candidate,orthorhombic,,4.365470990996965,0.6969660177750789
mp-1147734,unknown,unconfirmed_candidate,triclinic,,3.3238601693434227,-4.370089629153126
mp-1203798,unknown,unconfirmed_candidate,cubic,,-2.623364122209825,-2.9718392664013322
mp-1186864,0,label0,tetragonal,,5.599861842541435,-3.8402797484973625
mp-769263,unknown,unconfirmed_candidate,orthorhombic,,-2.723254813738542,-3.9273698687547345
mp-1245565,0,label0,monoclinic,,-0.48940348466045336,6.660515249780239
mp-1101295,unknown,unconfirmed_candidate,monoclinic,,-0.32255655444993536,-4.837687176483463
mp-1221410,unknown,unconfirmed_candidate,trigonal,,-2.194257032932441,3.6926915579742463
mp-753456,unknown,unconfirmed_candidate,tetragonal,,-14.046983935948163,-2.1286640764003693
mp-975346,0,label0,cubic,,-9.959195995646738,0.6339598379385194
mp-1233825,unknown,unconfirmed_candidate,triclinic,,6.938814617869587,2.0562317009094357
mp-756234,unknown,unconfirmed_candidate,cubic,,-15.807761640458324,0.9945629133242662
mp-1201504,unknown,unconfirmed_candidate,orthorhombic,,-4.2854809941048835,-7.976214565776029
mp-2230556,unknown,unconfirmed_candidate,triclinic,,15.955971138239878,21.906737341475452
mp-1176581,unknown,unconfirmed_candidate,monoclinic,,-1.8367321043682558,-5.792325668847148
mp-1225871,unknown,unconfirmed_candidate,orthorhombic,,1.7031355330268134,-6.26379244776512
mp-754460,unknown,unconfirmed_candidate,orthorhombic,,-2.7945221028756,-8.061565844518437
mp-1229299,0,label0,cubic,,-9.980765720648062,2.128552909992873
mp-1080381,0,label0,hexagonal,,-5.824869507285278,14.982925567678176
mp-1235139,0,label0,orthorhombic,,-6.450578160701905,-6.789683757311506
mp-1206888,0,label0,orthorhombic,,12.576614501404975,6.836855829282026
mp-556448,unknown,unconfirmed_candidate,trigonal,,-3.09247563517847,-2.7349540850997798
mp-1035088,0,label0,orthorhombic,,1.3627542951993767,-2.1795015480151374
mp-1519923,unknown,unconfirmed_candidate,orthorhombic,,-17.797726085265175,-5.439440038219914
mp-1021319,unknown,unconfirmed_candidate,orthorhombic,,-3.1414603071440936,-3.725034660065944
mp-755697,unknown,unconfirmed_candidate,orthorhombic,,6.819497447595557,4.964525001392431
mp-1094347,unknown,unconfirmed_candidate,orthorhombic,,5.924983554383491,-1.516907733043542
mp-1229293,unknown,unconfirmed_candidate,monoclinic,,-3.049859258545144,-5.1892116548995695
mp-1223028,0,label0,hexagonal,,14.517481296929423,0.906334770309833
mp-755890,unknown,unconfirmed_candidate,triclinic,,11.975056490611838,6.1884236345029855
mp-1215055,unknown,unconfirmed_candidate,hexagonal,,2.6774783727700537,-2.615975551068482
mp-2218263,0,label0,triclinic,,-11.1870927782671,-5.2462818113535405
mp-1519525,unknown,unconfirmed_candidate,orthorhombic,,-16.34835802395105,-5.095044848933965
mp-755496,0,label0,triclinic,,2.1272017886182617,-1.0273293216925197
mp-1147526,unknown,unconfirmed_candidate,tetragonal,,6.24509949317547,-0.10879316756800606
mp-695082,0,label0,triclinic,,-3.923742122641549,-4.91587541167341
mp-754982,unknown,unconfirmed_candidate,orthorhombic,,-7.691163458325388,-2.920912920462065
mp-1180149,unknown,unconfirmed_candidate,orthorhombic,,-15.882050134519346,-2.4936599361788367
mp-1247371,unknown,unconfirmed_candidate,triclinic,,11.353204146445055,0.6946072198314219
mp-1191565,unknown,unconfirmed_candidate,orthorhombic,,3.6484289163932324,-1.8890224988864865
mp-21150,0,label0,cubic,,2.043687177019809,-0.5493906209438748
mp-1100919,unknown,unconfirmed_candidate,monoclinic,,-3.3420668560987217,-2.2625719106833984
mp-1226993,unknown,unconfirmed_candidate,trigonal,,2.924431184855653,-2.867930581286089
mp-1229139,unknown,unconfirmed_candidate,triclinic,,6.797119392762738,1.5012798552015951
mp-765479,unknown,unconfirmed_candidate,triclinic,,-3.79247809397172,-1.5155673774485283
mp-752765,unknown,unconfirmed_candidate,triclinic,,-6.495669734999854,2.540378620014227
mp-1175416,0,label0,triclinic,,-2.103865705556892,-5.598694173875023
mp-1216074,0,label0,orthorhombic,,8.801932929967583,-1.1476213203281134
mp-1200972,unknown,unconfirmed_candidate,orthorhombic,,10.999402041539392,2.962001879419244
mp-1018659,0,label0,hexagonal,,-23.65769301208335,9.229152719831966
mp-1311086,unknown,unconfirmed_candidate,monoclinic,,0.06539465590685722,-0.9729422384933599
mp-755662,unknown,unconfirmed_candidate,monoclinic,,12.879644356681855,2.734936517739712
mp-1220187,unknown,unconfirmed_candidate,orthorhombic,,5.3263264696146955,2.398071947454845
mp-849581,unknown,unconfirmed_candidate,monoclinic,,-20.806926780197408,1.2937160910839438
mp-784958,0,label0,triclinic,,-5.065952902075296,-4.406651549249904
mp-754845,0,label0,orthorhombic,,11.165793108089895,2.267109623239975
mp-1207190,0,label0,cubic,,8.436265781003334,-0.43906022991771465
mp-1202023,unknown,unconfirmed_candidate,trigonal,,-3.4798256508915877,-3.019924803546603
mp-542804,unknown,unconfirmed_candidate,hexagonal,,9.3784748371845,-2.2622115095681785
mp-754601,unknown,unconfirmed_candidate,hexagonal,,-4.317455296112563,-2.094484820182492
mp-1189794,unknown,unconfirmed_candidate,monoclinic,,1.264687551077074,1.1146245929958098
mp-865840,unknown,unconfirmed_candidate,cubic,,-6.015359494463247,-2.492615759162449
mp-2234625,unknown,unconfirmed_candidate,triclinic,,-7.375766776194428,6.678827517911486
mp-554005,unknown,unconfirmed_candidate,orthorhombic,,4.6127119537755465,5.2069139495990235
mp-777673,unknown,unconfirmed_candidate,monoclinic,,-5.785830289657401,5.129162665313988
mp-31019,0,label0,monoclinic,,-6.041113391271079,-3.6186986060476745
mp-1031413,0,label0,tetragonal,,-8.260164960646055,0.3552804702583856
mp-2241896,0,label0,triclinic,,2.1924202937494606,-1.485232984743007
mp-1245564,0,label0,trigonal,,9.291382170815437,0.5392436900903625
mp-1245637,unknown,unconfirmed_candidate,orthorhombic,,7.0260134334547235,4.544535145582714
mp-2228995,unknown,unconfirmed_candidate,triclinic,,-3.5952380299081454,-6.17256803456875
mp-2228535,0,label0,orthorhombic,,-8.114966925897257,6.077497281428876
mp-540314,unknown,unconfirmed_candidate,triclinic,,-3.069285471487124,-0.8400447625892546
mp-851257,unknown,unconfirmed_candidate,triclinic,,11.328626700642163,6.1443990389382535
mp-1104515,0,label0,orthorhombic,,7.344389439041631,5.733127664197536
mp-1013900,0,label0,monoclinic,,-8.336067795996676,10.231866880022967
mp-1200671,0,label0,monoclinic,,-3.7960267703411645,0.5954463812783857
mp-766121,unknown,unconfirmed_candidate,orthorhombic,,-3.0463324159120653,-4.484476357860872
mp-11019,0,label0,hexagonal,,-11.450435997832855,-6.765785926772839
mp-1273062,0,label0,monoclinic,,-4.197252403194302,-2.033080098857086
mp-1042479,0,label0,tetragonal,,0.8309643453944524,-4.0106337061479085
mp-1106063,unknown,unconfirmed_candidate,orthorhombic,,2.309725237897755,2.258677805429734
mp-1040266,0,label0,tetragonal,,0.6120681845876916,-2.0339778600585046
mp-1201449,0,label0,triclinic,,-0.6455556251521841,-4.619359170384254
mp-753353,0,label0,tetragonal,,5.328011090811115,-5.976761101197617
mp-2231117,unknown,unconfirmed_candidate,triclinic,,-0.4490824090870298,6.7292672211962845
mp-1023252,unknown,unconfirmed_candidate,orthorhombic,,-9.367578183636237,13.230577403430395
mp-21414,0,label0,tetragonal,,12.190563117229534,-3.4257884027640504
mp-2713175,unknown,unconfirmed_candidate,triclinic,,0.6398306407923116,-2.8732300731219453
mp-1072097,0,label0,cubic,,-0.8079776257555622,1.9135527670007555
mp-1181747,unknown,unconfirmed_candidate,orthorhombic,,0.020894598974187772,-11.18654627854404
mp-1522403,0,label0,cubic,,-3.5726157321628094,-2.774356667236594
mp-1102538,unknown,unconfirmed_candidate,trigonal,,6.087580643247881,1.9131908841669478
mp-1176678,unknown,unconfirmed_candidate,tetragonal,,-9.680557740749272,-1.8772782997062798
mp-821363,unknown,unconfirmed_candidate,monoclinic,,7.393579142400204,7.949694034729259
mp-2712949,unknown,unconfirmed_candidate,triclinic,,-4.8964959837507145,-4.494334719958056
mp-758208,unknown,unconfirmed_candidate,monoclinic,Fe,0.13307598573600998,-1.586654448635274
mp-1111414,0,label0,cubic,,-2.052103472131588,4.441637978306154
mp-2230719,unknown,unconfirmed_candidate,triclinic,,-0.685449108378883,6.945446613310931
mp-29401,unknown,unconfirmed_candidate,monoclinic,,4.868753134693861,-2.868797714748176
mp-1201023,unknown,unconfirmed_candidate,monoclinic,,3.4740307451509036,0.8964409972065503
mp-510749,unknown,unconfirmed_candidate,orthorhombic,,0.3322423137897488,0.6342502447204197
mp-775170,unknown,unconfirmed_candidate,triclinic,,-5.164701065211112,-3.9831391645519503
mp-1981564,unknown,unconfirmed_candidate,orthorhombic,,-5.520915488249461,-6.019782217178799
mp-2229608,unknown,unconfirmed_candidate,triclinic,,12.89371985790243,8.475461005680135
mp-760920,unknown,unconfirmed_candidate,orthorhombic,,4.385216822607868,-5.9730230239459505
mp-22808,0,label0,orthorhombic,,7.847524141153906,-2.2505034119241785
mp-15483,unknown,unconfirmed_candidate,monoclinic,,0.8960370207054247,-1.8902780038918578
mp-857349,unknown,unconfirmed_candidate,orthorhombic,,-6.352990585866511,4.163242340301181
mp-1248585,0,label0,monoclinic,,-2.76874469926209,-6.351027953889057
mp-728503,unknown,unconfirmed_candidate,triclinic,,-24.699869863180886,-0.4424591088349885
mp-563018,unknown,unconfirmed_candidate,triclinic,,-7.2916272570856435,0.7187129097904048
mp-769334,unknown,unconfirmed_candidate,monoclinic,,-14.816643774253265,-6.194060878369104
mp-19027,unknown,unconfirmed_candidate,tetragonal,,4.952848586811843,-3.984360785685144
mp-770996,unknown,unconfirmed_candidate,orthorhombic,,-7.234283787807907,1.9693951727177321
mp-1521728,0,label0,cubic,,-6.237310039201187,-9.127055924899791
mp-774793,0,label0,triclinic,,0.8600666541027273,-0.5788705230216671
mp-644003,unknown,unconfirmed_candidate,monoclinic,,-2.183155485922285,-1.3972053739467007
mp-777651,unknown,unconfirmed_candidate,monoclinic,,-2.424228950701938,-4.418947126019287
mp-561261,unknown,unconfirmed_candidate,tetragonal,,4.205163337742611,-6.004311562256111
mp-1209526,0,label0,hexagonal,,-5.698334735192212,2.3155002183898787
mp-753257,unknown,unconfirmed_candidate,monoclinic,,-1.6222634354922043,-2.053508593548081
mp-1185435,0,label0,cubic,,6.752222074621384,-4.47050566864297
mp-1219600,0,label0,trigonal,,-11.346388695253449,4.22020039588061
mp-36875,0,label0,triclinic,,-2.5566321388236553,-4.759396399901258
mp-1034187,0,label0,tetragonal,,0.6455374670057417,-1.8932093255727018
mp-622209,unknown,unconfirmed_candidate,orthorhombic,,-0.8168397964505125,-2.964682043990255
mp-1207988,unknown,unconfirmed_candidate,orthorhombic,,-2.5005868928958392,-2.1058707420851697
mp-752684,unknown,unconfirmed_candidate,orthorhombic,,-24.017861186494272,10.212272556349468
mp-1212706,unknown,unconfirmed_candidate,monoclinic,,6.523546399110584,0.17658363968917
mp-1643730,unknown,unconfirmed_candidate,triclinic,,4.489534419410418,-6.359782151052043
mp-1179542,unknown,unconfirmed_candidate,orthorhombic,,-1.3465853130380232,-1.3047227653898474
mp-2218665,unknown,unconfirmed_candidate,triclinic,,8.249209752459047,-1.123263756131223
mp-558960,unknown,unconfirmed_candidate,cubic,,-9.344635520883724,-4.11268181336462
mp-11144,unknown,unconfirmed_candidate,tetragonal,,9.523402962779569,-3.0206360096400253
mp-31204,0,label0,tetragonal,,0.34633998865791327,-0.8747633762473441
mp-1181658,unknown,unconfirmed_candidate,orthorhombic,,-1.8943088184066141,2.484970306771004
mp-1192861,0,label0,monoclinic,,-0.9385194698436052,0.8269311052729513
mp-763899,unknown,unconfirmed_candidate,orthorhombic,,-1.9995380818421253,2.1467796144249327
mp-859087,unknown,unconfirmed_candidate,orthorhombic,,-5.215127132096821,-0.7860963736601398
mp-1247256,0,label0,trigonal,,-0.26548315229836916,-3.733483699186108
mp-1101971,unknown,unconfirmed_candidate,monoclinic,,2.253713350448013,14.493587435879551
mp-1185162,0,label0,cubic,,12.597563245254946,5.083395182125489
mp-556253,unknown,unconfirmed_candidate,monoclinic,,-12.184015073909613,2.4447653208748292
mp-1104285,unknown,unconfirmed_candidate,tetragonal,,1.7232381809097248,4.623795039092805
mp-1215676,0,label0,hexagonal,,2.2265305483474407,0.30190645253338744
mp-1247313,unknown,unconfirmed_candidate,triclinic,,-2.7246800209501174,3.3157420753708315
mp-1198161,unknown,unconfirmed_candidate,cubic,,7.670131919590677,-0.6633577614409134
mp-21242,0,label0,hexagonal,,4.215121569556734,0.9116564181224511
mp-20303,0,label0,orthorhombic,,12.704105747132562,-2.706033560020977
mp-1222287,0,label0,tetragonal,,3.213338654458063,-3.3795541968271365
mp-1217359,unknown,unconfirmed_candidate,tetragonal,,4.783756491196618,0.058615422683992335
mp-1046194,unknown,unconfirmed_candidate,triclinic,,2.748009760476659,-1.758452857917412
mp-766168,unknown,unconfirmed_candidate,triclinic,,-6.876516142025718,-6.734685624322692
mp-1280876,unknown,unconfirmed_candidate,triclinic,,12.86305571094508,7.885168705100622
mp-19112,unknown,unconfirmed_candidate,orthorhombic,,-12.17069339197797,0.10445146649708903
mp-1177702,unknown,unconfirmed_candidate,monoclinic,,-0.3999369846309264,-1.515721741149303
mp-1183686,0,label0,cubic,,9.646906207524662,-6.756109461377301
mp-1226412,0,label0,tetragonal,,5.299055641467691,0.26918707263851616
mp-1019724,unknown,unconfirmed_candidate,orthorhombic,,-9.506748263442791,-4.605284966251771
mp-1185254,0,label0,cubic,,7.17465079094459,0.8744137983359508
mp-2217916,0,label0,monoclinic,,-5.4319462832714365,1.788285991120155
mp-771027,unknown,unconfirmed_candidate,monoclinic,,-7.254713871800387,-0.6688420229812557
mp-2714268,0,label0,triclinic,,-6.1408319507212,-0.37163439671910936
mp-1190797,unknown,unconfirmed_candidate,hexagonal,,-0.9381276418266928,-3.046459218586323
mp-23973,unknown,unconfirmed_candidate,monoclinic,,-6.873334801608454,0.6214060962197401
mp-1206323,0,label0,cubic,,3.8587994495230316,-3.4791998687809382
mp-1041606,unknown,unconfirmed_candidate,orthorhombic,,-14.31488231130411,22.213917808393067
mp-973579,0,label0,cubic,,8.79781003006069,2.36233322817791
mp-1222641,0,label0,triclinic,,3.2474635280666053,-8.428382702485404
mp-727638,unknown,unconfirmed_candidate,cubic,,-0.5599086638445421,-3.773620987637992
mp-1184021,unknown,unconfirmed_candidate,hexagonal,,4.653752945210485,-4.616763966331
mp-556675,0,label0,orthorhombic,,-0.11718913085831417,-6.310280124666582
mp-697855,unknown,unconfirmed_candidate,triclinic,,-5.0027725222616795,-2.3211919012308133
mp-1226422,0,label0,hexagonal,,6.316522705799645,-3.0084937708055115
mp-1072345,0,label0,tetragonal,,7.064821296016341,1.7969297666419273
mp-980192,0,label0,tetragonal,,18.014394451340234,6.700885319763856
mp-759339,unknown,unconfirmed_candidate,monoclinic,,0.757857835696754,-7.584665594468737
mp-36592,0,label0,tetragonal,,1.6554687352665631,0.6685681364416709
mp-759246,unknown,unconfirmed_candidate,triclinic,,-4.6229186934267865,-3.7947047671974516
mp-772638,unknown,unconfirmed_candidate,orthorhombic,,-11.024856981690217,-5.528094356753396
mp-1521008,0,label0,cubic,,-12.243231317279044,-2.8513246550600613
mp-1232111,unknown,unconfirmed_candidate,cubic,,-0.5822949659038912,-6.580320944814927
mp-1217782,unknown,unconfirmed_candidate,orthorhombic,,-8.206646749306536,0.41772713977855247
mp-771037,unknown,unconfirmed_candidate,monoclinic,,-1.2199457822889102,-5.0829578730386515
mp-22005,unknown,unconfirmed_candidate,monoclinic,,-12.421890079699107,-3.6775380189173053
mp-1217831,unknown,unconfirmed_candidate,hexagonal,,15.533273043764162,5.583115647632063
mp-756466,0,label0,monoclinic,,-7.500746670070779,-2.532177390434084
mp-554059,unknown,unconfirmed_candidate,monoclinic,,-2.5484893904159094,-6.661864521988038
mp-1097253,0,label0,orthorhombic,,5.290374281170083,-2.729402458923566
mp-857359,unknown,unconfirmed_candidate,monoclinic,,0.07766623800019445,-4.91457352104872
mp-1350831,unknown,unconfirmed_candidate,triclinic,,5.833055258295191,-3.8842538106650846
mp-1301481,unknown,unconfirmed_candidate,monoclinic,,6.1658735062393735,0.34226335366487604
mp-1079474,unknown,unconfirmed_candidate,orthorhombic,,7.772171931279161,-2.2767926587442453
mp-34459,unknown,unconfirmed_candidate,tetragonal,,-0.4161822952016365,-3.643513049190327
mp-761893,unknown,unconfirmed_candidate,orthorhombic,,2.7235351422530485,-1.8106826868249097
mp-771055,0,label0,cubic,,9.168779694886904,-4.86150860584319
mp-773505,0,label0,monoclinic,,-18.464606473445976,-1.7185883163144116
mp-567291,unknown,unconfirmed_candidate,orthorhombic,,-10.010323405604435,-0.40034482991831055
mp-19783,0,label0,tetragonal,,3.0918376594838577,-5.3456527684594075
mp-569962,unknown,unconfirmed_candidate,orthorhombic,,8.842825458112218,-0.4258495980220971
mp-753943,0,label0,trigonal,,5.196734139052806,-1.9617784474659636
mp-22168,0,label0,cubic,,5.080276210915882,-10.271823698463333
mp-2229127,0,label0,tetragonal,,-3.3878492007948786,-2.805747627094311
mp-759742,unknown,unconfirmed_candidate,orthorhombic,,2.0554698312943387,0.788784019942657
mp-1184319,0,label0,cubic,,25.954914180872535,4.173952661860309
mp-1042056,unknown,unconfirmed_candidate,orthorhombic,,-9.033207028707263,13.187600528520008
mp-1239267,unknown,unconfirmed_candidate,orthorhombic,,-9.384685784291271,1.7849754186401832
mp-1186517,0,label0,tetragonal,,-2.1807901350684773,6.616741777927931
mp-753613,unknown,unconfirmed_candidate,monoclinic,,-0.4624017321622631,1.112079834425188
mp-636403,0,label0,trigonal,,9.565847877059715,-4.808762816708214
mp-1003319,unknown,unconfirmed_candidate,monoclinic,,-5.923848122400344,-2.351797347528212
mp-866635,unknown,unconfirmed_candidate,cubic,,-2.3171984302679114,-1.9560599237628828
mp-20086,0,label0,tetragonal,,9.436438859418319,0.9102240355872873
mp-645418,unknown,unconfirmed_candidate,triclinic,,9.219976076054001,5.939276279270725
mp-1079217,0,label0,orthorhombic,,-0.774307909586593,2.4678749634960617
mp-1210660,unknown,unconfirmed_candidate,orthorhombic,,-3.9188148236211546,-7.430197944934632
mp-1045572,unknown,unconfirmed_candidate,monoclinic,,-2.183089306772313,2.000009827734278
mp-1214499,unknown,unconfirmed_candidate,monoclinic,,-1.1697100177707753,10.752484226870077
mp-1216744,unknown,unconfirmed_candidate,tetragonal,,2.607221370339584,-5.788468969542565
mp-2231265,unknown,unconfirmed_candidate,triclinic,,6.150563346718382,16.615564162144242
mp-746364,0,label0,tetragonal,,1.8780276018425184,-4.686308886092254
mp-1214941,unknown,unconfirmed_candidate,monoclinic,,-11.747110087587707,-4.405559340165112
mp-777608,unknown,unconfirmed_candidate,triclinic,,13.566207001167669,12.829139689999852
mp-865790,0,label0,cubic,,9.165152278704275,3.325842265649346
mp-567480,0,label0,cubic,,1.8398402420386297,1.0645809178459764
mp-1522249,0,label0,cubic,,1.8424362030371313,-3.469479298963206
mp-26910,unknown,unconfirmed_candidate,monoclinic,,2.2366424445314657,2.274761088804599
mp-1042543,unknown,unconfirmed_candidate,monoclinic,,-8.089686322587212,7.370320619985719
mp-776870,unknown,unconfirmed_candidate,monoclinic,,-9.208675498346032,0.20435264327278801
mp-1106173,unknown,unconfirmed_candidate,monoclinic,,-3.169374494020804,-8.775717862370996
mp-1048604,unknown,unconfirmed_candidate,triclinic,,1.374558022979027,1.3288958649893488
mp-1197619,0,label0,monoclinic,,4.188932515063177,-6.613541529353615
mp-1199854,0,label0,monoclinic,,3.83569348872774,-7.184671845850334
mp-1184009,unknown,unconfirmed_candidate,hexagonal,,8.192547843176618,-5.668157431071885
mp-752822,0,label0,monoclinic,,-2.0824613626423663,-2.711083729499455
mp-720897,unknown,unconfirmed_candidate,tetragonal,,-7.646311646405799,-1.2710796124492525
mp-553971,unknown,unconfirmed_candidate,monoclinic,,4.633919306585122,-5.843959541201725
mp-1222619,0,label0,trigonal,,-2.8478850615749884,-6.68875476514247
mp-1182591,0,label0,orthorhombic,,8.594763376457758,-2.7520658026067135
mp-769285,unknown,unconfirmed_candidate,monoclinic,,-9.656064646677116,-4.3806184414126985
mp-2713143,0,label0,triclinic,,-3.9081903264917024,-5.577849067797576
mp-11121,unknown,unconfirmed_candidate,orthorhombic,,2.502508735558152,-2.330889971079875
mp-17865,0,label0,hexagonal,,6.640455330646583,-0.17772044995094305
mp-1176577,0,label0,monoclinic,,-0.6106628603872437,-3.075376989721409
mp-779022,unknown,unconfirmed_candidate,orthorhombic,,1.4019081841091179,-6.89133376330612
mp-2232393,unknown,unconfirmed_candidate,triclinic,,-11.66910060585051,9.092993192632736
mp-1647282,unknown,unconfirmed_candidate,triclinic,,0.7339571268159943,-3.5669528136311097
mp-759516,unknown,unconfirmed_candidate,monoclinic,,-0.7598920872962829,-6.079792427405218
mp-1217935,unknown,unconfirmed_candidate,trigonal,,18.417765473264485,8.349014574299098
mp-1185123,0,label0,tetragonal,,5.547596881236787,-5.252944831708156
mp-1208569,unknown,unconfirmed_candidate,orthorhombic,,8.221051245901315,0.6363813891808618
mp-13374,unknown,unconfirmed_candidate,orthorhombic,,-17.407582451378246,0.36206351034321216
mp-1124,unknown,unconfirmed_candidate,hexagonal,,0.1712731876564959,0.42747483109517503
mp-1304742,unknown,unconfirmed_candidate,monoclinic,,5.392990000417646,-7.208056640800029
mp-30814,0,label0,tetragonal,,12.098458188199707,-2.45847063623291
mp-24586,unknown,unconfirmed_candidate,monoclinic,,-5.722060118215367,-1.667086625361259
mp-1213025,unknown,unconfirmed_candidate,orthorhombic,,8.405209278168416,-0.24377995902653637
mp-1213306,0,label0,monoclinic,,-4.873253089298252,-8.219649128150676
mp-1032957,0,label0,tetragonal,,-2.060066332366052,2.8485545470254436
mp-1202939,0,label0,triclinic,,-3.3548781021460563,-5.838037401859358
mp-752589,unknown,unconfirmed_candidate,orthorhombic,,-2.540714050020366,-3.617610592995538
mp-1366251,unknown,unconfirmed_candidate,tetragonal,,-5.253661443723182,-2.9638984210776815
mp-1147709,unknown,unconfirmed_candidate,orthorhombic,,2.7752461883205513,-6.45138360074964
mp-2219422,unknown,unconfirmed_candidate,monoclinic,,4.366159369838657,22.42576829152132
mp-600234,unknown,unconfirmed_candidate,monoclinic,,-2.7979937970921895,-4.748394790691119
mp-1045356,unknown,unconfirmed_candidate,tetragonal,,-2.6266049391220143,-7.121576467338667
mp-2216375,unknown,unconfirmed_candidate,monoclinic,,3.888546190718854,2.685325375644208
mp-1189051,unknown,unconfirmed_candidate,orthorhombic,,-0.17905804743212173,-6.587249604703214
mp-22234,0,label0,trigonal,,4.685027532404307,4.346746932452106
mp-1183770,0,label0,hexagonal,,10.132223290758228,-3.6249293256279813
mp-1017489,unknown,unconfirmed_candidate,orthorhombic,,-6.050761329977739,4.5306806318812285
mp-1410,0,label0,cubic,,1.0569021670496497,3.8472424714395252
mp-753126,0,label0,triclinic,,-3.0950589628150027,-2.1222427323661552
mp-1197963,unknown,unconfirmed_candidate,hexagonal,,-1.5581299861177023,-7.2604110890693825
mp-676240,unknown,unconfirmed_candidate,monoclinic,,-6.292505830227746,-3.702525386395788
mp-1030999,0,label0,tetragonal,,-6.883720538112421,-0.1852480783308792
mp-1104641,unknown,unconfirmed_candidate,cubic,,13.68391533344573,-2.1264883535868346
mp-1225254,0,label0,monoclinic,,5.538354393991886,-1.1401252577346987
mp-755636,unknown,unconfirmed_candidate,monoclinic,,-12.102647760157438,5.37248841132881
mp-1192832,0,label0,cubic,,8.55435602808589,-5.785878951828998
mp-1176563,unknown,unconfirmed_candidate,triclinic,,-6.631895053516022,13.539662336537972
mp-1179060,0,label0,cubic,,7.60927798009247,-4.117484205842944
mp-756747,unknown,unconfirmed_candidate,triclinic,,5.456107803961581,-7.156284338118411
mp-16775,unknown,unconfirmed_candidate,hexagonal,,4.0670525966058335,-2.4323112950578274
mp-9400,0,label0,trigonal,,6.694883175112432,-0.7438314535772577
mp-1205602,0,label0,cubic,,-18.379389703935388,-4.292911569355901
mp-764672,unknown,unconfirmed_candidate,triclinic,,-6.5035280872802375,13.542717418013698
mp-2220345,unknown,unconfirmed_candidate,triclinic,,-6.774723292661566,-2.0606417817681564
mp-2229780,0,label0,triclinic,,-2.145879681253124,5.686846654386709
mp-1218542,unknown,unconfirmed_candidate,orthorhombic,,-20.101517417682288,14.407413691475679
mp-571203,0,label0,tetragonal,,11.515125753392748,1.2579215007233344
mp-761157,unknown,unconfirmed_candidate,triclinic,,-4.778637178245386,-0.8045374008050636
mp-1099105,0,label0,orthorhombic,,-2.8743369616484102,1.735487269654758
mp-755032,0,label0,triclinic,,2.7297359384058524,-7.761979588267044
mp-765412,unknown,unconfirmed_candidate,triclinic,,-3.9103930689181965,-1.5430555377922346
mp-1225160,0,label0,trigonal,,-2.7175858183009787,-3.849859631009066
mp-1079272,unknown,unconfirmed_candidate,orthorhombic,,-7.473972354344578,1.586866223914484
mp-780769,unknown,unconfirmed_candidate,monoclinic,,1.869848304700458,-2.0114924663282867
mp-2714184,unknown,unconfirmed_candidate,triclinic,,-0.376165702649331,-4.07674924169876
mp-3187,unknown,unconfirmed_candidate,orthorhombic,,-27.48927998264932,-1.9464070858576168
mp-543110,unknown,unconfirmed_candidate,monoclinic,,-4.590031930460729,-9.540753165365643
mp-1233299,0,label0,triclinic,,2.165821977283958,6.053937859530965
mp-2715849,0,label0,triclinic,,-2.5587912243787443,-0.5879052661138289
mp-1210370,unknown,unconfirmed_candidate,cubic,,-18.763929247288218,-3.7702765790601642
mp-30487,0,label0,orthorhombic,,9.391052135107843,-3.648117444645443
mp-1079097,0,label0,hexagonal,,1.3057442899493132,-1.7819420041563383
mp-5172,0,label0,cubic,,9.953399417627658,-5.778427600523413
mp-1228933,unknown,unconfirmed_candidate,trigonal,,8.973204102847014,-5.238037660764844
mp-774501,unknown,unconfirmed_candidate,monoclinic,,4.736590466207375,-7.553512454225508
mp-1228089,unknown,unconfirmed_candidate,trigonal,,-5.6409057808674845,-5.490362364312109
mp-1022130,unknown,unconfirmed_candidate,orthorhombic,,2.082392637178444,-1.6974827401655403
mp-1216463,0,label0,monoclinic,,-2.427547339899249,4.772767755897167
mp-1183459,0,label0,cubic,,11.248063047233014,3.0780918393260492
mp-26865,0,label0,monoclinic,,1.5761948946387712,-0.37201204503643837
mp-1196503,unknown,unconfirmed_candidate,orthorhombic,,-15.277476704256927,0.9616387327651168
mp-1208925,unknown,unconfirmed_candidate,monoclinic,,-12.323915866242729,-1.5835877424576488
mp-1184371,0,label0,cubic,,7.439881741925522,0.7251774714875054
mp-1212810,unknown,unconfirmed_candidate,orthorhombic,,6.482813577792907,-5.089564489841477
mp-978506,0,label0,cubic,,-12.215691094081052,6.867837660393256
mp-1185276,unknown,unconfirmed_candidate,triclinic,,5.396661655526158,-3.283865126294101
mp-1200622,unknown,unconfirmed_candidate,tetragonal,,0.5829986815553454,7.172753924812522
mp-1235273,unknown,unconfirmed_candidate,monoclinic,Nd,-5.186809082014115,-2.719868501035439
mp-1393057,unknown,unconfirmed_candidate,triclinic,,8.177438847829327,19.86881076648665
mp-1047020,unknown,unconfirmed_candidate,orthorhombic,,9.012275942827593,-5.345660937518717
mp-1215626,unknown,unconfirmed_candidate,orthorhombic,,10.271968093546134,6.859845258825423
mp-22809,unknown,unconfirmed_candidate,monoclinic,,2.128294876913639,-4.609033197552723
mp-779062,unknown,unconfirmed_candidate,triclinic,,3.52793408555776,3.919642289978338
mp-1225611,unknown,unconfirmed_candidate,orthorhombic,,5.690057998047823,-1.6320715259399652
mp-1218100,unknown,unconfirmed_candidate,monoclinic,,-5.241926689449748,-5.56287414502882
mp-774239,unknown,unconfirmed_candidate,tetragonal,,-1.801019618244169,-7.161675441024125
mp-2228528,0,label0,monoclinic,,-10.186948645976141,4.934811723689307
mp-779698,unknown,unconfirmed_candidate,tetragonal,,5.00498049573657,-4.559605820883357
mp-1184480,0,label0,cubic,,16.502538585689802,1.7063444259178802
mp-1382591,0,label0,orthorhombic,,3.5662915953292718,-0.7392625676820828
mp-1186979,0,label0,hexagonal,,6.439342043203437,4.363388056490244
mp-753706,unknown,unconfirmed_candidate,hexagonal,,-6.250676824020445,-5.15753104081208
mp-1027815,0,label0,hexagonal,,-2.507391473137641,-1.0168376441061184
mp-642190,unknown,unconfirmed_candidate,cubic,,8.921258044445606,-4.376018685683848
mp-1204084,unknown,unconfirmed_candidate,cubic,,7.591807230928104,0.5429898699312545
mp-1227416,0,label0,orthorhombic,,8.619234839277505,-5.230295718612876
mp-1183351,0,label0,hexagonal,,11.749231160172428,-5.675253484918731
mp-862836,0,label0,cubic,,1.132348290038479,-4.380624985839438
mp-6233,1,label1,trigonal,,4.7849234697659835,-4.732340664424084
mp-1195189,unknown,unconfirmed_candidate,monoclinic,,0.9046888608823167,-3.903478291219198
mp-770626,unknown,unconfirmed_candidate,cubic,,-1.6834978442101232,-2.3208570548336027
mp-1189076,unknown,unconfirmed_candidate,hexagonal,,12.805820089309773,-1.3936663288710065
mp-556005,unknown,unconfirmed_candidate,trigonal,,-3.0917822580423895,-2.7161208267424772
mp-764913,unknown,unconfirmed_candidate,orthorhombic,,4.565944622094097,2.0109882368009018
mp-1104260,0,label0,trigonal,,3.0471197435237904,-1.4502090012602427
mp-505307,0,label0,triclinic,,-2.0152501640054936,1.7219298723576024
mp-1357139,unknown,unconfirmed_candidate,orthorhombic,,2.6505593436998716,-5.061348404954698
mp-1191372,unknown,unconfirmed_candidate,orthorhombic,,3.4815352203734857,1.984471224934616
mp-759235,0,label0,orthorhombic,,0.48342021170469707,-1.9901669056653137
mp-7342,unknown,unconfirmed_candidate,orthorhombic,,7.582292296988138,3.2187494439124933
mp-1216260,0,label0,orthorhombic,,10.153544702640348,0.7287876295286679
mp-2713299,unknown,unconfirmed_candidate,triclinic,,-0.21572865219471637,-6.822016987998335
mp-1078514,unknown,unconfirmed_candidate,tetragonal,,13.759339976012711,-4.650291874370694
mp-1218227,unknown,unconfirmed_candidate,orthorhombic,,11.018453845320883,-1.722244304369811
mp-780111,unknown,unconfirmed_candidate,triclinic,,-2.8178515823179033,1.0356898230323637
mp-758544,unknown,unconfirmed_candidate,monoclinic,,2.994788860310468,-6.430808982235094
mp-557939,0,label0,tetragonal,,1.128156979389459,16.805649289072303
mp-1368738,unknown,unconfirmed_candidate,monoclinic,,-23.91689597393313,8.727352524291188
mp-1216797,0,label0,monoclinic,,-3.157773509605537,-4.459707168807311
mp-818418,0,label0,trigonal,,-10.742506016098368,0.29740007258117274
mp-1101390,unknown,unconfirmed_candidate,orthorhombic,,-4.326655341225564,-3.2197088099464377
mp-1208461,unknown,unconfirmed_candidate,triclinic,,-2.6776094520900777,-0.44079935056433683
mp-1103309,0,label0,monoclinic,,-4.005693250134566,-7.081593943944343
mp-772430,unknown,unconfirmed_candidate,monoclinic,,-6.5840365760517905,-2.817401793194408
mp-1213255,unknown,unconfirmed_candidate,cubic,,-11.451391324240333,-4.503329107109186
mp-1096565,0,label0,orthorhombic,,5.7875546255711665,-2.596773143189603
mp-802450,unknown,unconfirmed_candidate,triclinic,,0.4605854280949977,-4.4069788826150464
mp-882928,unknown,unconfirmed_candidate,monoclinic,,15.451486170988698,16.890848879594305
mp-770812,unknown,unconfirmed_candidate,orthorhombic,,-22.512541199384103,1.979486233145174
mp-1195768,unknown,unconfirmed_candidate,cubic,,7.624303809372897,0.2511612218616541
mp-568663,0,label0,trigonal,,2.4513339367855274,1.7077688551111407
mp-1521236,0,label0,orthorhombic,,-5.595601395612526,-4.789578469524791
mp-780308,unknown,unconfirmed_candidate,triclinic,,-0.9475912651187421,-1.4159121575902098
mp-1038902,0,label0,orthorhombic,,7.793105309724741,5.984285028876261
mp-1192708,0,label0,monoclinic,,-4.842482705728461,-5.089546976137642
mp-1183099,0,label0,hexagonal,,4.909074563825886,-1.8878039362807169
mp-1183236,0,label0,cubic,,6.661378162069857,5.990013143602862
mp-1186606,0,label0,cubic,,8.727730833397045,-1.301154156589348
mp-565227,unknown,unconfirmed_candidate,orthorhombic,,-10.975630032260373,-4.079029310295864
mp-1274711,unknown,unconfirmed_candidate,monoclinic,,-33.6362169878262,31.395939411786127
mp-884346,0,label0,trigonal,,-1.406914737171217,13.158167624878548
mp-1272927,unknown,unconfirmed_candidate,orthorhombic,,-19.269175224346924,3.636572273788069
mp-2215787,unknown,unconfirmed_candidate,orthorhombic,,-1.662718829030947,-2.1352185122110505
mp-1226779,0,label0,tetragonal,,2.7894019153677583,-1.916850769936575
mp-1186717,0,label0,tetragonal,,5.083768597638407,5.452039876175132
mp-9806,0,label0,monoclinic,,-7.661445876689957,-1.1013124424714533
mp-1207003,unknown,unconfirmed_candidate,hexagonal,,10.452995618195546,-3.2462206962373177
mp-772590,unknown,unconfirmed_candidate,cubic,,-7.949642320267024,-0.1408236962382432
mp-1223898,unknown,unconfirmed_candidate,hexagonal,,-2.9748262283663607,-0.12018316650109284
mp-978505,0,label0,cubic,,5.9825302019395465,5.6083674442520035
mp-1221135,0,label0,orthorhombic,,-5.604845015497499,-2.1226859655032815
mp-1099331,0,label0,orthorhombic,,-3.9512836510402636,4.708931255481517
mp-36358,unknown,unconfirmed_candidate,tetragonal,,5.115601572737052,-4.126117199013613
mp-1186607,0,label0,cubic,,4.154757893286536,-2.03974729490821
mp-720204,unknown,unconfirmed_candidate,triclinic,,-10.573315803382911,3.0073342282981876
mp-2230109,unknown,unconfirmed_candidate,triclinic,,-9.652329482491986,1.351617862031258
mp-758424,unknown,unconfirmed_candidate,triclinic,,-1.0420235963573994,-5.216940811276812
mp-2216809,unknown,unconfirmed_candidate,triclinic,,-4.72650074231224,-3.1001956034533773
mp-20692,unknown,unconfirmed_candidate,orthorhombic,,-0.8636289714455252,6.636217299256078
mp-1040389,0,label0,tetragonal,,-0.11714962335738477,-1.4810337414548425
mp-779788,unknown,unconfirmed_candidate,triclinic,,3.5818605302646596,-6.237136529687001
mp-1244925,unknown,unconfirmed_candidate,triclinic,,-24.526234921277144,3.4179244669765687
mp-1028380,0,label0,orthorhombic,,-2.383002555669922,2.059542618155575
mp-770660,0,label0,triclinic,,-9.413009896501201,-5.963259325406522
mp-1235687,unknown,unconfirmed_candidate,triclinic,,-3.383719208890259,-3.2961726482728153
mp-1183944,0,label0,tetragonal,,5.207905742576855,-3.7988807891879333
mp-757786,0,label0,triclinic,,-4.135235035789467,-2.876853313069379
mp-532755,unknown,unconfirmed_candidate,monoclinic,,-8.900875620109908,9.083688861566255
mp-1096139,0,label0,orthorhombic,,0.52622075428636,-2.8814680164224775
mp-1214351,unknown,unconfirmed_candidate,monoclinic,,4.022433768149501,0.3293817150887328
mp-20527,0,label0,tetragonal,,14.240269466650808,5.531404755979299
mp-1225322,unknown,unconfirmed_candidate,tetragonal,,4.183216886807871,2.1785801181820155
mp-560577,unknown,unconfirmed_candidate,monoclinic,,3.110625187446626,9.886249890034577
mp-780768,unknown,unconfirmed_candidate,triclinic,,9.843296947268025,2.372057763815725
mp-1218869,unknown,unconfirmed_candidate,orthorhombic,,8.284605151036471,-1.2270118211041243
mp-1173377,0,label0,tetragonal,,-11.484369866602439,-5.1684733583497575
mp-2241182,unknown,unconfirmed_candidate,triclinic,,12.709368848869078,18.846492144585692
mp-1216819,0,label0,orthorhombic,,-5.929333330870744,4.864588757467963
mp-727247,0,label0,monoclinic,,7.369484637824062,0.9750279585062458
mp-715598,unknown,unconfirmed_candidate,triclinic,,-13.96701735777436,0.4083219751212894
mp-2716044,unknown,unconfirmed_candidate,triclinic,,-4.693749026136654,-0.6332341397494119
mp-1104057,unknown,unconfirmed_candidate,monoclinic,,1.2452838880181005,0.10522294705227608
mp-7576,unknown,unconfirmed_candidate,cubic,,10.607444054026853,9.352485622328246
mp-1298569,unknown,unconfirmed_candidate,triclinic,,1.4743851059871318,-3.500453195947795
mp-1238663,unknown,unconfirmed_candidate,orthorhombic,,0.7014561222010904,-2.857944399126623
mp-1218810,0,label0,monoclinic,,-2.5836148791985565,-4.343160776204147
mp-1206801,0,label0,cubic,,2.8956109187080017,-0.6136986534990143
mp-1112639,0,label0,cubic,,-1.5479109700959022,7.149266800495184
mp-11011,0,label0,tetragonal,,-1.8469968044533402,0.30765159071619763
mp-608468,unknown,unconfirmed_candidate,trigonal,,-3.5747921248864465,-3.0457211932545434
mp-1224707,unknown,unconfirmed_candidate,orthorhombic,,16.030230989580737,4.8455133564495085
mp-1220044,unknown,unconfirmed_candidate,monoclinic,,7.134139711011757,6.049073046562107
mp-5591,0,label0,tetragonal,,4.645032071147085,1.5379365023905187
mp-1194466,unknown,unconfirmed_candidate,cubic,,-1.2369506016000216,-6.611991937922802
mp-761512,0,label0,trigonal,,-5.121646046089097,-8.717708659521525
mp-1200087,unknown,unconfirmed_candidate,cubic,,-1.2429934679494181,-4.384003038424483
mp-6908,0,label0,hexagonal,,1.6358726561945325,0.40430077756322547
mp-1034728,0,label0,tetragonal,,-7.710359406388164,2.364193576601398
mp-27913,0,label0,trigonal,,-6.367497548655059,-5.4217818111046405
mp-554001,unknown,unconfirmed_candidate,orthorhombic,,-3.2430515906957567,-1.9194269786096392
mp-1184677,0,label0,cubic,,2.6263866983566686,0.0017594578788653337
mp-1194713,unknown,unconfirmed_candidate,monoclinic,,0.7466324863099416,3.313907445861613
mp-2230652,unknown,unconfirmed_candidate,triclinic,,3.10115828771794,4.34155935442859
mp-558415,unknown,unconfirmed_candidate,monoclinic,,2.8746069254028512,-5.534479033157014
mp-1219439,unknown,unconfirmed_candidate,orthorhombic,,15.011170171915513,11.031480272997246
mp-1147720,0,label0,tetragonal,,12.78589890243455,-3.159072466586684
mp-1200836,unknown,unconfirmed_candidate,trigonal,,-3.538209154199752,-3.0379423925580564
mp-1067160,0,label0,trigonal,,0.8097151982786777,-4.565871306995573
mp-1199279,unknown,unconfirmed_candidate,tetragonal,,0.045635674558148764,2.6068110772137025
mp-754526,0,label0,orthorhombic,,1.1532368079267528,8.391734727676798
mp-641565,unknown,unconfirmed_candidate,orthorhombic,,17.75731557732978,6.009775227722351
mp-9961,unknown,unconfirmed_candidate,hexagonal,,3.0334884685753423,-0.5486492204195272
mp-1102526,0,label0,tetragonal,,-9.035367510655945,-1.6981697899462382
mp-772159,unknown,unconfirmed_candidate,monoclinic,,8.910459117201059,-0.986960460324326
mp-27264,unknown,unconfirmed_candidate,orthorhombic,,-5.9407897843292545,4.445791798623951
mp-2217502,unknown,unconfirmed_candidate,triclinic,,2.7704281036091416,7.3358629675648395
mp-1214887,unknown,unconfirmed_candidate,tetragonal,,-0.30293868851622463,-5.634147521114805
mp-1215414,unknown,unconfirmed_candidate,orthorhombic,,4.800567889181682,-2.6818745572448908
mp-1192157,unknown,unconfirmed_candidate,cubic,,7.805637426661782,1.3204499251782984
mp-755670,unknown,unconfirmed_candidate,monoclinic,Fe,7.49682544251238,-4.021674321644079
mp-1013878,unknown,unconfirmed_candidate,monoclinic,,-5.665844764675864,3.4686405152992386
mp-2216434,unknown,unconfirmed_candidate,triclinic,,0.8492114506056083,-4.813249882823266
mp-982004,0,label0,hexagonal,,7.982632237184442,0.31321982876294285
mp-1175463,0,label0,monoclinic,,-2.584266987886199,-5.413633254558187
mp-19232,unknown,unconfirmed_candidate,orthorhombic,,-12.728439645313905,1.2165999906363574
mp-28957,unknown,unconfirmed_candidate,monoclinic,,2.679192445799835,-0.3645418708983783
mp-756587,unknown,unconfirmed_candidate,hexagonal,,-6.341643836523097,-8.98852787866579
mp-33705,unknown,unconfirmed_candidate,monoclinic,,-10.154844040094158,3.12433962834686
mp-1184457,0,label0,tetragonal,,11.417648142274192,9.306015254512502
mp-1236862,unknown,unconfirmed_candidate,monoclinic,,5.2332301701430755,-7.392195815502335
mp-2218993,unknown,unconfirmed_candidate,cubic,,-13.833302298432876,-4.6283686048902375
mp-17867,unknown,unconfirmed_candidate,monoclinic,,8.577985861499627,-2.8291207515477197
mp-1232490,unknown,unconfirmed_candidate,triclinic,,2.1499086181877303,10.347200800912905
mp-2228107,unknown,unconfirmed_candidate,triclinic,,1.154250551941491,-1.577781709078744
mp-757716,0,label0,monoclinic,,-3.0222225206323436,-3.197853203631933
mp-1079007,unknown,unconfirmed_candidate,orthorhombic,,10.245017438372612,0.30397782529189854
mp-616461,unknown,unconfirmed_candidate,orthorhombic,,3.0262362756558545,-2.292307160286139
mp-20139,0,label0,cubic,,-2.300440506827652,-6.242525984229621
mp-849588,unknown,unconfirmed_candidate,monoclinic,,-10.24182091160786,6.182261449238741
mp-649492,unknown,unconfirmed_candidate,orthorhombic,,-11.591242296799923,1.247072227909701
mp-1191807,unknown,unconfirmed_candidate,orthorhombic,,8.65620088961975,-1.4422985999907656
mp-1201325,unknown,unconfirmed_candidate,monoclinic,,-11.94122521540556,-2.935559246627639
mp-622640,unknown,unconfirmed_candidate,monoclinic,,-18.975802769176227,-2.2476831850446946
mp-1224607,0,label0,trigonal,,9.399950352758932,-1.3171300914904052
mp-778884,0,label0,triclinic,,-7.336381706727732,5.639554294372566
mp-21390,unknown,unconfirmed_candidate,orthorhombic,,4.683236571551463,-2.9692632173455564
mp-18937,unknown,unconfirmed_candidate,monoclinic,,-11.847472497766852,3.46588725290934
mp-1017460,0,label0,orthorhombic,,-1.8993147436922726,-0.8221156304575992
mp-1096269,0,label0,orthorhombic,,-3.3607212813113527,0.16445823685789307
mp-1220156,0,label0,tetragonal,,-8.964804504727667,-0.21158963234285366
mp-1080369,unknown,unconfirmed_candidate,cubic,,5.379684321246371,-1.9252791359125982
mp-1218946,unknown,unconfirmed_candidate,triclinic,,0.4097769875906181,5.723898973388458
mp-1518774,unknown,unconfirmed_candidate,cubic,,-11.435137178610027,-5.898950475834223
mp-1045759,unknown,unconfirmed_candidate,orthorhombic,,2.13234372598588,-3.5945627840923464
mp-12645,unknown,unconfirmed_candidate,monoclinic,,-1.337109355755043,-3.536823437789554
mp-818426,unknown,unconfirmed_candidate,monoclinic,,-0.1956430631928079,14.507675913372797
mp-1184837,0,label0,cubic,,3.6554938016931526,-0.4734668154118289
mp-1216407,unknown,unconfirmed_candidate,orthorhombic,,-5.976782234209715,2.083679637067892
mp-1177660,unknown,unconfirmed_candidate,trigonal,,-1.0357564683289588,-7.619085909171272
mp-1233358,unknown,unconfirmed_candidate,triclinic,,-14.675193894663721,4.323713970001098
mp-758685,unknown,unconfirmed_candidate,orthorhombic,,0.6147502605067281,6.849697324448442
mp-505163,unknown,unconfirmed_candidate,orthorhombic,,-15.063346936128198,-3.9489475812525967
mp-1521701,0,label0,cubic,,-7.213776904363357,-3.681567071986837
mp-759679,unknown,unconfirmed_candidate,trigonal,,-5.562051994253089,-1.019090062214918
mp-1041175,0,label0,monoclinic,,0.6348639230849216,-4.7874535121119415
mp-1232310,0,label0,cubic,,5.9009560674100445,0.264310160931867
mp-13121,0,label0,tetragonal,,4.994399672837886,1.1827181266142865
mp-567747,0,label0,trigonal,,-2.342421670316874,-4.396610634558984
mp-9812,unknown,unconfirmed_candidate,trigonal,,2.467032508688032,-5.893357048843592
mp-1329603,0,label0,triclinic,,-4.2019228668487045,0.012963019806914389
mp-1227047,0,label0,tetragonal,,15.435818479867146,6.727752050214388
mp-1202669,unknown,unconfirmed_candidate,monoclinic,,0.3875774113802919,-1.3674750015873656
mp-1217817,0,label0,trigonal,,0.37544067322270536,-0.574900997783498
mp-1217478,0,label0,tetragonal,,7.667070223769832,1.5900653580753605
mp-1218311,unknown,unconfirmed_candidate,monoclinic,,4.787981752970211,-1.3273833079376178
mp-22544,0,label0,trigonal,,-14.830011969784302,-4.414967575936174
mp-771733,unknown,unconfirmed_candidate,monoclinic,,-13.362850930257366,1.414157701466511
mp-30495,0,label0,hexagonal,,3.8835382096890445,-0.014152457986902789
mp-1215304,unknown,unconfirmed_candidate,orthorhombic,,13.695641185505282,-0.7027447009709356
mp-1228039,unknown,unconfirmed_candidate,monoclinic,,5.443865696534159,-5.302867499413184
mp-1213347,0,label0,monoclinic,,-2.515190964689964,-8.147326268973298
mp-770426,0,label0,hexagonal,,-5.925777317720023,-9.734825792446891
mp-2237154,0,label0,triclinic,,-0.8165708157498663,-3.6031910182943854
mp-1226078,unknown,unconfirmed_candidate,monoclinic,,4.5195708633482,-1.7094288379142988
mp-559031,unknown,unconfirmed_candidate,hexagonal,,8.74953689174846,5.811097971336935
mp-758494,unknown,unconfirmed_candidate,monoclinic,,1.2687831382754382,1.1708005397535572
mp-865091,0,label0,cubic,,2.487326584314733,-2.56297162503823
mp-1191956,unknown,unconfirmed_candidate,orthorhombic,,10.704942001136532,-0.11906433391155957
mp-27383,unknown,unconfirmed_candidate,monoclinic,,3.1198256216266564,-8.783636166292416
mp-782726,unknown,unconfirmed_candidate,triclinic,,-1.7129908866172059,-2.7030563060906143
mp-770953,unknown,unconfirmed_candidate,orthorhombic,,-15.737343744284857,14.26312332518409
mp-674502,0,label0,triclinic,,-5.759210606469079,1.574701488427472
mp-1224755,unknown,unconfirmed_candidate,monoclinic,,-0.6414475710380358,42.99927922720141
mp-1523183,0,label0,cubic,,-1.2300164972585996,-2.014350477061832
mp-1210039,unknown,unconfirmed_candidate,orthorhombic,,-3.7744955654070793,9.197127091009985
mp-1202753,unknown,unconfirmed_candidate,trigonal,,-11.621104746900333,5.748677789383496
mp-1193581,unknown,unconfirmed_candidate,cubic,,9.003647142348115,-5.664509374877031
mp-755624,unknown,unconfirmed_candidate,orthorhombic,,-35.57305711306717,8.113467788226334
mp-20447,0,label0,orthorhombic,,3.657141213396553,2.758045736563215
mp-755801,unknown,unconfirmed_candidate,monoclinic,,-12.593560276707535,7.435004018514441
mp-780987,0,label0,triclinic,,-12.947199749026929,0.6330880986259899
mp-780241,unknown,unconfirmed_candidate,tetragonal,,-1.545864680630654,-5.508462349684647
mp-675115,unknown,unconfirmed_candidate,triclinic,,-2.0821587574040166,-0.7249346542748505
mp-1367369,unknown,unconfirmed_candidate,orthorhombic,,3.026996702302956,-3.234247209892686
mp-765473,unknown,unconfirmed_candidate,orthorhombic,,-2.1822543799463574,-5.966602400455052
mp-763489,unknown,unconfirmed_candidate,orthorhombic,,-4.313668175081048,1.4817160675737249
mp-771136,unknown,unconfirmed_candidate,trigonal,,-0.566910778321077,-9.98833355308561
mp-1217996,0,label0,trigonal,,-1.2362392588519917,-6.941578804053796
mp-1174685,unknown,unconfirmed_candidate,triclinic,,3.626976563017699,-7.375995058006325
mp-698264,unknown,unconfirmed_candidate,triclinic,,0.7107161804427626,-2.6636693445307884
mp-760154,unknown,unconfirmed_candidate,triclinic,,10.11356206674611,1.32845920607096
mp-1183301,0,label0,cubic,,14.031206697581421,-5.033232680056134
mp-1209645,unknown,unconfirmed_candidate,orthorhombic,,-4.983562838054375,0.41644637147146213
mp-1079440,0,label0,hexagonal,,5.704338360941339,-1.9280580713824627
mp-2567,unknown,unconfirmed_candidate,cubic,,10.483084477044342,2.086372703184029
mp-1215240,unknown,unconfirmed_candidate,orthorhombic,,9.88030742472946,-2.524017079433758
mp-758193,unknown,unconfirmed_candidate,orthorhombic,,1.3448657323583966,3.928433470181435
mp-757813,unknown,unconfirmed_candidate,tetragonal,,6.105903456518849,-7.0254448643263565
mp-1191885,0,label0,cubic,,4.512341995898174,-5.0147587615298335
mp-2217621,unknown,unconfirmed_candidate,hexagonal,,7.003245137541175,-2.0464725020350123
mp-757620,unknown,unconfirmed_candidate,monoclinic,,4.356376549168935,3.4356517045626447
mp-551613,0,label0,tetragonal,,-0.3210138811397769,-7.469582417356685
mp-1043200,unknown,unconfirmed_candidate,orthorhombic,,5.74335959971971,-2.219508409964847
mp-11296,0,label0,hexagonal,,-1.999132253222502,3.8449888981993325
mp-972380,unknown,unconfirmed_candidate,orthorhombic,,-12.331104137651664,-5.612385633964266
mp-1205409,unknown,unconfirmed_candidate,monoclinic,,6.759393768315606,-3.270551960733048
mp-1080358,unknown,unconfirmed_candidate,monoclinic,,5.619253699570827,-1.7946897640524142
mp-1205576,0,label0,cubic,,-15.539875027262667,-6.184487566372086
mp-764721,unknown,unconfirmed_candidate,monoclinic,,3.8034077474786976,4.023858783640385
mp-758649,0,label0,triclinic,,-3.5933648932140727,-3.8471000263808293
mp-16519,unknown,unconfirmed_candidate,cubic,,8.58082716940456,-4.447648208646665
mp-608366,unknown,unconfirmed_candidate,orthorhombic,,3.1668752546701686,4.2782145650701295
mp-1044166,unknown,unconfirmed_candidate,monoclinic,,-4.729789611166247,-2.08379573071657
mp-1232347,unknown,unconfirmed_candidate,trigonal,,4.6228701498882945,-5.661568730994533
mp-2242152,unknown,unconfirmed_candidate,monoclinic,,-10.738041315703573,2.203242431550372
mp-1184348,0,label0,cubic,,0.16764527660019368,-6.313915010843303
mp-1096229,0,label0,orthorhombic,,10.023197253248982,-3.263478397929987
mp-19975,unknown,unconfirmed_candidate,orthorhombic,,-18.488907117015387,-4.988403905821004
mp-11597,0,label0,tetragonal,,-7.358489625344351,2.661629632026383
mp-1518619,unknown,unconfirmed_candidate,triclinic,,-10.269627071968447,-3.4720677417436434
mp-6127,unknown,unconfirmed_candidate,tetragonal,,1.9409373484014054,-0.7256423399074485
mp-752779,0,label0,monoclinic,,-8.932249960936083,2.822225957281862
mp-1067129,0,label0,cubic,,17.416496291800986,7.09778648975794
mp-1079056,0,label0,tetragonal,,6.980995629291039,-3.072393416050721
mp-1093889,0,label0,orthorhombic,,5.342082524617911,-4.260786489460589
mp-1520420,0,label0,cubic,,-11.998483603783061,5.028320386438875
mp-21173,0,label0,cubic,,4.94956083673673,-9.19698421955001
mp-1218997,0,label0,trigonal,,10.25708240299487,1.2678797427275086
mp-866200,0,label0,cubic,,-0.009292863764933657,-2.2341408674441965
mp-8187,0,label0,orthorhombic,,-0.9344242873022566,-4.124064799615688
mp-1198260,unknown,unconfirmed_candidate,cubic,,7.6352085853913945,1.6385156423105123
mp-1217818,0,label0,hexagonal,,-19.453045246020025,1.6166646446187585
mp-651601,unknown,unconfirmed_candidate,orthorhombic,,0.7722347927260529,9.958960139810223
mp-866064,0,label0,cubic,,3.146360172331107,-4.5894541549545185
mp-1106336,unknown,unconfirmed_candidate,hexagonal,,6.872670549518066,-0.5473123281401584
mp-1577058,unknown,unconfirmed_candidate,monoclinic,,-5.226853133861763,-3.1083002761736314
mp-776295,unknown,unconfirmed_candidate,orthorhombic,,-1.7317936927978685,-3.8551098762245193
mp-1521024,0,label0,cubic,,-13.023404949985675,-2.763566273291831
mp-865908,unknown,unconfirmed_candidate,cubic,,12.085952482437143,4.069003831010743
mp-1213635,unknown,unconfirmed_candidate,monoclinic,,-5.625196862682188,0.7219581942179971
mp-1113199,0,label0,cubic,,5.096989237321928,-1.0288604669246872
mp-972524,0,label0,hexagonal,,6.596013031861991,-0.994503869496949
mp-772667,unknown,unconfirmed_candidate,monoclinic,,0.40668073159316975,-3.10527340462216
mp-1147690,0,label0,tetragonal,,22.103472397834285,11.639908503214677
mp-645405,unknown,unconfirmed_candidate,tetragonal,,-7.814642762473007,1.4976230339639933
mp-1205856,0,label0,cubic,,3.3475740575258772,-1.6291580948920927
mp-757306,unknown,unconfirmed_candidate,monoclinic,,2.0372160129280275,-2.808388862676713
mp-1199642,unknown,unconfirmed_candidate,monoclinic,,-3.352716321490256,-5.325093464033662
mp-759063,unknown,unconfirmed_candidate,orthorhombic,,-1.016680811823722,1.1865644152399284
mp-1212746,unknown,unconfirmed_candidate,cubic,,5.169122758891136,5.6914927891271105
mp-1227267,unknown,unconfirmed_candidate,orthorhombic,,-5.806639300810787,-0.34626118985145027
mp-567814,unknown,unconfirmed_candidate,tetragonal,,-4.238410980020845,1.5796561274546974
mp-1100903,0,label0,orthorhombic,,-14.713264214921523,-3.4804855284801857
mp-755720,0,label0,monoclinic,,1.5169622174298851,-8.827943917626419
mp-26133,unknown,unconfirmed_candidate,monoclinic,,-0.46836534244279804,1.7688674464629024
mp-860885,unknown,unconfirmed_candidate,orthorhombic,,-1.7028856601292048,-0.4258275588655458
mp-1200155,0,label0,triclinic,,-1.1645102776874232,-5.664419955822961
mp-1220587,0,label0,trigonal,,15.259727853925948,3.93918412743119
mp-977145,0,label0,tetragonal,,12.862447581927988,8.413473060143303
mp-759835,0,label0,hexagonal,,8.199344920589796,-5.350220407456742
mp-17418,unknown,unconfirmed_candidate,monoclinic,,-12.60762911696673,13.408071322296571
mp-1072888,unknown,unconfirmed_candidate,hexagonal,,-0.8247561175551148,2.0152994444736265
mp-764500,unknown,unconfirmed_candidate,triclinic,,4.4394983118507145,-7.006241401516153
mp-1207390,unknown,unconfirmed_candidate,cubic,,6.401034259314288,5.707110560860851
mp-1190493,unknown,unconfirmed_candidate,monoclinic,,7.111124637176376,4.434206829381907
mp-2713560,unknown,unconfirmed_candidate,triclinic,,-2.2138448200135414,-6.623332521278639
mp-1246830,unknown,unconfirmed_candidate,orthorhombic,,7.023743712779897,-0.5648564699014145
mp-1247059,unknown,unconfirmed_candidate,orthorhombic,,-4.362741186275159,-5.980587976989934
mp-2713316,unknown,unconfirmed_candidate,triclinic,,-0.6058875545095468,-6.761450635563893
mp-1100530,0,label0,triclinic,,3.4091087066727646,-7.172310874226888
mp-1201031,unknown,unconfirmed_candidate,monoclinic,,1.3092829657704854,14.347996501868131
mp-532491,unknown,unconfirmed_candidate,triclinic,,-0.08842786776856215,5.78339956833759
mp-554388,unknown,unconfirmed_candidate,triclinic,,-1.6312038595599248,7.224734049078904
mp-1105595,unknown,unconfirmed_candidate,orthorhombic,,-0.8542183522832687,-4.997470869123864
mp-1233748,unknown,unconfirmed_candidate,monoclinic,,-3.1035103317035,1.759599338428334
mp-1215391,unknown,unconfirmed_candidate,hexagonal,,8.70172725499767,-5.252045039195064
mp-1233901,unknown,unconfirmed_candidate,triclinic,,13.903951198610585,19.152289136884374
mp-647579,unknown,unconfirmed_candidate,monoclinic,,-2.896944620822456,-0.9901996555812325
mp-1191507,unknown,unconfirmed_candidate,hexagonal,,11.547976870250299,11.70639582265153
mp-1112519,0,label0,cubic,,3.185051795571363,-0.2234458815001794
mp-760898,unknown,unconfirmed_candidate,triclinic,,10.636108222728534,1.1780047345606839
mp-720723,0,label0,monoclinic,,-6.664042927877414,-2.8003170821042715
mp-22489,unknown,unconfirmed_candidate,orthorhombic,,11.187663261638885,0.8979244450640493
mp-1517648,unknown,unconfirmed_candidate,cubic,,-16.22942803613661,-4.255571370338611
mp-1181411,unknown,unconfirmed_candidate,orthorhombic,,-13.622010049354337,-12.14119489564295
mp-1094980,0,label0,cubic,,8.641773268268029,-0.44267821783206784
mp-753924,unknown,unconfirmed_candidate,monoclinic,,-4.4089801043413885,-0.5942607998765226
mp-1212835,0,label0,trigonal,,-3.463790635148765,-5.499767818349227
mp-867913,unknown,unconfirmed_candidate,cubic,,1.2337313484550663,1.977698260579011
mp-1213323,unknown,unconfirmed_candidate,monoclinic,,1.057132902373457,4.207308041145055
mp-616215,unknown,unconfirmed_candidate,triclinic,,9.505502725726517,9.699667954939631
mp-780773,unknown,unconfirmed_candidate,triclinic,,18.897351672655837,18.355825668602524
mp-10382,0,label0,monoclinic,,5.77260878872244,0.4531315962907527
mp-1186501,0,label0,cubic,,-13.592076274826987,18.796870872245822
mp-752736,unknown,unconfirmed_candidate,orthorhombic,,-7.653514566380167,25.44051936157148
mp-1188849,unknown,unconfirmed_candidate,orthorhombic,,-1.1696366548403923,-1.0238164100743496
mp-763784,unknown,unconfirmed_candidate,monoclinic,,-6.100164219188585,-0.23698627139864925
mp-1664,unknown,unconfirmed_candidate,trigonal,,4.489004590592948,-0.883715612081307
mp-1080074,unknown,unconfirmed_candidate,hexagonal,,9.835103655318592,-1.126158851330235
mp-2217453,unknown,unconfirmed_candidate,monoclinic,,-13.44501369576539,5.8183152354817125
mp-541168,unknown,unconfirmed_candidate,monoclinic,,0.4374113120024603,-2.452072543468841
mp-1206726,0,label0,tetragonal,,13.092914637941266,-1.2878377564001031
mp-772272,unknown,unconfirmed_candidate,monoclinic,,-3.1365471530263775,-9.066327310868845
mp-756129,unknown,unconfirmed_candidate,triclinic,,-8.91532352102507,8.951837274936775
mp-752706,0,label0,triclinic,,6.250131684664064,-6.149971930332141
mp-609413,unknown,unconfirmed_candidate,hexagonal,,-16.029630721209287,12.200779857734673
mp-1351794,unknown,unconfirmed_candidate,triclinic,,-2.2244458366173845,-1.4559831664641152
mp-569298,0,label0,tetragonal,,9.746623345561924,1.1748410272271705
mp-1305141,unknown,unconfirmed_candidate,triclinic,,-5.243982407748696,-6.0546551120527266
mp-1202140,unknown,unconfirmed_candidate,monoclinic,,-5.577139202595486,-1.4961688864443676
mp-2712817,unknown,unconfirmed_candidate,monoclinic,,2.5168010672871723,-4.163077675894312
mp-30232,unknown,unconfirmed_candidate,cubic,,10.69797641390456,-1.0996900272207597
mp-1026798,0,label0,hexagonal,,-4.3250255958182855,-1.1884232935168555
mp-1099298,0,label0,orthorhombic,,-2.198469072267091,5.762822936054594
mp-766515,unknown,unconfirmed_candidate,monoclinic,,-3.273478726954078,-4.62708365991654
mp-1308196,unknown,unconfirmed_candidate,triclinic,,-2.017907852120196,-1.7084156830497257
mp-1106332,0,label0,tetragonal,,7.709820142869905,-0.42730119446367
mp-1247013,unknown,unconfirmed_candidate,orthorhombic,,8.203644351255019,-4.805998403718222
mp-1191710,unknown,unconfirmed_candidate,orthorhombic,,-13.53101203042241,4.709421187137831
mp-755882,0,label0,cubic,,-3.80594055611774,-5.94081228200943
mp-1224252,0,label0,trigonal,,-2.8366931432780085,-3.4973908190310574
mp-1192551,unknown,unconfirmed_candidate,cubic,,1.2542407726188998,-2.354468459460266
mp-1047859,unknown,unconfirmed_candidate,monoclinic,,0.1628104408175055,3.8468852147923727
mp-556109,unknown,unconfirmed_candidate,monoclinic,,-4.717901946654738,-6.685141111160265
mp-672337,unknown,unconfirmed_candidate,cubic,,15.421312583874485,5.175508074996504
mp-759691,unknown,unconfirmed_candidate,orthorhombic,,3.5991597955038905,-7.917895564359988
mp-1211506,unknown,unconfirmed_candidate,monoclinic,,-12.828578539479974,4.255722903477974
mp-4236,0,label0,trigonal,,3.441442836886715,-4.701612930068892
mp-884085,0,label0,orthorhombic,,7.788247350632597,-7.429436820914365
mp-764000,unknown,unconfirmed_candidate,monoclinic,,0.4425862265678866,-3.9898393560764944
mp-2228540,0,label0,orthorhombic,,5.7420993041671355,-4.953037635313363
mp-1206446,0,label0,tetragonal,,-1.0672522990194793,1.9087775552808992
mp-1272257,unknown,unconfirmed_candidate,triclinic,,-14.027134841947415,2.5680224151973263
mp-1105569,0,label0,trigonal,,19.829349799330465,3.039141386236359
mp-2227682,unknown,unconfirmed_candidate,monoclinic,,-6.8694627254146425,-3.2172671735427016
mp-774920,unknown,unconfirmed_candidate,orthorhombic,,-0.6868195842753302,2.3833403076854474
mp-1224050,unknown,unconfirmed_candidate,tetragonal,,-0.03444028550475409,-5.390357157474552
mp-1209890,unknown,unconfirmed_candidate,orthorhombic,,-3.3940532574942033,-2.5223987010887985
mp-1223700,0,label0,monoclinic,,-8.3775829205555,-3.3638435149369528
mp-1225223,unknown,unconfirmed_candidate,orthorhombic,,-3.9395458010815254,0.4034057343426696
mp-752957,0,label0,triclinic,,1.2241541241362022,-7.618310532009287
mp-1174248,unknown,unconfirmed_candidate,triclinic,,4.812250160499872,-7.659648727564017
mp-1101375,0,label0,trigonal,,-2.927949750815255,-6.060267066924064
mp-1225417,unknown,unconfirmed_candidate,trigonal,,-2.0929762659479927,-1.6583915114874799
mp-774777,unknown,unconfirmed_candidate,triclinic,,-3.4910081629949765,4.066724433806858
mp-1181852,0,label0,cubic,,5.54387189854393,-4.239445539193506
mp-541253,unknown,unconfirmed_candidate,orthorhombic,,-17.443766500170035,0.5761810117638326
mp-568686,unknown,unconfirmed_candidate,tetragonal,,13.110440918020235,0.8022741417004688
mp-1022196,unknown,unconfirmed_candidate,orthorhombic,,1.9357022137648237,-3.826347331875727
mp-1184323,0,label0,cubic,,6.376141956802687,13.261237014378146
mp-1111839,0,label0,cubic,,5.995797662362895,-1.79711300397042
mp-1182505,unknown,unconfirmed_candidate,monoclinic,,-14.284140431471684,-4.391313363680542
mp-1026832,0,label0,orthorhombic,,-7.346700909970277,5.2714818007256845
mp-1176774,unknown,unconfirmed_candidate,triclinic,,-1.7323016589576383,-6.780187590929277
mp-1208318,unknown,unconfirmed_candidate,orthorhombic,,8.246338548896022,7.632354373322151
mp-2227548,unknown,unconfirmed_candidate,triclinic,,6.327260488145882,-0.9012970003266787
mp-728301,unknown,unconfirmed_candidate,orthorhombic,,-4.185325906280461,-2.495693824524176
mp-1037140,0,label0,tetragonal,,3.197374284674348,-3.0381958762216374
mp-20687,1,label1,monoclinic,,2.3506784115409047,-5.984056698514014
mp-545796,0,label0,monoclinic,,-2.2379567661530757,-7.690304727922387
mp-1186269,0,label0,cubic,,7.436552314303299,5.971530439526475
mp-561922,0,label0,triclinic,,-5.32973552401732,0.6541868920426346
mp-1087499,0,label0,hexagonal,,6.63916727956958,-3.125788582855849
mp-1173242,unknown,unconfirmed_candidate,orthorhombic,,-5.65291672579891,2.2299471288433494
mp-20147,unknown,unconfirmed_candidate,orthorhombic,,14.983083889215237,-5.69990655322073
mp-608517,unknown,unconfirmed_candidate,orthorhombic,,5.28028808478863,1.9462806392347147
mp-1227926,unknown,unconfirmed_candidate,orthorhombic,Mn,5.795717568153597,-4.410259608491838
mp-1211915,unknown,unconfirmed_candidate,cubic,,-2.4635988746901596,-3.7495585341840822
mp-867869,unknown,unconfirmed_candidate,cubic,,11.4893458445374,1.3810581942578075
mp-649521,unknown,unconfirmed_candidate,orthorhombic,,9.150327107243196,-1.3249413231643086
mp-1188656,unknown,unconfirmed_candidate,orthorhombic,,6.760001601688151,3.8882445731382553
mp-1099077,0,label0,orthorhombic,,-1.6792097257832452,-1.9750335533497196
mp-26430,unknown,unconfirmed_candidate,monoclinic,,-13.56973535628697,0.006756567459763829
mp-1102468,0,label0,trigonal,,5.843441707265059,-4.142226800783803
mp-1178432,unknown,unconfirmed_candidate,monoclinic,,12.749881856846049,7.88783973127374
mp-1026490,0,label0,orthorhombic,,-2.8230851434443913,-1.1847171190593855
mp-1221272,0,label0,monoclinic,,2.9180753976718883,-0.6921221100223747
mp-1345999,unknown,unconfirmed_candidate,monoclinic,,-9.80609337697214,19.241881432685556
mp-1105281,0,label0,monoclinic,,6.310772933060839,1.8035211284716404
mp-22124,unknown,unconfirmed_candidate,orthorhombic,,-25.44995106129901,2.3625592396357646
mp-756793,0,label0,triclinic,,-1.1729992793223332,-7.899543988637941
mp-1200010,unknown,unconfirmed_candidate,monoclinic,,-13.340042704314449,10.94727654581375
mp-2715831,unknown,unconfirmed_candidate,triclinic,,-3.9469209256476283,-4.737968197685088
mp-759969,unknown,unconfirmed_candidate,monoclinic,,7.565538242810037,-6.960894159324589
mp-1355192,unknown,unconfirmed_candidate,monoclinic,,-8.278091509697727,-7.076827954599606
mp-1019733,unknown,unconfirmed_candidate,monoclinic,,-8.730676794760086,-5.981490658092277
mp-20992,0,label0,cubic,,12.518684642055167,-1.8433573128024818
mp-2217072,unknown,unconfirmed_candidate,triclinic,,-3.637669055069342,8.600701500395385
mp-1209680,0,label0,cubic,,-14.69350813987188,-11.495395307356462
mp-1211889,unknown,unconfirmed_candidate,cubic,,0.17897804105938064,0.50852203314858
mp-18988,unknown,unconfirmed_candidate,monoclinic,,-2.046829987717743,-5.431438747934937
mp-1174158,unknown,unconfirmed_candidate,monoclinic,,-0.5538286960725323,-6.6025693163661145
mp-2240893,unknown,unconfirmed_candidate,monoclinic,,-7.45465535547627,13.66934044914294
mp-1028357,0,label0,orthorhombic,,-1.3229829543755756,-0.9221080977243155
mp-4212,unknown,unconfirmed_candidate,orthorhombic,,-13.149542632957512,-1.4603585781557626
mp-1223080,0,label0,trigonal,,-2.1227020300954713,1.7143195858878215
mp-704115,unknown,unconfirmed_candidate,tetragonal,,-6.963704055713741,5.365402333973385
mp-1264368,unknown,unconfirmed_candidate,orthorhombic,,-2.0901661202812782,-0.675287907953809
mp-1215311,unknown,unconfirmed_candidate,orthorhombic,,4.3756277112976285,5.123815019929349
mp-1518653,unknown,unconfirmed_candidate,cubic,,-12.196076085354552,-5.584284273431546
mp-1228244,unknown,unconfirmed_candidate,monoclinic,,-13.661210329885385,-4.776490795940658
mp-758855,unknown,unconfirmed_candidate,triclinic,,-2.2244816517583814,-3.1002289450800458
mp-781462,0,label0,triclinic,,-1.4672476597109956,9.020113467771985
mp-862588,0,label0,cubic,,2.6210383716769776,-1.5924285106354574
mp-945,unknown,unconfirmed_candidate,tetragonal,,6.1691736608074965,-4.3385684294606754
mp-1208175,0,label0,monoclinic,,2.0064662255416046,2.6156302322278613
mp-1184313,0,label0,hexagonal,,-4.719339898060671,5.13945494012188
mp-756403,0,label0,monoclinic,,2.3039571350711476,1.0669637841223363
mp-1199549,unknown,unconfirmed_candidate,orthorhombic,,11.592184787642346,2.059674041054489
mp-1187541,0,label0,tetragonal,,8.45574421021666,-2.0280791991821427
mp-753272,0,label0,triclinic,,-4.4267356454219815,0.02090650040256037
mp-513,0,label0,orthorhombic,,9.53853685384495,-2.113781131663645
mp-608358,unknown,unconfirmed_candidate,orthorhombic,,3.7028826216124617,0.47103422938194583
mp-752941,unknown,unconfirmed_candidate,monoclinic,,9.687576186589613,14.810631047630348
mp-1189094,unknown,unconfirmed_candidate,monoclinic,,13.086395060939996,-4.071910001845664
mp-1038873,unknown,unconfirmed_candidate,hexagonal,,7.062118781615574,0.21278780447310552
mp-2229779,0,label0,monoclinic,,-1.3797046600552285,-0.5203941709371627
mp-11090,unknown,unconfirmed_candidate,orthorhombic,,4.071117716165585,-1.1425338429413863
mp-532540,unknown,unconfirmed_candidate,monoclinic,,-16.264800436638872,1.7708486892398483
mp-559019,unknown,unconfirmed_candidate,orthorhombic,,-3.6881473020986277,0.15198067718995745
mp-753059,0,label0,orthorhombic,,10.145851387127843,2.5252824894362647
mp-636525,unknown,unconfirmed_candidate,orthorhombic,,11.749661859526224,-2.977569931367121
mp-859097,unknown,unconfirmed_candidate,triclinic,,-1.9536647197999777,-2.6487677963257568
mp-2230006,0,label0,triclinic,,2.544819324903912,0.7342465538517366
mp-776334,unknown,unconfirmed_candidate,triclinic,,7.9175068031608244,2.2457077494414754
mp-1031610,0,label0,tetragonal,,4.617919404081752,0.36601115395732364
mp-765488,unknown,unconfirmed_candidate,monoclinic,,-4.05579190540114,-2.111504891278372
mp-1205438,0,label0,monoclinic,,1.0659863096002908,0.10310429267504162
mp-24824,unknown,unconfirmed_candidate,monoclinic,,-2.089735106385895,-3.74052424846054
mp-1245442,unknown,unconfirmed_candidate,monoclinic,,2.0641607273275184,3.731341567147986
mp-1226229,0,label0,hexagonal,,5.586343370273013,-0.14285336183814223
mp-1227113,unknown,unconfirmed_candidate,orthorhombic,,-22.829297517658603,-2.2047926256805095
mp-978984,0,label0,cubic,,-4.290517252228852,5.748870021255335
mp-754372,unknown,unconfirmed_candidate,monoclinic,,0.9902388206273791,2.5959070486567306
mp-622214,unknown,unconfirmed_candidate,cubic,,-8.536011387894114,-3.8946756904340365
mp-754172,unknown,unconfirmed_candidate,tetragonal,,10.896203093221166,2.2036521386852392
mp-649039,unknown,unconfirmed_candidate,orthorhombic,,-19.409954476196788,11.547929195483402
mp-760789,unknown,unconfirmed_candidate,monoclinic,,-4.600387025309502,-1.6739884517085866
mp-2230915,unknown,unconfirmed_candidate,triclinic,,8.631350525902636,-6.313121013876449
mp-17064,unknown,unconfirmed_candidate,cubic,,-1.3482052474435768,-5.356266310056304
mp-980014,0,label0,cubic,,6.784056352040677,6.331638483809055
mp-1213893,unknown,unconfirmed_candidate,orthorhombic,,2.315804261519755,5.380938176441312
mp-2230288,unknown,unconfirmed_candidate,monoclinic,,-7.488037052604302,0.9579159483735431
mp-758434,unknown,unconfirmed_candidate,monoclinic,,-2.7426048873422992,0.5931982036063879
mp-679962,unknown,unconfirmed_candidate,monoclinic,,2.290746152891085,0.6174033587203702
mp-758108,unknown,unconfirmed_candidate,monoclinic,,-6.952692674380188,5.278626327518392
mp-707879,unknown,unconfirmed_candidate,monoclinic,,7.533550092727758,0.17799930783237272
mp-779250,unknown,unconfirmed_candidate,orthorhombic,,-3.7649096588705575,-4.911736458585532
mp-1361554,unknown,unconfirmed_candidate,monoclinic,,-4.410523598031062,12.303166806354227
mp-1211484,unknown,unconfirmed_candidate,monoclinic,,-4.140981836411019,5.622682518437625
mp-818713,unknown,unconfirmed_candidate,cubic,,-13.850310083499856,0.032940196780160136
mp-2232321,unknown,unconfirmed_candidate,triclinic,,-10.125017376109245,-3.325367889669854
mp-1209169,unknown,unconfirmed_candidate,monoclinic,,-12.9834620952155,-2.193670270921782
mp-976184,unknown,unconfirmed_candidate,tetragonal,,8.632931011874408,2.5615098680325836
mp-1106100,unknown,unconfirmed_candidate,orthorhombic,,-0.6410549908966274,2.101031736190617
mp-649933,0,label0,trigonal,,-3.0892633808637058,4.3376701111236
mp-1096100,0,label0,orthorhombic,,1.9146588947901613,-4.0535476425543155
mp-2226164,0,label0,orthorhombic,,9.06798798532959,-1.7928453694125182
mp-3494,0,label0,hexagonal,,-3.031659932285063,2.1851567614963088
mp-1226051,unknown,unconfirmed_candidate,monoclinic,,6.437900539355038,-2.7771993295391724
mp-555604,unknown,unconfirmed_candidate,orthorhombic,,-2.874322801740494,-3.3552885579198275
mp-1245425,unknown,unconfirmed_candidate,orthorhombic,,0.6213531436159911,21.065868697762934
mp-1186471,0,label0,cubic,,-10.562832479976986,-5.248958125450141
mp-780573,unknown,unconfirmed_candidate,trigonal,,-5.911844417013068,1.3992253100207002
mp-23434,unknown,unconfirmed_candidate,monoclinic,,1.1658278865698932,1.4665865852911573
mp-754969,0,label0,tetragonal,,7.975150909127839,12.670299952584102
mp-21870,unknown,unconfirmed_candidate,tetragonal,,4.003705689407806,0.8609284025657047
mp-1025070,0,label0,tetragonal,,-9.033454207763715,-1.0003769017496857
mp-1650136,0,label0,triclinic,,-3.66388505863997,-5.395958390527518
mp-560711,unknown,unconfirmed_candidate,tetragonal,,2.947469099999939,-4.457753149786193
mp-1017490,unknown,unconfirmed_candidate,orthorhombic,,-5.118013206725404,8.829070419516537
mp-1222706,0,label0,trigonal,,3.8979683362791473,-1.3837757915033766
mp-1046590,unknown,unconfirmed_candidate,orthorhombic,,3.8927811770907255,-1.7118666131120577
mp-21873,unknown,unconfirmed_candidate,cubic,,3.4807676049651324,11.151888616995247
mp-2240460,0,label0,trigonal,,1.2576542969131346,14.420650570984915
mp-1177200,unknown,unconfirmed_candidate,triclinic,,-3.8293487184668322,-0.5991963832532541
mp-1078098,0,label0,tetragonal,,-3.072701299770184,0.9772413977394443
mp-755475,unknown,unconfirmed_candidate,orthorhombic,,10.582934548591926,5.723991944340074
mp-754332,0,label0,triclinic,,14.972662560871884,18.495881423326555
mp-1233662,unknown,unconfirmed_candidate,triclinic,,1.8281489088980862,0.9637611174909679
mp-862939,0,label0,cubic,,0.44153899735651336,-0.9068570261356328
mp-1201806,unknown,unconfirmed_candidate,monoclinic,,-3.82339769062094,-2.7590665172826068
mp-12444,unknown,unconfirmed_candidate,tetragonal,,10.592670378817727,-0.8192267581998571
mp-1196395,unknown,unconfirmed_candidate,orthorhombic,,0.7317151903436852,-4.4465555862878805
mp-1205500,0,label0,orthorhombic,,7.641359907651902,-2.146375662224802
mp-759188,unknown,unconfirmed_candidate,triclinic,,-22.232076051290207,17.62759277032647
mp-757007,unknown,unconfirmed_candidate,orthorhombic,,0.9532870614282842,-6.1760977186888315
mp-1280023,unknown,unconfirmed_candidate,triclinic,,-17.364871825443515,5.235290892205995
mp-760368,0,label0,trigonal,,-19.289452238314738,24.901192634803085
mp-1095932,0,label0,orthorhombic,,16.64596602661443,-1.8855356432228163
mp-568230,unknown,unconfirmed_candidate,trigonal,,-7.606092038272735,10.298020512784664
mp-1247008,unknown,unconfirmed_candidate,orthorhombic,,-8.061268153785953,3.49082995214491
mp-758775,unknown,unconfirmed_candidate,monoclinic,,2.184058278935023,1.045843989745368
mp-972147,unknown,unconfirmed_candidate,hexagonal,,-3.9818220191294103,1.0626796232846267
mp-778832,unknown,unconfirmed_candidate,triclinic,,-2.2386559975588582,-0.12095753805567355
mp-1173241,unknown,unconfirmed_candidate,monoclinic,,-6.156369056463909,1.2353983051720405
mp-2228838,0,label0,triclinic,,6.6606399367849765,-6.677728523659551
mp-1224975,0,label0,triclinic,,-1.2226358217602993,-4.899832922100909
mp-1663809,unknown,unconfirmed_candidate,monoclinic,,1.2463435911690404,-2.2914868125860313
mp-1235359,0,label0,monoclinic,,6.525735203900478,-1.7621648994725287
mp-1205180,unknown,unconfirmed_candidate,tetragonal,,10.82358110782515,12.781905018463164
mp-1246547,unknown,unconfirmed_candidate,triclinic,,0.6169967765252764,0.40679999053726945
mp-773176,unknown,unconfirmed_candidate,monoclinic,,-3.7854557253154404,-4.257218600244034
mp-757210,unknown,unconfirmed_candidate,triclinic,,2.8221264396238688,-6.948669537793862
mp-777875,unknown,unconfirmed_candidate,orthorhombic,Fe,-3.007984349943129,0.6559162289932914
mp-1195146,0,label0,triclinic,,-2.046542680498071,-5.831275006969051
mp-703231,0,label0,trigonal,,-0.8228853581008551,-0.032061809291285215
mp-554741,unknown,unconfirmed_candidate,monoclinic,,1.9114106589123345,-5.606774335845573
mp-1016853,0,label0,cubic,,-32.685659425601955,23.415903466346858
mp-1784837,0,label0,triclinic,,-12.545000442642067,7.910015075387847
mp-13287,unknown,unconfirmed_candidate,tetragonal,,12.149304072610253,-1.9679974396404543
mp-1187179,0,label0,cubic,,6.029756624805934,2.8012140656370583
mp-1026538,0,label0,orthorhombic,,-3.4704044228525817,-1.954332666268586
mp-1516265,0,label0,cubic,,-12.690616326824557,10.363256861114934
mp-770689,0,label0,orthorhombic,,-17.376614493395685,1.6621914414884706
mp-753270,unknown,unconfirmed_candidate,triclinic,,-7.372142633189728,0.4275486247782574
mp-1111493,0,label0,cubic,,1.3243441210171447,-4.521872370496373
mp-1201515,0,label0,triclinic,,16.229762945142486,14.409771811350868
mp-865369,unknown,unconfirmed_candidate,cubic,,3.835814142742576,11.21518026540798
mp-504179,unknown,unconfirmed_candidate,orthorhombic,,0.8685476103104222,-1.5085297052544515
mp-1215178,0,label0,hexagonal,,-0.8632250145737856,-5.391711525394335
mp-753404,unknown,unconfirmed_candidate,orthorhombic,,6.03838108160569,-0.047033719847224376
mp-540801,unknown,unconfirmed_candidate,monoclinic,,2.5436866772840965,-0.07910188912160265
mp-1209746,unknown,unconfirmed_candidate,orthorhombic,,4.9320853426751246,3.120669972196172
mp-723,0,label0,cubic,,10.937467846619096,-5.011938477772354
mp-1096909,unknown,unconfirmed_candidate,monoclinic,,2.857551633674394,3.6745219487758405
mp-1225448,0,label0,trigonal,,10.790760230688472,5.873413449851377
mp-961688,0,label0,cubic,,-3.0422328926089826,-0.24283274691043744
mp-1178766,0,label0,monoclinic,,1.2681391400161708,-2.4583057093235006
mp-768376,0,label0,trigonal,,-10.012793954434652,16.56641619005587
mp-1518502,unknown,unconfirmed_candidate,cubic,,-19.15229977190564,-3.62235021871496
mp-1246208,unknown,unconfirmed_candidate,tetragonal,,5.985006319527937,0.46720407851831425
mp-2458726,unknown,unconfirmed_candidate,monoclinic,,-2.2533219614001965,6.331773002702743
mp-1213091,unknown,unconfirmed_candidate,triclinic,,9.963310364445157,-4.914943455782552
mp-1102580,unknown,unconfirmed_candidate,monoclinic,,17.926568407809757,11.910777065685775
mp-999557,unknown,unconfirmed_candidate,cubic,,6.612260067166186,-3.3685742692878833
mp-2712682,unknown,unconfirmed_candidate,triclinic,,-0.5605857303251085,-5.711191146737992
mp-850404,unknown,unconfirmed_candidate,monoclinic,,2.384208847154383,-4.524475487587328
mp-2228373,0,label0,triclinic,,-1.386275595596345,-6.482486031730083
mp-30525,unknown,unconfirmed_candidate,monoclinic,,-2.720776695432125,-5.990280927067724
mp-862619,0,label0,cubic,,8.298675019795839,-1.5193762629231333
mp-752681,unknown,unconfirmed_candidate,trigonal,,-15.382192178190785,-2.587636449752898
mp-29917,unknown,unconfirmed_candidate,monoclinic,,5.325576445430082,3.8418766522451726
mp-28519,unknown,unconfirmed_candidate,triclinic,,-24.045269543800096,22.030779002947693
mp-1209803,unknown,unconfirmed_candidate,orthorhombic,,-7.340946936074921,-2.1985388356796474
mp-1087498,0,label0,tetragonal,,-1.3707178773882056,2.42069650929907
mp-1225625,0,label0,monoclinic,,2.3264091639622464,-2.7068260457518516
mp-554405,0,label0,trigonal,,-3.0993529165401164,-2.73656308631581
mp-2715066,unknown,unconfirmed_candidate,triclinic,,-2.4387846453036097,-5.735414289739966
mp-1046562,unknown,unconfirmed_candidate,orthorhombic,,8.516864123445243,-4.54741696493724
mp-1308866,0,label0,triclinic,,-1.4153890608539186,-1.846240747912935
mp-685129,unknown,unconfirmed_candidate,triclinic,,-0.9981975423636378,2.404114274657239
mp-1279363,unknown,unconfirmed_candidate,monoclinic,,3.2374452508701914,3.1946831276910856
mp-21422,unknown,unconfirmed_candidate,tetragonal,,5.653495118545251,-0.12327000681058209
mp-1093674,0,label0,orthorhombic,,2.389586936184152,-2.9953211147222767
mp-1207341,0,label0,tetragonal,,-3.6421294569366154,-2.9550036260384154
mp-1101808,unknown,unconfirmed_candidate,orthorhombic,,5.893698367400756,8.95977460460649
mp-1035402,0,label0,orthorhombic,,0.8560182666461209,-2.1632334153641857
mp-1105637,unknown,unconfirmed_candidate,monoclinic,,2.988490513869106,1.8855768175696497
mp-1179536,unknown,unconfirmed_candidate,triclinic,,-18.813948284317526,4.207446248524036
mp-1261118,unknown,unconfirmed_candidate,triclinic,,14.829288273356678,-1.2736820443489272
mp-973606,0,label0,cubic,,-3.4327406232255093,5.479780500249248
mp-561131,unknown,unconfirmed_candidate,monoclinic,,-0.26114955236075943,-4.554873996379982
mp-1203431,unknown,unconfirmed_candidate,monoclinic,,3.5090594684093652,1.0270326161593673
mp-1246346,unknown,unconfirmed_candidate,monoclinic,,6.524136625205205,3.4835426365375106
mp-8276,0,label0,trigonal,,10.273395813277833,-0.7853392926679561
mp-1221528,unknown,unconfirmed_candidate,hexagonal,,4.215763310884869,-8.409206941422902
mp-1177759,unknown,unconfirmed_candidate,triclinic,,-1.4401116456140883,-3.7807710020393355
mp-759954,unknown,unconfirmed_candidate,tetragonal,,-3.5787308346810747,-2.282327474384571
mp-778578,unknown,unconfirmed_candidate,orthorhombic,,-4.068657533191633,-6.274402566470853
mp-1206069,unknown,unconfirmed_candidate,monoclinic,,11.105461075883627,-1.5327547895091218
mp-1212958,unknown,unconfirmed_candidate,tetragonal,,-1.0037686743900416,-5.275744313713398
mp-772926,0,label0,monoclinic,,1.1535660923800357,-7.358101939330899
mp-865696,0,label0,cubic,,-3.7422900023085965,0.4976532758426657
mp-863436,unknown,unconfirmed_candidate,tetragonal,,-0.24782785664377371,2.9571849814813795
mp-1203475,unknown,unconfirmed_candidate,orthorhombic,,-0.8705114259411282,-5.914447463369703
mp-2714073,0,label0,triclinic,,-4.635967212357048,-2.9659990018031106
mp-1206438,0,label0,cubic,,-2.450294764959345,10.586806159335875
mp-1097390,0,label0,orthorhombic,,4.534659081738004,-1.365889222602501
mp-1037450,0,label0,tetragonal,,1.8632393833675636,-2.416900564671124
mp-753401,unknown,unconfirmed_candidate,orthorhombic,,-6.979115725256271,-4.532343217864385
mp-8432,0,label0,hexagonal,,16.045433783950475,0.7641712709550212
mp-573109,unknown,unconfirmed_candidate,monoclinic,,-6.735946241697619,-7.452511671442091
mp-859125,unknown,unconfirmed_candidate,monoclinic,,-13.290334225822704,7.4792252542237065
mp-1181706,unknown,unconfirmed_candidate,triclinic,,2.6231733115726072,-2.525564215516491
mp-776754,0,label0,triclinic,,-4.423610428545334,9.790114634064423
mp-850878,unknown,unconfirmed_candidate,orthorhombic,,18.333949544996827,12.95015935388404
mp-760866,0,label0,monoclinic,,-20.42218875234009,1.169206283505929
mp-30652,unknown,unconfirmed_candidate,orthorhombic,,-3.8054003443387927,-5.439462718408512
mp-1259,0,label0,cubic,,1.2933728202293864,-5.895829324445696
mp-1203935,unknown,unconfirmed_candidate,triclinic,,-13.594617768359441,-6.574184675510315
mp-1041044,unknown,unconfirmed_candidate,orthorhombic,,-8.18378913692607,0.1369995778125528
mp-1190579,unknown,unconfirmed_candidate,triclinic,,1.6578822109918896,-6.4534246450089086
mp-768485,unknown,unconfirmed_candidate,triclinic,,-4.915293041475426,-1.1545644059014073
mp-1238023,0,label0,monoclinic,,4.7897298170692135,-2.7472188093535976
mp-1247219,unknown,unconfirmed_candidate,trigonal,,2.9100085389559887,0.8956959182226285
mp-775205,unknown,unconfirmed_candidate,triclinic,,1.6615560196983203,-5.5744906855099945
mp-21611,unknown,unconfirmed_candidate,orthorhombic,,-3.7741650502977997,0.4291241886706665
mp-1021356,unknown,unconfirmed_candidate,orthorhombic,,-2.791330572812555,-0.6979256048843858
mp-1042363,unknown,unconfirmed_candidate,orthorhombic,,3.0712762941370393,-2.911667260996367
mp-1041089,unknown,unconfirmed_candidate,monoclinic,,0.6061729234248574,-0.8528498695507025
mp-554117,unknown,unconfirmed_candidate,orthorhombic,,7.062764683194178,-3.3380989813323723
mp-1203042,0,label0,monoclinic,,4.782753884094099,-2.511824298463427
mp-1103567,0,label0,tetragonal,,15.942578174610274,-1.6001069087777235
mp-774359,unknown,unconfirmed_candidate,triclinic,,-4.168043864476136,12.2595005783426
mp-1446098,unknown,unconfirmed_candidate,orthorhombic,,-10.392938455534253,2.21304824892184
mp-1105548,unknown,unconfirmed_candidate,hexagonal,,6.6762548241642765,2.180507487557442
mp-759499,0,label0,monoclinic,,-3.5490264201857187,-2.346384605861868
mp-1077147,0,label0,tetragonal,,7.707291052355915,-0.274694589741042
mp-1208606,unknown,unconfirmed_candidate,orthorhombic,,0.30096642654120487,-3.071458397575622
mp-1094125,unknown,unconfirmed_candidate,orthorhombic,,-4.643324534965387,6.510716487993378
mp-684619,0,label0,triclinic,,5.869042485680932,2.1093106397309214
mp-1197880,unknown,unconfirmed_candidate,monoclinic,,-3.279377169192223,-5.238748639069293
mp-637918,unknown,unconfirmed_candidate,tetragonal,,6.929575266449504,0.5575485192673604
mp-29742,0,label0,hexagonal,,-2.871476571724944,1.1595245738717566
mp-1183125,unknown,unconfirmed_candidate,hexagonal,,10.25052173292511,-2.462038854541328
mp-1208429,unknown,unconfirmed_candidate,monoclinic,,0.6517307937990253,-5.413744311270868
mp-1194155,0,label0,triclinic,,0.025624221560683225,-0.6452980844148932
mp-21660,unknown,unconfirmed_candidate,tetragonal,,1.9565734432395523,-2.5280492294081593
mp-1094140,0,label0,tetragonal,,12.890898901602059,1.60141983869417
mp-1245338,unknown,unconfirmed_candidate,monoclinic,,-2.333209210276916,-1.0186468323272173
mp-1201829,unknown,unconfirmed_candidate,monoclinic,,-3.652482410970709,-1.078585474186994
mp-1097338,0,label0,orthorhombic,,8.221501060163334,2.4035274593935902
mp-555271,unknown,unconfirmed_candidate,monoclinic,,5.776987918896323,9.061072479523364
mp-1025204,0,label0,trigonal,,-1.2396840019173219,-2.6693853086730606
mp-2220216,unknown,unconfirmed_candidate,monoclinic,,11.909469043531379,17.144607362417435
mp-19201,unknown,unconfirmed_candidate,orthorhombic,,6.850072172142054,-4.657400576481411
mp-1046126,0,label0,triclinic,,3.498638685943323,-2.5049929601021432
mp-24001,unknown,unconfirmed_candidate,triclinic,,-2.8423573585505366,-2.8263442480869863
mp-720199,0,label0,triclinic,,-11.654852289936148,-0.4259072681140168
mp-2228288,0,label0,monoclinic,,10.515014356944947,4.31126438188414
mp-864804,0,label0,cubic,,3.4435309202536466,0.9591823423132304
mp-1103143,unknown,unconfirmed_candidate,hexagonal,,0.9301565439439976,5.413262590209758
mp-1192440,0,label0,trigonal,,-1.1256212721096261,-2.334012578745975
mp-1178583,unknown,unconfirmed_candidate,monoclinic,,0.7215979939623196,-1.1252814574508818
mp-866692,unknown,unconfirmed_candidate,hexagonal,,-3.116966861841469,-4.5631759946595505
mp-704240,unknown,unconfirmed_candidate,trigonal,,-8.154313292345332,-6.423669814113515
mp-1228278,0,label0,triclinic,,4.647806096801935,-1.8368248209418034
mp-11492,0,label0,cubic,,9.977038185864165,-1.6069864148664657
mp-2231089,unknown,unconfirmed_candidate,monoclinic,,-4.295709580724626,-6.476247208980929
mp-753692,unknown,unconfirmed_candidate,cubic,,-3.472224443359927,-3.686934196360422
mp-1045467,unknown,unconfirmed_candidate,orthorhombic,,-1.8511265189480248,-3.8814683071316303
mp-779015,unknown,unconfirmed_candidate,monoclinic,,-8.560854487237712,-8.428028268374417
mp-1228944,0,label0,cubic,,-1.2991640924833803,8.433470072817379
mp-1309214,unknown,unconfirmed_candidate,monoclinic,,-21.447589389536155,2.4874462800557886
mp-1087538,0,label0,tetragonal,,5.272281894720477,4.42387214244145
mp-1078138,0,label0,cubic,,-2.4204487800619994,-1.7986977236407569
mp-5284,0,label0,tetragonal,,5.011558085199091,5.38555979461324
mp-25400,0,label0,monoclinic,,-2.8600105966974603,-3.5078222125836724
mp-1518238,unknown,unconfirmed_candidate,orthorhombic,,-15.354732335667101,-0.7390673959388323
mp-673675,unknown,unconfirmed_candidate,monoclinic,,1.0192874893648565,-5.962996960964455
mp-1187291,0,label0,cubic,,12.475670114351413,16.48284400119618
mp-567685,unknown,unconfirmed_candidate,cubic,,9.130017683117147,5.499625619356614
mp-759385,unknown,unconfirmed_candidate,monoclinic,,-8.743217125675919,0.07438796751575083
mp-1378814,unknown,unconfirmed_candidate,orthorhombic,,5.484572177849447,-4.609144003220898
mp-865786,0,label0,cubic,,1.968017263205219,-1.2408556468437695
mp-777470,unknown,unconfirmed_candidate,trigonal,,-5.13948042427252,12.59065697875818
mp-978544,0,label0,cubic,,5.073983230655985,-1.424540099929997
mp-862886,0,label0,cubic,,5.731309562004078,4.12599950001799
mp-1215019,0,label0,hexagonal,,12.828044767663627,-1.745303503431062
mp-1101033,0,label0,orthorhombic,,6.239630526343371,-5.57524447101304
mp-1047534,0,label0,monoclinic,,-10.414076096206959,1.4301117574682571
mp-504178,unknown,unconfirmed_candidate,monoclinic,,-0.7771462835698095,1.984691386575328
mp-1206301,0,label0,tetragonal,,3.932804350928505,-0.28175795535744186
mp-735566,unknown,unconfirmed_candidate,monoclinic,,-2.7994849007077534,-2.2215864965528827
mp-984660,0,label0,cubic,,10.581243713752352,0.917235483553565
mp-545706,0,label0,tetragonal,,8.617635939583526,13.021592756937064
mp-863721,unknown,unconfirmed_candidate,cubic,,-2.559284337961568,8.918826818594177
mp-1246402,unknown,unconfirmed_candidate,orthorhombic,,8.555045672512673,3.587467088820855
mp-1177153,unknown,unconfirmed_candidate,monoclinic,,-6.101631479424057,-4.58045882171907
mp-643741,unknown,unconfirmed_candidate,orthorhombic,,2.396453426453128,0.806306411937971
mp-863031,unknown,unconfirmed_candidate,tetragonal,,-8.76310966433347,-0.9953978617877972
mp-30621,0,label0,hexagonal,,-3.1888926245165123,-0.025002654841646432
mp-1104613,0,label0,triclinic,,-5.813667013018371,8.548241465987218
mp-1196988,unknown,unconfirmed_candidate,orthorhombic,,-7.13718511336063,-1.8056118637190917
mp-643934,unknown,unconfirmed_candidate,monoclinic,,9.341353102883188,-2.2076251231308675
mp-20974,unknown,unconfirmed_candidate,orthorhombic,,-15.325803815034007,-2.855133490252978
mp-1044611,unknown,unconfirmed_candidate,trigonal,,-0.9689110905542044,11.85095915499836
mp-705429,unknown,unconfirmed_candidate,triclinic,,-4.368613196563945,-1.8297304990983996
mp-21192,0,label0,monoclinic,,8.870905848525243,1.2320854113644408
mp-1220354,0,label0,monoclinic,,0.3913076142317031,5.160690835337903
mp-1225520,0,label0,orthorhombic,,10.40129581616412,4.730625172761563
mp-12005,0,label0,monoclinic,,2.478073783372487,0.49058061315628976
mp-1046282,unknown,unconfirmed_candidate,triclinic,,-1.946548946320867,13.60404236322778
mp-1212231,unknown,unconfirmed_candidate,orthorhombic,,13.055638208589606,2.040709906755911
mp-18907,unknown,unconfirmed_candidate,orthorhombic,,-6.470267593178569,6.1298984258431375
mp-758437,unknown,unconfirmed_candidate,orthorhombic,,4.633017620431753,-6.95612962660973
mp-12052,unknown,unconfirmed_candidate,cubic,,17.44724529693943,4.5570538153318765
mp-1222044,0,label0,monoclinic,,8.007814069857217,0.8049668237290462
mp-1032201,0,label0,tetragonal,,0.6859534265307587,-0.1890430874495479
mp-2241054,unknown,unconfirmed_candidate,monoclinic,,-0.11019355050316904,-5.726913211839534
mp-1187482,0,label0,cubic,,3.964679428853808,1.6192079283951486
mp-20405,unknown,unconfirmed_candidate,tetragonal,,0.7908267187814388,-1.9618101991037218
mp-1212363,unknown,unconfirmed_candidate,monoclinic,,0.8492466523718925,-0.535184284867487
mp-1174119,unknown,unconfirmed_candidate,triclinic,,-2.2798153686183262,-6.169868830289401
mp-1193429,0,label0,cubic,,9.02490863916979,-5.987068617862098
mp-779054,unknown,unconfirmed_candidate,triclinic,,7.75601572516902,3.9639229839361256
mp-771904,unknown,unconfirmed_candidate,cubic,,-5.470405155922659,-4.704668278720639
mp-1045551,unknown,unconfirmed_candidate,orthorhombic,,-6.152476192487249,11.315572706977676
mp-861587,0,label0,tetragonal,,11.57145552650633,-1.5260762088740698
mp-20121,unknown,unconfirmed_candidate,orthorhombic,,12.896081311767855,7.0018746284145905
mp-1210008,unknown,unconfirmed_candidate,orthorhombic,,-6.30832812753863,-10.300738673643906
mp-2220384,unknown,unconfirmed_candidate,monoclinic,,13.096828931952176,15.994035469665182
mp-1210046,unknown,unconfirmed_candidate,orthorhombic,,0.8723652579719179,1.5361934132076236
mp-1042807,unknown,unconfirmed_candidate,monoclinic,,-4.982745047064061,-0.1588177017618122
mp-777195,0,label0,monoclinic,,15.214048280059174,13.179566400809101
mp-1192370,unknown,unconfirmed_candidate,tetragonal,,-6.559376123508901,-0.7176755997624191
mp-19865,0,label0,tetragonal,,2.8879737090882998,0.2939475492176733
mp-555280,unknown,unconfirmed_candidate,trigonal,,-3.0932123731911894,-2.735128577652361
mp-764607,0,label0,monoclinic,,0.1155909477112651,-10.065248634567787
mp-1102059,unknown,unconfirmed_candidate,hexagonal,,25.92132717916185,5.937260926334993
mp-1212327,unknown,unconfirmed_candidate,monoclinic,,-9.565258089039578,-2.937026318252178
mp-1209687,unknown,unconfirmed_candidate,orthorhombic,,0.8191301735710326,4.054853570184367
mp-24096,0,label0,cubic,,-6.741756702279595,-6.729608203237984
mp-1233650,unknown,unconfirmed_candidate,triclinic,,-4.271679803578689,0.5651646180830063
mp-1105799,unknown,unconfirmed_candidate,orthorhombic,,21.421555994441817,4.697007499843995
mp-30676,unknown,unconfirmed_candidate,hexagonal,,16.063069714283003,-2.7694741752510215
mp-1196258,unknown,unconfirmed_candidate,monoclinic,,2.451687525247138,0.8619637457583238
mp-1519724,0,label0,cubic,,-1.8042378678042752,1.2416852456645628
mp-765602,0,label0,monoclinic,,2.023632183370026,1.520141624209007
mp-1093709,0,label0,orthorhombic,,3.7837678576579545,-5.249178822245973
mp-985437,0,label0,hexagonal,,-20.279157593392945,31.564592661404635
mp-2712810,0,label0,triclinic,,-0.3102161267716177,-4.604128233333023
mp-997041,0,label0,orthorhombic,,3.2568180817440133,-7.572075787910087
mp-1222858,unknown,unconfirmed_candidate,orthorhombic,,6.365962363409931,-4.255501625597589
mp-1239379,0,label0,orthorhombic,,-1.7508795092494225,0.30489866017785516
mp-1187275,0,label0,tetragonal,,15.362422744844714,13.105902374204273
mp-1079811,unknown,unconfirmed_candidate,orthorhombic,,6.794968627464007,-3.5358601605983484
mp-1209845,unknown,unconfirmed_candidate,orthorhombic,,1.119802742708309,1.4790171961385283
mp-1867,0,label0,tetragonal,,13.477965937917713,5.973444648898841
mp-677132,unknown,unconfirmed_candidate,tetragonal,,0.995304933217998,1.90731413132346
mp-1210603,unknown,unconfirmed_candidate,monoclinic,,-2.5705216081570974,-3.5861132005261886
mp-569983,unknown,unconfirmed_candidate,tetragonal,,4.735456410789851,2.4294918904586034
mp-1220999,0,label0,triclinic,,-10.842689112894178,1.507603810562891
mp-1246350,unknown,unconfirmed_candidate,orthorhombic,,7.619974630174353,-0.007276105794343124
mp-605694,unknown,unconfirmed_candidate,monoclinic,,-1.1904289550470644,-7.007246108848761
mp-756173,0,label0,orthorhombic,,7.39409753859432,-4.847532911147333
mp-754631,0,label0,orthorhombic,,5.128609356034815,-5.553319677999829
mp-1185232,unknown,unconfirmed_candidate,orthorhombic,,-3.312981875383052,-2.6125695246062755
mp-1217474,0,label0,trigonal,,6.272606551159017,6.252056594980466
mp-777484,unknown,unconfirmed_candidate,orthorhombic,,-6.846389907992094,-2.7111880026382433
mp-865014,0,label0,orthorhombic,,1.1103448997176208,-5.321915501009144
mp-759425,unknown,unconfirmed_candidate,monoclinic,,16.005021288442506,16.44463542356579
mp-1216403,0,label0,triclinic,,-2.0767304818836756,-2.453737158223314
mp-542426,unknown,unconfirmed_candidate,orthorhombic,,0.5472753044487533,0.04616318366574035
mp-556943,0,label0,monoclinic,,-0.675228100562915,7.421341924896375
mp-667362,unknown,unconfirmed_candidate,orthorhombic,,4.672121291600101,4.573557185858032
mp-2218547,unknown,unconfirmed_candidate,monoclinic,,-3.8733954282614604,-6.085918780687328
mp-752599,unknown,unconfirmed_candidate,triclinic,,-0.559948787932953,7.080869697569195
mp-1080334,unknown,unconfirmed_candidate,triclinic,,6.332708287248437,-3.0733052137839945
mp-1103406,unknown,unconfirmed_candidate,monoclinic,,10.522397082788212,3.1855935630750984
mp-32692,unknown,unconfirmed_candidate,tetragonal,,3.4996231304823855,-3.257475913903466
mp-1111072,0,label0,cubic,,-10.574110487639857,0.8115905010182018
mp-997012,unknown,unconfirmed_candidate,orthorhombic,,11.613404046061383,3.91234807276469
mp-570995,unknown,unconfirmed_candidate,cubic,,-8.458067971466242,12.645286631907158
mp-1208880,unknown,unconfirmed_candidate,monoclinic,,-10.236383253201627,-4.069055457506579
mp-973285,0,label0,cubic,,7.3738963996378715,-2.8686694391720255
mp-849460,unknown,unconfirmed_candidate,monoclinic,Mn,12.415086739060989,2.058038792081746
mp-1217018,0,label0,hexagonal,,-16.862678229202807,2.101739334388718
mp-1206651,0,label0,orthorhombic,,7.442609676107452,1.8997342604519787
mp-754349,0,label0,tetragonal,,-6.889391225856393,5.879489094381171
mp-1216210,unknown,unconfirmed_candidate,orthorhombic,,4.2793786063956425,-6.0737239821498274
mp-31125,unknown,unconfirmed_candidate,orthorhombic,,17.448765547579107,5.039872685459638
mp-1201003,unknown,unconfirmed_candidate,monoclinic,,7.261433525217168,0.2665079143866116
mp-1246163,unknown,unconfirmed_candidate,monoclinic,,9.651136695578632,4.570517186088733
mp-862657,0,label0,cubic,,5.900428484026083,-4.964927268848648
mp-763950,unknown,unconfirmed_candidate,monoclinic,,0.7687232100632855,3.710709320594411
mp-1100825,0,label0,monoclinic,,4.591225434022396,-8.55092913908598
mp-1008726,unknown,unconfirmed_candidate,cubic,,1.7703942823151593,-1.081907834348808
mp-755093,unknown,unconfirmed_candidate,triclinic,,5.6296084087083145,8.34822294506413
mp-1035457,0,label0,tetragonal,,0.3007910678447381,-0.19259486636441636
mp-1206958,0,label0,tetragonal,,11.57560622541979,0.4898806518461605
mp-1189104,unknown,unconfirmed_candidate,monoclinic,,6.170147007715016,-2.336644334394201
mp-568671,unknown,unconfirmed_candidate,tetragonal,,12.907489347647338,3.8694700744490724
mp-771508,0,label0,monoclinic,,-2.1899189324050674,-1.6628795436558317
mp-1080709,unknown,unconfirmed_candidate,orthorhombic,,3.2621696654276935,-1.3070142331239456
mp-571581,unknown,unconfirmed_candidate,orthorhombic,,5.701453574373307,1.5161343230590312
mp-1038089,0,label0,tetragonal,,1.6170561718168557,-2.083666210211671
mp-1247438,0,label0,trigonal,,-3.48528140771775,-1.8951784057134589
mp-754270,unknown,unconfirmed_candidate,triclinic,,10.515485724902804,6.9628616492652
mp-773206,0,label0,monoclinic,,-1.8217398805005267,-5.857194375598972
mp-1203703,unknown,unconfirmed_candidate,monoclinic,,-7.917951018389804,-6.597345021727607
mp-1235018,unknown,unconfirmed_candidate,triclinic,,3.2522209030190723,0.6080238669157154
mp-10368,unknown,unconfirmed_candidate,orthorhombic,,-1.2789925028650302,8.652359061952623
mp-1389398,unknown,unconfirmed_candidate,orthorhombic,,-19.15623004991511,2.943927719656646
mp-13352,0,label0,orthorhombic,,-4.777514339061149,-2.334928927968612
mp-772015,0,label0,trigonal,,4.407245107733299,0.46189567938044007
mp-1220167,0,label0,tetragonal,,8.361884514062794,-2.930394143309069
mp-2240989,0,label0,orthorhombic,,-5.332028572420732,0.7197144678572336
mp-759139,unknown,unconfirmed_candidate,triclinic,,-0.5175500578379229,-3.269882573652149
mp-668,0,label0,hexagonal,,-22.542157106832356,11.140908431669011
mp-1206753,0,label0,cubic,,22.007646636066692,14.994869485561349
mp-622026,unknown,unconfirmed_candidate,triclinic,,1.7523101851357907,-0.9343563363150089
mp-1208125,unknown,unconfirmed_candidate,cubic,,-16.40104457596636,-4.534096733937854
mp-1419473,unknown,unconfirmed_candidate,monoclinic,,13.340551745673888,1.973077892052732
mp-1224663,0,label0,hexagonal,,-10.914370772396328,0.8778337719483957
mp-580136,0,label0,cubic,,7.718827038927994,-7.8704676233353155
mp-1095680,unknown,unconfirmed_candidate,orthorhombic,,-5.920258358906093,0.7222344695178293
mp-1215711,unknown,unconfirmed_candidate,orthorhombic,,10.354532485583908,-6.921708433700076
mp-724868,0,label0,monoclinic,,6.054067091879025,8.01311439410221
mp-540593,unknown,unconfirmed_candidate,orthorhombic,Cr,3.32781503243913,-7.016984261484305
mp-1195798,0,label0,hexagonal,,8.359512339698629,-0.7177793308612159
mp-754621,0,label0,monoclinic,,3.7026739719792214,-1.3267767541792157
mp-779587,unknown,unconfirmed_candidate,trigonal,,-2.9018108382401913,3.795946248130875
mp-2219390,unknown,unconfirmed_candidate,triclinic,,12.883257626410028,1.988174132992178
mp-866605,unknown,unconfirmed_candidate,hexagonal,,1.2864951471573427,-3.2713205482708716
mp-34713,unknown,unconfirmed_candidate,tetragonal,,6.459443284053634,1.6830714970389842
mp-1197847,0,label0,tetragonal,,1.1262063150344517,-2.898439366043597
mp-1220274,0,label0,trigonal,,7.392629408923826,-0.5903165594720967
mp-13456,0,label0,trigonal,,-3.0951627638444172,-2.733320419282766
mp-15761,unknown,unconfirmed_candidate,monoclinic,,-3.5961486628060015,-6.933658831539697
mp-862925,0,label0,cubic,,3.2736713289218464,0.666527525959733
mp-864890,0,label0,cubic,,9.615374025633074,6.515889297751258
mp-1097319,0,label0,orthorhombic,,5.261995358578792,-5.835225743483738
mp-1386487,0,label0,monoclinic,,3.6040252019810186,8.965944287801392
mp-26329,0,label0,monoclinic,,0.6263114670047933,-5.1309999050962976
mp-18868,0,label0,trigonal,,-13.858276206235892,2.1825734709274656
mp-541441,0,label0,orthorhombic,,-5.709677065498635,1.8106007259577979
mp-1207094,0,label0,cubic,,8.69327897407597,-4.779374961286425
mp-1078829,unknown,unconfirmed_candidate,monoclinic,,3.0494877218982204,2.6698458267073057
mp-705154,unknown,unconfirmed_candidate,triclinic,,-3.948084554924719,-0.5896063821396069
mp-756790,unknown,unconfirmed_candidate,triclinic,,-5.711762775340468,0.22442487918708665
mp-753408,0,label0,monoclinic,,-2.8507482927652923,-4.752797704722726
mp-4248,0,label0,orthorhombic,,8.902893269791077,1.8686711224672337
mp-628617,unknown,unconfirmed_candidate,tetragonal,,2.680911708966164,-1.8911086596841695
mp-1235435,unknown,unconfirmed_candidate,trigonal,,-9.445055781954121,-3.362304852397184
mp-1213390,unknown,unconfirmed_candidate,cubic,,-9.431718754082386,-7.349024064142027
mp-2713861,unknown,unconfirmed_candidate,triclinic,,-0.3221731565223678,-6.1593942580221555
mp-540760,unknown,unconfirmed_candidate,orthorhombic,,5.209402349323225,3.2360274259375252
mp-1096949,0,label0,monoclinic,,6.762605308239982,6.599086714238389
mp-757035,unknown,unconfirmed_candidate,triclinic,,-2.2047422903568155,-3.148057402199118
mp-30466,0,label0,cubic,,7.698572721308034,-0.2345423436944465
mp-1078645,0,label0,orthorhombic,,4.59238690754716,1.6309355006224422
mp-1199486,unknown,unconfirmed_candidate,triclinic,,8.795882942346317,0.67707101862106
mp-1394172,unknown,unconfirmed_candidate,orthorhombic,,0.16388865246549855,10.562264983136505
mp-18965,unknown,unconfirmed_candidate,monoclinic,,0.5614301598141829,-8.871162337613908
mp-980938,unknown,unconfirmed_candidate,tetragonal,,4.64659840330067,7.941947026821982
mp-1247167,unknown,unconfirmed_candidate,orthorhombic,,2.0539320502698395,6.877543905270905
mp-1194989,unknown,unconfirmed_candidate,monoclinic,,-5.362105561645482,-3.67470295969793
mp-1183117,0,label0,cubic,,8.572467985655758,-2.7499071599749314
mp-2716213,0,label0,triclinic,,-2.8679529139883506,-2.9240056613337675
mp-1234281,unknown,unconfirmed_candidate,triclinic,,7.310387638195985,10.002895371423072
mp-1104392,0,label0,orthorhombic,,-3.7035431583234057,1.5897291290300082
mp-555458,0,label0,tetragonal,,8.67243639088677,0.599634834525471
mp-1033116,0,label0,tetragonal,,-1.568583996501939,0.9595217639574258
mp-1232321,unknown,unconfirmed_candidate,tetragonal,,5.790575351699349,-5.381837638895211
mp-1046693,unknown,unconfirmed_candidate,orthorhombic,,1.7229145605782854,-1.8538281706633395
mp-555484,0,label0,triclinic,,-2.86553578212213,5.9544384808737085
mp-1045123,unknown,unconfirmed_candidate,triclinic,,-5.922215150732615,2.597151926277771
mp-766127,unknown,unconfirmed_candidate,monoclinic,,-10.403341929172608,0.20729491014680335
mp-1195606,unknown,unconfirmed_candidate,monoclinic,,-1.7018679687677434,-4.519806814651728
mp-1215628,0,label0,monoclinic,,3.326037583998465,0.009318579107681302
mp-1233998,unknown,unconfirmed_candidate,triclinic,,-4.679387915494562,2.955277633518083
mp-1210302,0,label0,trigonal,,-6.136855342472682,-2.0989915766856058
mp-754978,unknown,unconfirmed_candidate,orthorhombic,,11.910890280647363,1.3749527955429706
mp-764074,unknown,unconfirmed_candidate,monoclinic,,-2.2321377950130383,-6.9023221288639665
mp-768320,unknown,unconfirmed_candidate,monoclinic,,-21.193123155546715,5.916026654992031
mp-10244,unknown,unconfirmed_candidate,orthorhombic,,17.975495033293196,1.2337536568598502
mp-1101729,0,label0,triclinic,,-0.7399099639268023,6.429129086772356
mp-1207245,0,label0,tetragonal,,9.03761076200003,2.8388037672791384
mp-1226508,0,label0,tetragonal,,8.914448375085607,2.241949701510652
mp-2218909,unknown,unconfirmed_candidate,tetragonal,,7.400913596303248,-4.591513541162145
mp-1041140,unknown,unconfirmed_candidate,monoclinic,,-2.0081682901803326,-0.7457155509899422
mp-1041486,0,label0,monoclinic,,-11.205272230456973,-10.024486934768834
mp-1199311,unknown,unconfirmed_candidate,monoclinic,,10.60820794296864,6.2861569207483114
mp-1225277,unknown,unconfirmed_candidate,tetragonal,,-0.7752726700313843,1.3573622237714105
mp-759402,unknown,unconfirmed_candidate,monoclinic,,-3.048783553522778,-3.469542682974552
mp-560273,unknown,unconfirmed_candidate,cubic,,0.24598194794776163,-4.48840827467828
mp-557659,unknown,unconfirmed_candidate,triclinic,,-4.279347355051989,1.6084946033150906
mp-1104546,unknown,unconfirmed_candidate,orthorhombic,,-9.013379971232748,-5.091789320065068
mp-1218213,unknown,unconfirmed_candidate,monoclinic,,-0.2939467872748196,-3.3752864027752985
mp-1221475,unknown,unconfirmed_candidate,monoclinic,,1.8998883465319167,0.7592352377783875
mp-1208482,unknown,unconfirmed_candidate,hexagonal,,-1.1429824190201252,-4.322167457203676
mp-639306,unknown,unconfirmed_candidate,orthorhombic,,-2.6726990494725733,-1.345801976419315
mp-1207949,unknown,unconfirmed_candidate,tetragonal,,0.2796500805774542,4.350928182923035
mp-4582,unknown,unconfirmed_candidate,orthorhombic,,-5.927265339490848,-1.2059297714732722
mp-760189,unknown,unconfirmed_candidate,triclinic,,3.590629485333144,5.7425797628440165
mp-1219919,unknown,unconfirmed_candidate,tetragonal,,12.662718372629584,-1.3833930118587698
mp-1018149,0,label0,tetragonal,,6.1559049457823765,-7.801040844368346
mp-1210662,unknown,unconfirmed_candidate,cubic,,-3.790831091627318,17.11767205130462
mp-1097375,0,label0,orthorhombic,,2.474452706074871,-2.332994617707307
mp-25275,unknown,unconfirmed_candidate,cubic,,-11.9186837918427,-2.949206587879516
mp-1187832,0,label0,triclinic,,-0.5843220117605874,-2.5875263454496213
mp-1100513,0,label0,triclinic,,2.753483381484255,-6.933820123508026
mp-2230359,unknown,unconfirmed_candidate,tetragonal,,5.142924852528635,-7.356073793315376
mp-778731,unknown,unconfirmed_candidate,orthorhombic,,-4.053536595914608,-0.861850632615841
mp-2215789,unknown,unconfirmed_candidate,trigonal,,-1.8749477114191322,-6.692713262797188
mp-541140,unknown,unconfirmed_candidate,orthorhombic,,4.060303610294184,-1.9466425908707095
mp-669573,0,label0,tetragonal,,-0.1859648348979519,-3.845261641979887
mp-1176544,unknown,unconfirmed_candidate,monoclinic,,-2.996453266174168,3.900697956163519
mp-17605,unknown,unconfirmed_candidate,monoclinic,,2.8652668824786254,-1.0743236523273367
mp-1178831,unknown,unconfirmed_candidate,triclinic,,-24.769517050334223,11.749512522354237
mp-2647066,0,label0,orthorhombic,,18.905185849549667,-2.1106990636205474
mp-1225038,0,label0,tetragonal,,-0.4477688088397187,7.169071686924866
mp-569969,unknown,unconfirmed_candidate,orthorhombic,,8.537588337471778,-1.6695762358152493
mp-735565,unknown,unconfirmed_candidate,triclinic,,-9.453076775081648,-0.5157460540278223
mp-20742,unknown,unconfirmed_candidate,monoclinic,,4.8545400023791,4.352258644329851
mp-758741,0,label0,tetragonal,,11.265480662393358,0.9991434374910568
mp-1202425,unknown,unconfirmed_candidate,monoclinic,,0.9933147607239938,-5.011829699765485
mp-1097075,0,label0,orthorhombic,,6.95999591857545,-6.1140121067170945
mp-20058,0,label0,hexagonal,,-0.785623365767794,2.0544222842208733
mp-4682,unknown,unconfirmed_candidate,orthorhombic,,-0.43096519851161474,-4.565763108499958
mp-770501,unknown,unconfirmed_candidate,cubic,,-2.4126895068894925,1.3745458204420125
mp-18942,0,label0,monoclinic,,-1.2361818004515435,2.4829333356355257
mp-505435,unknown,unconfirmed_candidate,triclinic,,2.2031894278525748,2.4912551047035727
mp-628549,0,label0,orthorhombic,,-7.194497502109634,-7.92394036197134
mp-862536,0,label0,cubic,,11.644373393078897,-0.372772503416094
mp-867825,unknown,unconfirmed_candidate,monoclinic,,-3.085834189555076,-3.41775271886973
mp-1399565,0,label0,monoclinic,,-0.4086543368466202,-11.128784563532616
mp-1351781,unknown,unconfirmed_candidate,monoclinic,,-8.280784178841383,-1.1743122736024603
mp-704630,unknown,unconfirmed_candidate,cubic,,0.7444011200509166,14.180192157724594
mp-973878,0,label0,hexagonal,,-4.650864703199581,4.591258546809616
mp-1220567,unknown,unconfirmed_candidate,triclinic,,5.117405311914517,-5.806547834720078
mp-1638660,0,label0,triclinic,,0.903381459608223,-7.418413625179495
mp-1228219,unknown,unconfirmed_candidate,hexagonal,,-2.1378652193623324,-7.168914139756819
mp-771764,0,label0,trigonal,,-9.453624279768658,10.478183399475373
mp-2224860,unknown,unconfirmed_candidate,triclinic,,-0.8236028163574183,-2.9172494273555696
mp-1232418,0,label0,tetragonal,,18.759486221677754,13.208793257997748
mp-1324601,unknown,unconfirmed_candidate,cubic,,1.4523003662751108,-3.7591382838175704
mp-1206174,0,label0,orthorhombic,,5.978788540428333,-3.427194678234775
mp-757433,unknown,unconfirmed_candidate,monoclinic,,-4.2030243205185265,-6.293740845086511
mp-1029779,unknown,unconfirmed_candidate,monoclinic,,-2.0972227342085077,6.963549027459692
mp-1216827,0,label0,tetragonal,,11.013751319679942,4.514962579266669
mp-761840,unknown,unconfirmed_candidate,monoclinic,,-5.844456413208615,-6.462858995152377
mp-1192011,unknown,unconfirmed_candidate,trigonal,,-4.574156213285882,4.528304855709145
mp-755971,0,label0,trigonal,,-8.916582127017563,-1.0883961983297539
mp-862981,unknown,unconfirmed_candidate,cubic,,11.247652841928385,1.9558465456170246
mp-2218878,unknown,unconfirmed_candidate,monoclinic,,4.666420755620033,-4.656203840288677
mp-939428,unknown,unconfirmed_candidate,triclinic,,6.013155011643523,6.802031086053464
mp-26985,unknown,unconfirmed_candidate,monoclinic,,-4.883251051776931,4.604156885639842
mp-1239254,unknown,unconfirmed_candidate,monoclinic,,-5.778042399725898,0.5173905085318147
mp-1373278,unknown,unconfirmed_candidate,triclinic,,-7.859915884233146,-2.4576810725698106
mp-1400138,0,label0,tetragonal,,-4.32262208911304,-9.622974322137988
mp-21040,unknown,unconfirmed_candidate,hexagonal,,22.597009039423423,5.02615240409671
mp-639904,unknown,unconfirmed_candidate,orthorhombic,,-14.18190527908451,-5.244610310174961
mp-4627,unknown,unconfirmed_candidate,orthorhombic,,-13.167661894537204,14.543261353878847
mp-1235998,unknown,unconfirmed_candidate,triclinic,,2.5555245679421574,-1.3714571105946156
mp-1046871,0,label0,cubic,,11.653285547517015,-5.000829997337364
mp-1044463,unknown,unconfirmed_candidate,trigonal,,-11.42710770103411,-7.846621921912417
mp-556,0,label0,orthorhombic,,12.366527293363795,-2.1326183783120403
mp-763206,unknown,unconfirmed_candidate,monoclinic,,10.312464760538077,5.857902705903648
mp-1236221,unknown,unconfirmed_candidate,monoclinic,,-14.207032940498998,6.9153376504410815
mp-1220326,0,label0,tetragonal,,14.207655004003655,2.69796809189393
mp-18978,0,label0,tetragonal,,7.947144954769218,-4.983362095939157
mp-1184630,0,label0,cubic,,12.282993469061367,7.120614441066312
mp-1100534,0,label0,triclinic,,4.3864573328694245,-7.465781501863331
mp-531110,0,label0,triclinic,,-6.046122337248654,14.501371953906137
mp-2713710,unknown,unconfirmed_candidate,monoclinic,,1.6655862795652752,-3.290314196423868
mp-981313,0,label0,cubic,,-8.496924689679648,-8.071888490046472
mp-2232194,0,label0,trigonal,,13.999934831822415,-4.680835567744973
mp-1217940,0,label0,triclinic,,4.029501670618034,-5.644426112427507
mp-1221746,unknown,unconfirmed_candidate,tetragonal,,-0.4870070702905984,-3.0249472543096534
mp-770895,unknown,unconfirmed_candidate,triclinic,,-2.2959621606960567,-8.390084077710847
mp-1025149,unknown,unconfirmed_candidate,tetragonal,,-3.4831631718642626,-2.3838944524312584
mp-1191497,0,label0,triclinic,,-5.043903649341999,-5.307598090909476
mp-1189006,0,label0,monoclinic,,-8.046174817188216,-1.4237359709419124
mp-34765,unknown,unconfirmed_candidate,tetragonal,,1.8825756103966143,-1.0007293146283267
mp-1077556,0,label0,orthorhombic,,10.703743948963961,-1.7641081243991703
mp-2541,unknown,unconfirmed_candidate,tetragonal,,6.743812797064738,0.6822345048733602
mp-16958,unknown,unconfirmed_candidate,orthorhombic,,9.977708783647461,-4.121230808471312
mp-1101165,unknown,unconfirmed_candidate,trigonal,,-1.8997083516464244,-5.282637632252079
mp-1185222,0,label0,cubic,,10.414642850420973,-2.656479518633814
mp-31421,unknown,unconfirmed_candidate,hexagonal,,8.309449980432616,-2.2431448461672847
mp-1216292,0,label0,trigonal,,5.651184696501467,-3.5117169932855674
mp-1217943,unknown,unconfirmed_candidate,monoclinic,,-3.420416574755496,-6.317046538020659
mp-759693,0,label0,triclinic,,6.620082916667487,-6.179988589893359
mp-1347146,unknown,unconfirmed_candidate,orthorhombic,,-9.462836779207176,35.167878790586315
mp-1201619,0,label0,orthorhombic,,-1.9322172553480712,-9.655925814891408
mp-1197034,0,label0,trigonal,,-5.183461301755145,3.592306414594777
mp-1103331,unknown,unconfirmed_candidate,orthorhombic,,6.46264802063294,0.2527890159191628
mp-1202966,unknown,unconfirmed_candidate,orthorhombic,,-8.891197080643,7.991450412604927
mp-1080277,unknown,unconfirmed_candidate,monoclinic,,5.295832589087173,-1.8347632971466634
mp-20966,0,label0,cubic,,-4.236964721986499,-8.71389379492796
mp-640791,unknown,unconfirmed_candidate,orthorhombic,,1.5944670923725504,3.2727347449433317
mp-867135,0,label0,cubic,,1.7797981281937183,1.3716019723178725
mp-865425,0,label0,tetragonal,,-2.469482867989175,-1.0491966405869846
mp-861683,unknown,unconfirmed_candidate,orthorhombic,,-6.546822162193958,0.2613287757465521
mp-780154,unknown,unconfirmed_candidate,orthorhombic,,5.072072907210835,-5.251091097223023
mp-1224788,0,label0,tetragonal,,0.8856038926481311,-4.162882795876779
mp-865103,0,label0,hexagonal,,-6.737471347158525,-4.859758168622269
mp-1204088,unknown,unconfirmed_candidate,monoclinic,,-2.106119070593021,-6.2685753668481485
mp-2220481,unknown,unconfirmed_candidate,triclinic,,-4.8657572627687955,-1.3348072523954144
mp-1208628,unknown,unconfirmed_candidate,tetragonal,,2.259597971411658,5.005922480024118
mp-1216311,unknown,unconfirmed_candidate,tetragonal,,19.12153467234449,2.416308925671089
mp-25465,unknown,unconfirmed_candidate,triclinic,,3.7142553372903766,3.6028953182281214
mp-1409503,unknown,unconfirmed_candidate,cubic,,-38.69905054960786,20.429789862033818
mp-759539,unknown,unconfirmed_candidate,orthorhombic,,-9.338902547267875,3.3009391482644155
mp-752928,0,label0,monoclinic,,-2.0931310709841036,-0.4983752433690789
mp-758992,unknown,unconfirmed_candidate,monoclinic,,-6.554677279640352,23.483271275505412
mp-64,0,label0,orthorhombic,,10.256571881620415,0.8492825202294725
mp-763941,unknown,unconfirmed_candidate,orthorhombic,,7.13825279058978,0.286709387198389
mp-1047139,0,label0,triclinic,,-25.220686187945645,3.3330220097269816
mp-774354,unknown,unconfirmed_candidate,orthorhombic,,-1.8098145041931488,2.295964375101242
mp-1223897,unknown,unconfirmed_candidate,monoclinic,,13.590996257872185,-0.4711650926689437
mp-1176523,unknown,unconfirmed_candidate,cubic,,-5.832209640625759,-4.525193363178893
mp-642783,unknown,unconfirmed_candidate,cubic,,-30.51987180622828,14.195775859907872
mp-2217075,0,label0,triclinic,,6.402977003597124,29.804615205639397
mp-758740,unknown,unconfirmed_candidate,tetragonal,,-1.8685797250684928,1.9388944949538605
mp-2714824,unknown,unconfirmed_candidate,triclinic,,-0.04658621372340477,-6.925295369847648
mp-1187658,0,label0,orthorhombic,,-8.205970758391494,27.682933772914847
mp-1189452,unknown,unconfirmed_candidate,monoclinic,,3.837891879477297,2.4442780754831794
mp-1080249,0,label0,cubic,,6.3082425903384465,-2.964296124733023
mp-1225332,unknown,unconfirmed_candidate,orthorhombic,,-4.0003173128358895,1.4383257632152038
mp-1251093,unknown,unconfirmed_candidate,orthorhombic,,-10.720209194775297,5.119929783576524
mp-1101075,0,label0,monoclinic,,6.39798308727803,-0.33608727840111285
mp-1232113,unknown,unconfirmed_candidate,triclinic,,1.4703254286254825,-7.668834333569203
mp-17143,unknown,unconfirmed_candidate,orthorhombic,,-21.355710536891834,0.46245821632847495
mp-1184455,0,label0,cubic,,11.207842839827748,-3.755305411855499
mp-1409292,0,label0,trigonal,,-9.512295624190045,7.17755628857261
mp-1214730,unknown,unconfirmed_candidate,monoclinic,,-0.2667241002587417,4.6036736037852
mp-1009014,0,label0,cubic,,10.381634558418849,-5.62701396037585
mp-2218996,unknown,unconfirmed_candidate,triclinic,,0.01598415684441079,-7.7166957538615755
mp-1247083,0,label0,orthorhombic,,-0.5392936139079119,-4.570898976417807
mp-1076973,0,label0,tetragonal,,9.995729831499704,-2.587528420845409
mp-1223398,unknown,unconfirmed_candidate,trigonal,,-0.66970885005885,0.3247739085162529
mp-1186768,0,label0,cubic,,17.13554147046854,9.7220569877325
mp-1368521,unknown,unconfirmed_candidate,monoclinic,,5.546233320411934,-0.8411312804982316
mp-1382294,unknown,unconfirmed_candidate,triclinic,,-5.048573257400861,4.949370935920669
mp-2217981,unknown,unconfirmed_candidate,monoclinic,,-8.60593907339991,16.208425412050868
mp-1247334,0,label0,tetragonal,,2.9146812076802426,-4.197150991818011
mp-1206270,unknown,unconfirmed_candidate,cubic,,11.480328737859033,-4.152335298240519
mp-1018798,0,label0,tetragonal,,4.820347297903474,-2.8677818074920634
mp-558477,unknown,unconfirmed_candidate,orthorhombic,,-5.522176567579272,1.055586571365616
mp-1216240,unknown,unconfirmed_candidate,trigonal,,9.352268922719672,-3.7459498686950834
mp-2227518,0,label0,tetragonal,,-0.5102110050386983,8.072668141083142
mp-1200445,unknown,unconfirmed_candidate,monoclinic,,0.9365151017891229,-4.11644089822355
mp-1021362,unknown,unconfirmed_candidate,orthorhombic,,-1.9981019187245224,2.605052579275707
mp-1017630,0,label0,trigonal,,-1.235375042435706,3.400820822263462
mp-2715870,unknown,unconfirmed_candidate,triclinic,,0.3893119986811442,-3.237245557201703
mp-559505,unknown,unconfirmed_candidate,monoclinic,,-2.7168307989456437,-6.508712710647847
mp-738612,unknown,unconfirmed_candidate,monoclinic,,3.417812976281395,-4.111315970429931
mp-1218573,0,label0,trigonal,,-10.320879323389807,4.797182280388082
mp-764629,unknown,unconfirmed_candidate,orthorhombic,,-10.410166679427096,-2.45771359757153
mp-1219954,unknown,unconfirmed_candidate,monoclinic,,13.789025092095063,-3.350811931495116
mp-862752,0,label0,cubic,,7.191252097926977,1.4371859147176096
mp-772128,0,label0,trigonal,,-7.801831224344653,11.433018849515882
mp-1246747,unknown,unconfirmed_candidate,orthorhombic,,9.4838418365667,0.6374666205992767
mp-30493,0,label0,tetragonal,,-3.4154260217606094,0.3594812036270838
mp-1175354,unknown,unconfirmed_candidate,monoclinic,,2.9068105110360243,-7.172944769603738
mp-648633,unknown,unconfirmed_candidate,monoclinic,,12.242779818531705,8.626899940116441
mp-3581,unknown,unconfirmed_candidate,hexagonal,,-2.778713182551062,0.2518630541117588
mp-2218205,unknown,unconfirmed_candidate,triclinic,,-5.710624611870664,-3.2867025456389154
mp-684604,0,label0,monoclinic,,-1.3149912346088755,-7.182024125654534
mp-776129,unknown,unconfirmed_candidate,orthorhombic,,-4.8274332492746055,1.7517331776037182
mp-1180,0,label0,cubic,,-3.935136918258255,-0.7585606121850681
mp-1197262,unknown,unconfirmed_candidate,orthorhombic,,4.552606886548922,4.475539063791249
mp-1216714,0,label0,trigonal,,10.97571590784796,0.4856737634655701
mp-556949,0,label0,triclinic,,-3.545281941054501,-8.236853827989648
mp-772121,unknown,unconfirmed_candidate,monoclinic,,-2.167437681623589,-3.622291859187701
mp-637030,0,label0,trigonal,,2.1684937497276167,-1.8913180506019263
mp-1443423,unknown,unconfirmed_candidate,tetragonal,,-0.7335006061129086,-3.3233245046088857
mp-647363,unknown,unconfirmed_candidate,cubic,,11.283471046939072,1.898443829695939
mp-1244901,unknown,unconfirmed_candidate,triclinic,,-24.16949046284229,2.9004834802140067
mp-758448,0,label0,monoclinic,,5.638430784255764,-6.24569508220635
mp-561180,unknown,unconfirmed_candidate,triclinic,,0.35851766562844745,-9.235002618951876
mp-734382,unknown,unconfirmed_candidate,orthorhombic,,0.8517425026888574,1.5928517144235812
mp-1208013,0,label0,trigonal,,-11.833999375516765,-4.185773227218014
mp-1307361,unknown,unconfirmed_candidate,orthorhombic,,-8.541261174871288,-0.1563950960311402
mp-770151,unknown,unconfirmed_candidate,orthorhombic,,-4.376128659851666,-6.116332112238412
mp-780388,unknown,unconfirmed_candidate,triclinic,,-7.914860780646578,5.248332542708997
mp-1187890,0,label0,cubic,,8.137469025030406,-1.7558353842751888
mp-1038790,0,label0,tetragonal,,9.336759148817647,7.3297207575883085
mp-759542,unknown,unconfirmed_candidate,monoclinic,,12.262633032586633,6.161194562946523
mp-1356781,unknown,unconfirmed_candidate,trigonal,,-13.527907458152775,-7.144606370800709
mp-768630,unknown,unconfirmed_candidate,triclinic,,-7.531349932885117,3.2854350802635537
mp-3197,0,label0,hexagonal,,1.9849485297746838,4.444789434038377
mp-974970,0,label0,tetragonal,,13.825090104994304,-2.829261325958674
mp-1032284,0,label0,tetragonal,,-3.751905802361456,-0.08476625612373212
mp-1016298,0,label0,hexagonal,,-5.512495587431626,2.157087426673428
mp-1352605,unknown,unconfirmed_candidate,triclinic,,-3.219041126908966,-5.508604892205788
mp-1174291,unknown,unconfirmed_candidate,monoclinic,,-1.1934926065789178,-6.399392176817839
mp-2713414,0,label0,triclinic,,-2.230588280300566,0.5131752049658402
mp-1097025,unknown,unconfirmed_candidate,orthorhombic,,-9.709549343783056,7.775894905204439
mp-2228405,0,label0,triclinic,,-2.020463114721668,-3.644397844209257
mp-2228376,0,label0,triclinic,,5.438760474380677,-5.457778037467472
mp-2647158,unknown,unconfirmed_candidate,monoclinic,,-1.17950637521621,-6.5572119059208624
mp-672959,0,label0,triclinic,,0.9250568115591626,-4.729599210462599
mp-759165,unknown,unconfirmed_candidate,monoclinic,,-1.9583664962881215,-6.013733258476801
mp-1191491,unknown,unconfirmed_candidate,hexagonal,,4.4744044168555686,-4.163798178891232
mp-10264,0,label0,trigonal,,8.64786928843009,-3.652467141190133
mp-752761,unknown,unconfirmed_candidate,monoclinic,,21.890379027983467,19.088654179992677
mp-1384826,unknown,unconfirmed_candidate,orthorhombic,,-12.503363079952713,-1.389900171633089
mp-1043217,unknown,unconfirmed_candidate,orthorhombic,,-21.027582197012826,12.978248387121422
mp-626701,unknown,unconfirmed_candidate,triclinic,,-7.485432637689527,0.24705955838783566
mp-574,0,label0,tetragonal,,7.797898126124068,2.1815047832206886
mp-772225,0,label0,trigonal,,-3.826302078841202,-7.316840027434974
mp-1110962,0,label0,cubic,,-11.807819194458094,-1.181766069013296
mp-1225102,unknown,unconfirmed_candidate,triclinic,,-4.8659658487268125,-4.527728769287371
mp-1226415,unknown,unconfirmed_candidate,triclinic,,-14.079160337383641,-0.025227733405031927
mp-1191877,unknown,unconfirmed_candidate,hexagonal,,2.6320909039067963,-0.9326049593143679
mp-978517,0,label0,cubic,,3.0913125263895544,-0.4521713893728183
mp-1202693,unknown,unconfirmed_candidate,orthorhombic,,6.665290786296932,0.7868081166708656
mp-21245,0,label0,orthorhombic,,5.0234375755347624,-1.5324843181122496
mp-771172,unknown,unconfirmed_candidate,triclinic,,4.0893157242385065,-4.778997018183169
mp-2230887,unknown,unconfirmed_candidate,triclinic,,2.7882063894507922,5.828811865858047
mp-765804,0,label0,cubic,,-1.0443891613399394,-3.0285494996535203
mp-2231791,unknown,unconfirmed_candidate,triclinic,,1.0528249630917692,5.111299860893059
mp-1225886,unknown,unconfirmed_candidate,orthorhombic,,4.7222842925925725,-6.177096083155597
mp-2228326,unknown,unconfirmed_candidate,monoclinic,,-13.073326981775786,-0.6826564322652615
mp-1222201,unknown,unconfirmed_candidate,orthorhombic,,1.0463846485867911,0.8428429832180413
mp-1120745,unknown,unconfirmed_candidate,monoclinic,,-2.656771392273871,0.9131910430685259
mp-1104461,0,label0,cubic,,-3.58695756430501,8.705054264700415
mp-760439,unknown,unconfirmed_candidate,tetragonal,,-3.775127084717422,-8.350275633403456
mp-1102515,unknown,unconfirmed_candidate,cubic,,2.8617639532246457,1.7352917288152305
mp-867291,0,label0,cubic,,17.996169761696237,11.245707583254205
mp-2217264,0,label0,monoclinic,,2.937122352077907,-5.555690856930804
mp-976762,0,label0,tetragonal,,0.7051591094568472,-4.552611625403456
mp-2230900,unknown,unconfirmed_candidate,triclinic,,16.240244805320998,19.15474414545275
mp-1194643,unknown,unconfirmed_candidate,cubic,,-0.3570191105212217,-1.3150493282643954
mp-1226160,0,label0,monoclinic,,-15.666545715530162,13.376086264291896
mp-22215,0,label0,tetragonal,,7.334867440006818,0.1323877047754074
mp-1206205,0,label0,tetragonal,,4.310501788705109,2.179318348148559
mp-1666497,unknown,unconfirmed_candidate,triclinic,,-4.555017262030866,-2.7939395719614932
mp-1209427,unknown,unconfirmed_candidate,monoclinic,,-10.498926267900323,-6.2599404224340045
mp-1208899,unknown,unconfirmed_candidate,orthorhombic,,-2.06479693665964,-3.098173706255304
mp-1272179,unknown,unconfirmed_candidate,orthorhombic,,-2.6457027132241215,-6.609489995748682
mp-1519048,unknown,unconfirmed_candidate,orthorhombic,,-22.42496223527447,-3.4427873677334855
mp-1079437,unknown,unconfirmed_candidate,orthorhombic,,-10.027231499397399,2.142242795281174
mp-2714428,unknown,unconfirmed_candidate,triclinic,,-3.7168426855656165,-5.239345387259059
mp-865113,0,label0,cubic,,6.7139280638856675,-3.8802078193525222
mp-1183874,unknown,unconfirmed_candidate,hexagonal,,6.679004412293585,5.669274431494877
mp-1110588,0,label0,cubic,,2.0207236264158013,9.1863032921618
mp-669419,unknown,unconfirmed_candidate,orthorhombic,,2.3544546621841285,-5.614254923733455
mp-1093680,0,label0,orthorhombic,,-1.0067541246008496,2.3395577238583662
mp-1245445,unknown,unconfirmed_candidate,triclinic,,5.294103272559582,0.6764969658012632
mp-1022970,unknown,unconfirmed_candidate,orthorhombic,,0.4503721935846876,-3.7539851095261767
mp-780223,unknown,unconfirmed_candidate,triclinic,,7.955039658215229,2.0199575768735407
mp-1222032,unknown,unconfirmed_candidate,triclinic,,1.5250647036300755,3.014816018960989
mp-1247739,unknown,unconfirmed_candidate,orthorhombic,Cr,10.000426091618559,-4.08756302517641
mp-1106078,unknown,unconfirmed_candidate,tetragonal,,-8.716461793399926,-1.71448152362289
mp-758301,0,label0,triclinic,,6.238897950094431,-4.915890481409507
mp-1228748,0,label0,cubic,,-6.706682063615123,-2.3550264223202664
mp-28584,unknown,unconfirmed_candidate,orthorhombic,,4.881295263639469,-2.4388320634352247
mp-1077790,unknown,unconfirmed_candidate,cubic,,20.18441344175277,8.232976066756542
mp-1045465,unknown,unconfirmed_candidate,orthorhombic,,-1.4410902890096935,-1.515806901976621
mp-757530,unknown,unconfirmed_candidate,hexagonal,,-7.442005308848604,-5.974818618434627
mp-30638,0,label0,trigonal,,16.36990081782662,7.618340136823246
mp-779308,unknown,unconfirmed_candidate,triclinic,,-16.114017150538643,4.315002586109351
mp-1202472,unknown,unconfirmed_candidate,orthorhombic,,-2.962382820667848,-4.561359616804095
mp-2229000,unknown,unconfirmed_candidate,triclinic,,1.4176768194336944,-7.615921435399152
mp-1101513,unknown,unconfirmed_candidate,triclinic,,-4.950889001873374,1.7661983716787297
mp-570542,unknown,unconfirmed_candidate,monoclinic,,-3.242108879879744,6.3696512931878715
mp-761629,unknown,unconfirmed_candidate,monoclinic,,-8.72839614330234,-2.909815678091194
mp-532810,unknown,unconfirmed_candidate,monoclinic,,-4.83557146607469,0.45726237533710545
mp-2210716,0,label0,trigonal,,-9.514950735788855,1.6819036694255338
mp-1021419,0,label0,tetragonal,,0.11270322870755933,0.9194500703473842
mp-1222389,unknown,unconfirmed_candidate,triclinic,,3.371643323952238,5.034882448376354
mp-1187921,0,label0,cubic,,0.44380554740796185,-3.942813247003434
mp-19114,unknown,unconfirmed_candidate,monoclinic,,-12.166206732225834,11.969677591464471
mp-1113980,0,label0,cubic,,3.81651726969873,2.8460873680508634
mp-621351,0,label0,hexagonal,,8.717324052751424,-3.9899527623632256
mp-22391,0,label0,tetragonal,,-11.23832349674149,7.004752666217932
mp-1208851,unknown,unconfirmed_candidate,monoclinic,,-7.7232169172840734,-4.210120880238971
mp-754977,unknown,unconfirmed_candidate,hexagonal,,1.5778904889107395,-4.841080625236781
mp-1098351,0,label0,tetragonal,,1.222075267455665,-2.037232305115163
mp-1212101,unknown,unconfirmed_candidate,orthorhombic,,10.288861333024537,4.787574324715553
mp-694869,unknown,unconfirmed_candidate,triclinic,,-15.814355630529647,8.11140765382968
mp-2220660,unknown,unconfirmed_candidate,triclinic,,10.981777051695788,15.180895549916297
mp-980943,0,label0,cubic,,-1.4807435405125844,2.6257328893110383
mp-1386967,unknown,unconfirmed_candidate,tetragonal,,-6.450171148524085,9.731491289081205
mp-759391,unknown,unconfirmed_candidate,orthorhombic,,-1.1151443797803857,-2.1879189455664925
mp-758342,unknown,unconfirmed_candidate,orthorhombic,,-6.345205590023497,0.5088896619225807
mp-1208291,0,label0,monoclinic,,0.31029234877961187,1.7531779768380993
mp-859136,unknown,unconfirmed_candidate,orthorhombic,,-11.575055947216317,3.3681434260289045
mp-1031483,0,label0,tetragonal,,-9.337964023516413,6.259853523677467
mp-1222292,0,label0,tetragonal,,5.222632503031704,-2.1386555610760922
mp-1014358,unknown,unconfirmed_candidate,orthorhombic,,1.9289493011272398,1.7271183452997327
mp-1197194,unknown,unconfirmed_candidate,tetragonal,,3.2981905274885914,-1.9791078007056306
mp-676437,0,label0,monoclinic,,-0.801471726417649,2.6632433873879613
mp-2231426,unknown,unconfirmed_candidate,triclinic,,10.59667467202167,17.824971226619194
mp-1376868,unknown,unconfirmed_candidate,triclinic,,2.9586081985440273,-6.453947580043646
mp-1176921,unknown,unconfirmed_candidate,triclinic,,-3.6997581767536794,-0.6852915278613452
mp-1181880,unknown,unconfirmed_candidate,trigonal,,-8.750824209531785,-8.97785673683794
mp-1094684,0,label0,trigonal,,0.6200548831341024,0.47952125117280175
mp-1043297,unknown,unconfirmed_candidate,orthorhombic,,-22.369259265078718,13.024565895350836
mp-1080248,0,label0,orthorhombic,,4.915379102418861,-2.73823177313003
mp-542779,0,label0,cubic,,10.03818793263219,-1.007598677040633
mp-39540,0,label0,trigonal,,-3.9299572958297446,-2.3928416823394016
mp-999378,0,label0,cubic,,7.216599196306499,-4.181393742170348
mp-2229309,unknown,unconfirmed_candidate,triclinic,,0.7354223097176948,-4.95550536170712
mp-1072922,0,label0,monoclinic,,10.20007095210321,-2.232631567963095
mp-1177930,unknown,unconfirmed_candidate,monoclinic,,-5.18032073023906,3.253568129589162
mp-22508,unknown,unconfirmed_candidate,tetragonal,,8.340257430687206,-7.119038538674772
mp-1178342,unknown,unconfirmed_candidate,triclinic,,19.357174125817007,18.29172211090388
mp-1103985,0,label0,trigonal,,-0.8237570460321066,3.9454868890828863
mp-764747,unknown,unconfirmed_candidate,monoclinic,,17.37207779696771,18.224140798246477
mp-1078363,unknown,unconfirmed_candidate,tetragonal,,10.524714452939493,-2.3190414153097247
mp-756305,unknown,unconfirmed_candidate,monoclinic,,-4.265416426318275,-1.3517142990719009
mp-704185,unknown,unconfirmed_candidate,orthorhombic,,-7.622016519075906,11.465287660381389
mp-1228245,unknown,unconfirmed_candidate,trigonal,,-13.213052631671125,-3.4067875301031503
mp-773009,0,label0,triclinic,,-0.6780824906232397,0.2725274462906562
mp-1035053,0,label0,tetragonal,,0.588864003383236,-1.0986885867114928
mp-573282,unknown,unconfirmed_candidate,orthorhombic,,10.157408825508767,-5.683819328963006
mp-569015,unknown,unconfirmed_candidate,orthorhombic,,1.2057292961452397,-4.491523022962648
mp-14316,unknown,unconfirmed_candidate,monoclinic,,-12.14038472828734,-6.6226474144008876
mp-865630,unknown,unconfirmed_candidate,cubic,,10.003546637920076,1.6911399677717363
mp-1223257,0,label0,tetragonal,,-2.4950093981360304,-3.116928992414623
mp-4785,0,label0,hexagonal,,-2.012235475354423,-0.22661801404055382
mp-1147741,unknown,unconfirmed_candidate,triclinic,,3.623925429587608,-4.669680379495377
mp-7431,0,label0,trigonal,,13.13921986390723,0.7176980716143291
mp-19103,unknown,unconfirmed_candidate,monoclinic,,1.5889808890683916,-4.083194793238853
mp-765761,unknown,unconfirmed_candidate,monoclinic,,2.8321492743334744,0.6017503140582328
mp-1199290,unknown,unconfirmed_candidate,cubic,,1.831739669837301,-5.504087220491455
mp-1204731,unknown,unconfirmed_candidate,orthorhombic,,1.2636557293739656,-7.13865400205535
mp-2226685,0,label0,triclinic,,-7.675113915975089,-5.160729760920082
mp-26126,unknown,unconfirmed_candidate,orthorhombic,,0.14546853903300416,-0.5582815112231465
mp-1520792,0,label0,cubic,,-1.30484905381552,-1.059664042813143
mp-553308,0,label0,hexagonal,,-5.211492981473864,-1.85533561331202
mp-1046667,unknown,unconfirmed_candidate,triclinic,,-8.494820167861661,4.265652296551501
mp-1246013,0,label0,monoclinic,,8.200622386466334,4.7329444772130955
mp-7285,0,label0,trigonal,,7.328015210498847,-5.174175545686946
mp-1387032,unknown,unconfirmed_candidate,tetragonal,,5.168479034924966,-0.07295166615298854
mp-29143,unknown,unconfirmed_candidate,tetragonal,,2.9075664137928925,-4.712591991308313
mp-26707,unknown,unconfirmed_candidate,orthorhombic,,-1.9226262261256402,4.381177851770772
mp-552176,0,label0,trigonal,,-16.852659749356867,-4.858939587106741
mp-1228444,unknown,unconfirmed_candidate,triclinic,,-3.9495587920369246,-3.325444380849877
mp-1079847,unknown,unconfirmed_candidate,hexagonal,,6.389254213189368,0.2383981438862115
mp-1214591,unknown,unconfirmed_candidate,monoclinic,,-14.070854664552023,-3.48608889263698
mp-865420,0,label0,cubic,,7.50915871222052,-3.9965476356431644
mp-1207060,0,label0,trigonal,,5.991336660286562,3.302660795117866
mp-1106191,0,label0,tetragonal,,-3.5917098776736474,5.59019835859165
mp-1197878,unknown,unconfirmed_candidate,monoclinic,,0.757144652966371,-3.7287878534781953
mp-1110563,0,label0,cubic,,5.76995482527831,-2.296410471689148
mp-20120,0,label0,cubic,,7.9980613917752095,17.510640005020175
mp-541468,unknown,unconfirmed_candidate,monoclinic,,-1.2554557866992475,4.682608601983922
mp-1022184,unknown,unconfirmed_candidate,orthorhombic,,-0.4708292436354711,3.046334571451471
mp-1095578,0,label0,tetragonal,,-6.841419725747695,2.449483621145003
mp-1406,0,label0,cubic,,8.723478796457321,-7.821140445723358
mp-30502,0,label0,orthorhombic,,-5.5810526328670065,2.8396934722063953
mp-1219010,0,label0,cubic,,-7.75477585527943,0.4780320303016943
mp-1041565,unknown,unconfirmed_candidate,orthorhombic,,-9.517966113844349,-6.895539868576787
mp-1202024,unknown,unconfirmed_candidate,trigonal,,-1.1971379357673086,-1.552007874622138
mp-1245770,unknown,unconfirmed_candidate,orthorhombic,,-13.182004948948745,6.059349786618604
mp-675580,unknown,unconfirmed_candidate,orthorhombic,,-4.524605481274904,-9.133687666003963
mp-1220028,unknown,unconfirmed_candidate,hexagonal,,-9.40952483717922,-8.095847289635838
mp-505105,unknown,unconfirmed_candidate,orthorhombic,,-1.7741713747579801,-5.789294222769193
mp-757100,0,label0,trigonal,,-2.8050219267363907,-0.34865527529760953
mp-1520731,0,label0,cubic,,-14.03265393806155,-5.644078394203255
mp-1247422,unknown,unconfirmed_candidate,triclinic,,0.1443822647957802,5.795805454857923
mp-754673,unknown,unconfirmed_candidate,hexagonal,,9.370801317333552,6.31254102363182
mp-1212142,unknown,unconfirmed_candidate,orthorhombic,,7.673259604852035,-1.5797123797239738
mp-1194578,unknown,unconfirmed_candidate,orthorhombic,,2.0095176796831886,-1.8714526218747505
mp-1521488,unknown,unconfirmed_candidate,orthorhombic,,-7.220233512424613,-6.115315614759291
mp-1214991,unknown,unconfirmed_candidate,orthorhombic,,1.9456517500984418,-0.4165164529258938
mp-555844,unknown,unconfirmed_candidate,orthorhombic,,0.359229246365107,-6.297496737585307
mp-1201434,unknown,unconfirmed_candidate,orthorhombic,,0.24343111411408813,0.6037079307046334
mp-1196037,0,label0,orthorhombic,,1.0825419900685382,-3.63035776211745
mp-1019737,unknown,unconfirmed_candidate,monoclinic,,-1.4771788748533368,-3.923708026974296
mp-1079702,0,label0,cubic,,7.467446183590608,-2.1116467743580873
mp-1079688,0,label0,monoclinic,,9.739468887743476,0.041867187007891715
mp-766488,unknown,unconfirmed_candidate,monoclinic,,-2.744040953198059,-1.5001737943687203
mp-1209279,unknown,unconfirmed_candidate,orthorhombic,,4.461611702025419,-2.3431004909062647
mp-569851,unknown,unconfirmed_candidate,orthorhombic,,8.494654788928496,-0.7127306358688408
mp-757128,unknown,unconfirmed_candidate,monoclinic,,-10.52240589947672,17.780176001592142
mp-1046345,0,label0,tetragonal,,-6.362711397061009,-0.2762832839258351
mp-2411688,unknown,unconfirmed_candidate,triclinic,,2.639188055743645,-1.600185979052963
mp-1185978,0,label0,tetragonal,,-30.725610416039224,38.666405375985235
mp-1097352,0,label0,orthorhombic,,12.59367338421838,3.466630064652197
mp-760264,0,label0,triclinic,,2.865457594652657,-5.760427341097456
mp-1184358,0,label0,hexagonal,,14.711216593437946,-3.3752406045541843
mp-1006068,unknown,unconfirmed_candidate,cubic,,6.817281283648015,-1.3732288736707936
mp-1247060,0,label0,trigonal,,-1.0991972285589426,-5.75985505032355
mp-1194250,unknown,unconfirmed_candidate,cubic,,13.982968975099904,0.9657224076069113
mp-1183779,0,label0,cubic,,2.431288488866418,-1.4258988565960724
mp-570420,unknown,unconfirmed_candidate,hexagonal,,7.009188618969715,-0.8305409142732714
mp-27081,unknown,unconfirmed_candidate,tetragonal,,-4.3540045236646705,0.7076876844767206
mp-1101493,unknown,unconfirmed_candidate,monoclinic,,-3.727915321757777,7.767679399452934
mp-1568351,unknown,unconfirmed_candidate,monoclinic,,-4.55434230727214,-4.285435579547636
mp-2216927,unknown,unconfirmed_candidate,triclinic,,1.0347541693906628,-3.7198145640000533
mp-1042213,unknown,unconfirmed_candidate,monoclinic,,4.418667399746836,-5.645475234031789
mp-1219582,unknown,unconfirmed_candidate,orthorhombic,,-2.1328988388911974,11.90147417299281
mp-1228669,unknown,unconfirmed_candidate,monoclinic,,-4.751781662700736,-0.0941650473850153
mp-2230315,unknown,unconfirmed_candidate,triclinic,,1.6678804139673424,4.549515780865093
mp-1232288,0,label0,monoclinic,,-1.2828971672073664,-7.8015746296884245
mp-771876,unknown,unconfirmed_candidate,orthorhombic,,4.971073676313324,-7.54450422515956
mp-19725,unknown,unconfirmed_candidate,hexagonal,,15.934322830346861,8.19328405479239
mp-1197179,unknown,unconfirmed_candidate,tetragonal,,10.603948171248883,0.9832152776393634
mp-29812,unknown,unconfirmed_candidate,monoclinic,,8.464984027398604,7.645381256563617
mp-1188226,unknown,unconfirmed_candidate,orthorhombic,,-11.332196049748188,9.871696773078106
mp-1213158,unknown,unconfirmed_candidate,orthorhombic,,11.776592791675785,0.04038608256538012
mp-867255,unknown,unconfirmed_candidate,cubic,,1.9838597821717094,-4.856077202895557
mp-16671,unknown,unconfirmed_candidate,monoclinic,,6.202749249464837,-8.537954048108737
mp-1244955,unknown,unconfirmed_candidate,triclinic,,4.2651683419752136,0.5205146856263383
mp-6539,unknown,unconfirmed_candidate,orthorhombic,,-3.591780225762612,2.927379644044148
mp-780652,unknown,unconfirmed_candidate,triclinic,,-3.5814732104338916,-1.1038561515597358
mp-1222740,unknown,unconfirmed_candidate,hexagonal,,7.420007247496304,-5.536950058903782
mp-778608,unknown,unconfirmed_candidate,monoclinic,,4.748477962957372,-7.36084579349987
mp-24366,unknown,unconfirmed_candidate,monoclinic,,-1.7128088724524346,-5.887732582118904
mp-676979,unknown,unconfirmed_candidate,monoclinic,,-1.4307483818648912,-3.560239507624914
mp-776278,unknown,unconfirmed_candidate,triclinic,,9.432538321240639,2.4890467047654745
mp-1222145,0,label0,tetragonal,,-3.8429560166937833,-3.978163364582958
mp-772507,unknown,unconfirmed_candidate,triclinic,,-1.6199949826659505,-2.6876677395328095
mp-1105337,unknown,unconfirmed_candidate,triclinic,,2.0767936497356203,-0.004032090582420267
mp-627591,unknown,unconfirmed_candidate,orthorhombic,,8.12525016877443,16.430813946359518
mp-782641,unknown,unconfirmed_candidate,orthorhombic,,-2.6875390847018537,-0.7386114302822726
mp-649080,unknown,unconfirmed_candidate,trigonal,,-2.248685426000481,4.994519244013976
mp-1187454,0,label0,cubic,,-1.535142785164421,-1.7747812381471348
mp-1247616,unknown,unconfirmed_candidate,monoclinic,,7.304913845987912,2.272068145400034
mp-1078961,0,label0,hexagonal,,3.1656038553130035,-2.528269752743663
mp-1206140,0,label0,tetragonal,,6.082186404511615,3.359313754533183
mp-1227980,0,label0,monoclinic,,3.1909362208002907,-4.38920637958781
mp-752407,unknown,unconfirmed_candidate,monoclinic,,-1.9110193935227677,-1.7021129146673655
mp-757037,0,label0,triclinic,,-5.960430336403832,-3.5463069899793513
mp-1355631,unknown,unconfirmed_candidate,monoclinic,,-0.7848806585546662,-3.6564380389189406
mp-1100994,0,label0,triclinic,,-1.2655900126353288,-6.879588614390913
mp-1096920,0,label0,triclinic,,-2.171487583587677,-8.793444289015495
mp-1177190,unknown,unconfirmed_candidate,triclinic,,-3.855266703817964,-1.2360454923688806
mp-569071,unknown,unconfirmed_candidate,orthorhombic,,6.320059975210633,-0.8848276462643767
mp-755247,unknown,unconfirmed_candidate,triclinic,,0.9232747039361371,-9.125297638870636
mp-1183882,0,label0,cubic,,11.515831272621458,5.155079506266041
mp-1026388,0,label0,orthorhombic,,-4.056990818577692,0.32387675405016125
mp-21661,unknown,unconfirmed_candidate,orthorhombic,,8.038587558987826,0.44735839469831973
mp-1037800,0,label0,tetragonal,,0.7989618131350014,-1.322413048900355
mp-1192655,0,label0,monoclinic,,-2.1408515790914144,0.7228955123205907
mp-2715429,unknown,unconfirmed_candidate,monoclinic,,-0.38140217158593614,-1.035633509682043
mp-18575,unknown,unconfirmed_candidate,monoclinic,,1.774052566743645,-6.42737052019009
mp-1173962,unknown,unconfirmed_candidate,triclinic,,4.471156157804357,-7.867508341009772
mp-755694,unknown,unconfirmed_candidate,orthorhombic,,-5.8560021454180955,-4.124035679839864
mp-849433,unknown,unconfirmed_candidate,monoclinic,,0.07473914781003899,0.040625212726776994
mp-754518,unknown,unconfirmed_candidate,orthorhombic,,9.12934427864552,1.9066448364812167
mp-20331,unknown,unconfirmed_candidate,orthorhombic,,6.111736548621128,-6.7833835509490505
mp-1096717,0,label0,orthorhombic,,0.772694853954718,-0.6170860007556023
mp-677246,unknown,unconfirmed_candidate,triclinic,,-1.130465759738751,-7.795595700004402
mp-573548,unknown,unconfirmed_candidate,monoclinic,,6.68363153416783,-2.8977925490927046
mp-16933,0,label0,monoclinic,,-9.386417653010504,-8.944987908213136
mp-1235307,unknown,unconfirmed_candidate,triclinic,,-2.706208773198462,-0.9835054070176028
mp-756101,unknown,unconfirmed_candidate,triclinic,,15.332445689810637,12.744324340897968
mp-1041428,0,label0,monoclinic,,1.5050250388690145,-3.118364547295773
mp-6944,unknown,unconfirmed_candidate,cubic,,-1.7659491502623688,-5.4420909848964705
mp-2516,0,label0,cubic,,4.000052985294598,0.6003836686826034
mp-675895,unknown,unconfirmed_candidate,hexagonal,,4.624591084737201,-1.4785371884179845
mp-1337214,0,label0,triclinic,,4.297761777888034,11.144891102050813
mp-1147609,unknown,unconfirmed_candidate,triclinic,,2.3941954055694197,-3.943168143025888
mp-760393,unknown,unconfirmed_candidate,tetragonal,,5.441154241111093,-5.543631724680852
mp-1429856,0,label0,cubic,,-4.8994085820129705,-10.912185395798296
mp-757114,0,label0,monoclinic,,-9.210557280354937,6.310841866194803
mp-1033174,0,label0,tetragonal,,-0.263246644162642,-0.2578851241753135
mp-1212531,unknown,unconfirmed_candidate,monoclinic,,4.050796400030377,8.21977146978979
mp-1185849,0,label0,cubic,,3.430666293088839,-1.964215857570263
mp-1264781,unknown,unconfirmed_candidate,orthorhombic,,-3.020044239201347,3.363059287597821
mp-780121,unknown,unconfirmed_candidate,monoclinic,,16.197357859105004,12.940467733863763
mp-559798,unknown,unconfirmed_candidate,tetragonal,,10.85987714627996,4.552464878610966
mp-2230822,unknown,unconfirmed_candidate,triclinic,,2.1566599469767063,5.3382354267571515
mp-754552,unknown,unconfirmed_candidate,triclinic,,-2.1094429710925517,0.1251652127169045
mp-754922,0,label0,monoclinic,,-10.948323801556484,-1.9873668754028024
mp-770547,unknown,unconfirmed_candidate,orthorhombic,,-17.10788220672446,9.619299936226334
mp-865288,0,label0,cubic,,1.7470858466685435,1.2830168422351953
mp-1286464,unknown,unconfirmed_candidate,triclinic,,2.098709187528801,4.263817333169513
mp-759768,unknown,unconfirmed_candidate,triclinic,,-4.144400897576677,10.151268237217888
mp-23535,unknown,unconfirmed_candidate,monoclinic,,2.9786273358064044,-3.578922802292345
mp-26179,0,label0,triclinic,,-2.4073835171549227,-3.101774542143575
mp-1210809,unknown,unconfirmed_candidate,orthorhombic,,-4.527057050915811,-3.5416059146414085
mp-1101708,unknown,unconfirmed_candidate,trigonal,Fe,5.900749906739211,-5.554022639550611
mp-1195696,unknown,unconfirmed_candidate,monoclinic,,-6.156371323188047,-10.31293588546909
mp-2230486,unknown,unconfirmed_candidate,tetragonal,,-5.509325518014752,-0.8593419434766894
mp-554658,unknown,unconfirmed_candidate,monoclinic,,7.044185926550455,-7.608212289917169
mp-1048076,0,label0,monoclinic,,-0.7180685984474273,-6.815177618805645
mp-1185071,0,label0,cubic,,2.9212148743179647,1.9578478040204637
mp-772117,unknown,unconfirmed_candidate,triclinic,,-5.342431027240181,-2.5394425161947005
mp-778860,unknown,unconfirmed_candidate,monoclinic,,-2.982193398933351,-2.4076977089067864
mp-1196110,unknown,unconfirmed_candidate,orthorhombic,,0.8701266582580018,-2.9485672741332074
mp-1181766,unknown,unconfirmed_candidate,monoclinic,,-4.762382163307066,-11.310633047245451
mp-1101228,unknown,unconfirmed_candidate,hexagonal,,-14.462403049289186,23.378547421960707
mp-755374,unknown,unconfirmed_candidate,tetragonal,,-7.674973536848366,-9.906991202132604
mp-10336,0,label0,orthorhombic,,9.134484054751468,-2.467889488260866
mp-1212976,unknown,unconfirmed_candidate,orthorhombic,,4.24033175732864,1.4213923522095087
mp-558785,unknown,unconfirmed_candidate,monoclinic,,-6.6644832760003325,-10.342183966852266
mp-779889,unknown,unconfirmed_candidate,orthorhombic,,1.3565804163168451,-6.5920480178742675
mp-1005,unknown,unconfirmed_candidate,orthorhombic,,15.518079972781324,1.3204589470795334
mp-1235743,unknown,unconfirmed_candidate,triclinic,,-5.435160922780771,-5.076852890218049
mp-780521,0,label0,triclinic,,-4.081261439607186,-9.855865326387661
mp-769967,unknown,unconfirmed_candidate,monoclinic,,-6.757683587621916,-0.5506787115194989
mp-19042,1,label1,orthorhombic,Mn,4.536138823779735,-5.751680981417946
mp-1177487,unknown,unconfirmed_candidate,triclinic,,4.51110301669501,-7.62569390883457
mp-1264130,unknown,unconfirmed_candidate,monoclinic,,-6.899337727265117,1.6085399834251781
mp-768598,unknown,unconfirmed_candidate,monoclinic,,-4.003144348690892,0.26942389774366404
mp-1194233,unknown,unconfirmed_candidate,tetragonal,,6.930080584187538,-2.245152136021428
mp-865209,0,label0,cubic,,13.227478186265458,8.313004541589901
mp-1022594,unknown,unconfirmed_candidate,orthorhombic,,-3.0707779545409153,-1.0983048947517382
mp-1226086,unknown,unconfirmed_candidate,triclinic,,7.0713270464476885,-1.0308882904947936
mp-766372,unknown,unconfirmed_candidate,triclinic,,-4.086204012188237,3.9592474899357306
mp-2240924,unknown,unconfirmed_candidate,monoclinic,,-16.627224251332905,2.6909633867073275
mp-765430,unknown,unconfirmed_candidate,monoclinic,,-3.1487073577188553,-0.11005371536865027
mp-1176864,unknown,unconfirmed_candidate,triclinic,,-4.2796331651976125,-0.8349565465228466
mp-1209292,unknown,unconfirmed_candidate,orthorhombic,,8.606840157770408,-2.6202045977861133
mp-1210021,unknown,unconfirmed_candidate,monoclinic,,8.007905585219584,12.561231157539787
mp-555263,unknown,unconfirmed_candidate,trigonal,,-19.45663181941208,8.984367882506703
mp-1027930,0,label0,orthorhombic,,-4.882589448104429,0.4572093826368686
mp-1212596,unknown,unconfirmed_candidate,monoclinic,,-9.516763063280234,6.325168858179133
mp-2715137,unknown,unconfirmed_candidate,trigonal,,-1.06803876018472,-3.2688647434152838
mp-763436,unknown,unconfirmed_candidate,monoclinic,,21.23503441127948,18.544942969315297
mp-861177,unknown,unconfirmed_candidate,monoclinic,,5.542494648721744,-4.510154739015842
mp-1022451,unknown,unconfirmed_candidate,orthorhombic,,5.147731062737424,-3.508026513991709
mp-753523,unknown,unconfirmed_candidate,monoclinic,,-4.621113987680712,5.0734027003063
mp-1042566,unknown,unconfirmed_candidate,monoclinic,,3.7499343628413015,-5.777661306100104
mp-1096413,0,label0,orthorhombic,,9.940638534603671,-4.726923401218478
mp-1076354,unknown,unconfirmed_candidate,orthorhombic,,-8.929872102073716,-0.11185036404839366
mp-699555,unknown,unconfirmed_candidate,triclinic,,8.204403440926754,9.878009817864882
mp-1176425,unknown,unconfirmed_candidate,monoclinic,,9.260700159727278,2.7608832803558734
mp-17775,unknown,unconfirmed_candidate,monoclinic,,-5.155890966596324,-2.114017592747759
mp-559279,unknown,unconfirmed_candidate,monoclinic,,-5.973920790047309,0.4702228315241044
mp-1048587,unknown,unconfirmed_candidate,triclinic,,-0.9856747534164434,2.3689998016091742
mp-765841,unknown,unconfirmed_candidate,orthorhombic,,4.409987933736426,2.983227081026257
mp-2228613,0,label0,triclinic,,-5.997308561465754,-2.6373868553386615
mp-1173561,unknown,unconfirmed_candidate,triclinic,,-3.8920278274891267,-7.325080498016559
mp-20026,0,label0,hexagonal,,5.860633287026307,-1.444270624994921
mp-761936,0,label0,monoclinic,,1.7758193420477717,-3.397413407060405
mp-759365,unknown,unconfirmed_candidate,monoclinic,,3.4423598799339548,-4.377811128423861
mp-492,0,label0,cubic,,4.467054014588932,0.6062301810511812
mp-2219340,unknown,unconfirmed_candidate,orthorhombic,,-3.2279861802354866,1.3146204085331483
mp-673655,unknown,unconfirmed_candidate,triclinic,,0.5686358228936257,-8.25941370195946
mp-684976,0,label0,trigonal,,0.015902338835243057,-0.8092422801206922
mp-542733,unknown,unconfirmed_candidate,orthorhombic,,0.6957092006956529,-3.551774281095364
mp-1212906,unknown,unconfirmed_candidate,cubic,,15.437183639916555,3.926510995555443
mp-755455,0,label0,monoclinic,,3.565617135751708,-5.814423855292482
mp-776769,unknown,unconfirmed_candidate,monoclinic,,-3.4774593632699258,10.240144800557076
mp-689943,unknown,unconfirmed_candidate,orthorhombic,,-5.006515366326294,-2.017046833360526
mp-1335004,unknown,unconfirmed_candidate,monoclinic,,2.4335209461672562,-2.119716705640153
mp-1227552,unknown,unconfirmed_candidate,orthorhombic,,-13.276911567425294,7.1431385933119245
mp-765675,unknown,unconfirmed_candidate,triclinic,,4.57669875087551,0.7835946098422255
mp-2712961,unknown,unconfirmed_candidate,triclinic,,-0.5968339122271402,-5.825646310530795
mp-1223504,unknown,unconfirmed_candidate,triclinic,,4.699998776874134,-2.39965994471984
mp-1209902,0,label0,cubic,,-2.6375535617899644,-1.1220107805532002
mp-675691,unknown,unconfirmed_candidate,orthorhombic,,-8.446469941193012,11.92488188674767
mp-1196866,unknown,unconfirmed_candidate,trigonal,,-6.47914417052554,-5.8968980410193055
mp-2714727,0,label0,triclinic,,0.6091562324680879,-6.9628703243025445
mp-1048410,0,label0,monoclinic,,2.9240484180909263,-0.27849713722997294
mp-2228633,unknown,unconfirmed_candidate,triclinic,,4.203019295167884,14.07835261518968
mp-554913,unknown,unconfirmed_candidate,hexagonal,,5.361038942403528,-3.4337972582445264
mp-558298,0,label0,trigonal,,1.0732372310253737,-4.440761971104125
mp-761891,unknown,unconfirmed_candidate,monoclinic,,-0.8084505205342403,-5.971738319154534
mp-5350,0,label0,tetragonal,,-0.7648173998854837,-5.281444496167337
mp-1041001,unknown,unconfirmed_candidate,monoclinic,,7.472266808432099,-6.557089981303525
mp-1105892,unknown,unconfirmed_candidate,orthorhombic,,7.961904459986705,1.0994790787080717
mp-780709,unknown,unconfirmed_candidate,orthorhombic,,4.413180066414114,-6.5369327042515355
mp-1029659,0,label0,hexagonal,,6.14996569577281,15.787874159965472
mp-1045397,unknown,unconfirmed_candidate,cubic,,2.493647925304625,5.4906451622545625
mp-772031,0,label0,monoclinic,,-5.7837858081157485,1.1979470942179127
mp-850222,unknown,unconfirmed_candidate,tetragonal,,-1.4042858813257553,-11.046692099847732
mp-757189,unknown,unconfirmed_candidate,monoclinic,,-9.78890918370712,4.766741104554807
mp-1032050,0,label0,tetragonal,,3.7150154004698663,-1.349286559791972
mp-769575,0,label0,triclinic,,-3.021347454894464,-2.615836646015236
mp-1209529,unknown,unconfirmed_candidate,monoclinic,,-4.059746727617611,-0.35651659042299144
mp-1227594,unknown,unconfirmed_candidate,orthorhombic,,1.7088015454661125,-3.2248899627934016
mp-1180698,0,label0,trigonal,,10.249701160873641,2.481124446072087
mp-1048539,0,label0,orthorhombic,,2.1893422270081544,-7.820485628267413
mp-768661,unknown,unconfirmed_candidate,monoclinic,,-4.248727837987349,-4.488674740754096
mp-698413,unknown,unconfirmed_candidate,monoclinic,,-2.2714912172341606,-3.506894456332155
mp-1104253,0,label0,orthorhombic,,-0.09195113910562114,-2.1220990362398773
mp-1224939,unknown,unconfirmed_candidate,monoclinic,,-2.1878568215777037,-3.930231958025896
mp-1217380,unknown,unconfirmed_candidate,tetragonal,,-22.019274468014217,-3.7118708634642665
mp-561886,unknown,unconfirmed_candidate,monoclinic,,-1.7230409997627625,-4.368100647508779
mp-4458,0,label0,tetragonal,,-1.5877378451523825,1.6582835235864373
mp-30183,0,label0,tetragonal,,11.854478675806305,-5.188457067630196
mp-1374220,0,label0,triclinic,,-5.107305720810938,-6.207507691598947
mp-1184560,0,label0,cubic,,-0.7607816716156428,-0.7753698217989395
mp-1520703,unknown,unconfirmed_candidate,orthorhombic,,-25.12672305355114,-0.7735445041617481
mp-1203872,unknown,unconfirmed_candidate,monoclinic,,-1.4379747613800937,0.8748246521654615
mp-541073,0,label0,trigonal,,-4.845797578766575,3.1160315112760557
mp-640024,0,label0,cubic,,8.862660748405352,-2.7384308807564075
mp-733590,unknown,unconfirmed_candidate,hexagonal,,-2.42754029059385,1.2987609960057611
mp-1095737,0,label0,orthorhombic,,1.0994283780241787,-1.538663320307153
mp-1041988,unknown,unconfirmed_candidate,orthorhombic,,-15.398981008578772,-6.54510750464032
mp-1406883,unknown,unconfirmed_candidate,triclinic,,-0.11214961835947435,1.2651474569336614
mp-2229987,unknown,unconfirmed_candidate,triclinic,,9.778910878055266,6.343380915056965
mp-1045947,0,label0,monoclinic,,-12.91395890864046,0.3553742017673507
mp-2228938,unknown,unconfirmed_candidate,monoclinic,,1.5073764811335906,-7.54436233737041
mp-15684,unknown,unconfirmed_candidate,orthorhombic,,9.95031592824872,-5.951424893983209
mp-510050,0,label0,orthorhombic,,8.715747273108688,-3.6481991518231514
mp-1272521,unknown,unconfirmed_candidate,monoclinic,,5.510985033156365,-2.8472035310164543
mp-1185125,0,label0,hexagonal,,5.569185449163907,-5.014396734543119
mp-1120771,unknown,unconfirmed_candidate,trigonal,,2.9782575230321093,-6.7984748067860465
mp-27047,unknown,unconfirmed_candidate,orthorhombic,,5.957260977531458,-2.5965181745129406
mp-26731,0,label0,triclinic,,-5.744417609788957,0.5141412208158158
mp-2241520,0,label0,monoclinic,,0.7491832198974855,-1.9327537597481985
mp-1188750,unknown,unconfirmed_candidate,trigonal,,-2.3272264976211154,10.771751094340516
mp-26820,unknown,unconfirmed_candidate,monoclinic,,1.0380121770211126,2.368296374671555
mp-1210074,unknown,unconfirmed_candidate,triclinic,,-2.4716108351672617,-3.539673215608687
mp-1228364,unknown,unconfirmed_candidate,monoclinic,,4.99410892045718,-3.256254214196371
mp-768710,unknown,unconfirmed_candidate,monoclinic,,2.3195203735625647,-3.3488649564551825
mp-557457,unknown,unconfirmed_candidate,monoclinic,,-1.1267655096582736,-1.1161423999103768
mp-758077,unknown,unconfirmed_candidate,monoclinic,,1.6723812862562681,-2.7134174556668818
mp-1032997,0,label0,tetragonal,,-3.6993023025773297,3.4975260873463085
mp-771169,0,label0,monoclinic,,-1.3280601785302686,-2.950628643459673
mp-1194497,unknown,unconfirmed_candidate,orthorhombic,,-2.3439210955526164,-6.979117531969315
mp-1246548,0,label0,monoclinic,,14.027343217848152,-1.7166599879648068
mp-753503,unknown,unconfirmed_candidate,monoclinic,,-10.117812986783857,3.079077190858211
mp-1043605,unknown,unconfirmed_candidate,tetragonal,,-8.394291044929389,4.8060301347082905
mp-1209900,unknown,unconfirmed_candidate,cubic,,-10.716213266178887,-1.4483979962010896
mp-1191600,unknown,unconfirmed_candidate,monoclinic,,-11.834941217504461,-4.735951002654181
mp-1215985,unknown,unconfirmed_candidate,orthorhombic,,-11.683870304025582,-0.5318675974319085
mp-1218627,unknown,unconfirmed_candidate,monoclinic,,-11.206880498757194,0.3360517991078211
mp-697660,unknown,unconfirmed_candidate,monoclinic,,1.2571850790320518,0.07181348946468447
mp-1105213,unknown,unconfirmed_candidate,monoclinic,,5.975496992972808,0.43263392648082544
mp-32022,unknown,unconfirmed_candidate,monoclinic,,-0.3551759636231573,-0.8913110898832315
mp-1638898,0,label0,triclinic,,0.9906209194103823,-5.537396588259741
mp-1044028,unknown,unconfirmed_candidate,monoclinic,,-13.27461151069594,-0.586676763770523
mp-1212949,unknown,unconfirmed_candidate,cubic,,8.336827565345823,5.451954910068846
mp-1205808,0,label0,cubic,,3.9082166179534052,7.961764729145699
mp-26088,unknown,unconfirmed_candidate,monoclinic,,-4.391751039814459,0.5891329701707022
mp-770408,unknown,unconfirmed_candidate,monoclinic,,-2.1588673658711137,-3.7190123520027836
mp-1388558,unknown,unconfirmed_candidate,triclinic,,-15.894428246942994,8.140904928421083
mp-1037374,0,label0,tetragonal,,1.3293595025409672,-1.9000258815219109
mp-977356,0,label0,cubic,,-10.748137328591366,8.887934969184592
mp-1026886,0,label0,orthorhombic,,-2.5374114897296813,-0.8042968918370761
mp-1045676,unknown,unconfirmed_candidate,monoclinic,,2.783866354546184,-4.989120304742775
mp-758664,unknown,unconfirmed_candidate,monoclinic,,15.082517824470656,15.57537950376813
mp-31258,unknown,unconfirmed_candidate,tetragonal,,-1.3459418219775365,1.1662573878397424
mp-1522437,0,label0,orthorhombic,,-3.600095319346277,-6.795554055779657
mp-1191322,0,label0,monoclinic,,11.24756368757095,3.5708204393956073
mp-569913,unknown,unconfirmed_candidate,monoclinic,,1.428251801144782,1.4358028015044582
mp-1264671,unknown,unconfirmed_candidate,triclinic,,-7.450065113832089,-2.907268519600839
mp-568624,0,label0,orthorhombic,,10.027014353147235,4.695302442968796
mp-1102089,unknown,unconfirmed_candidate,hexagonal,,1.9157897974563411,3.5615581037498885
mp-541830,unknown,unconfirmed_candidate,hexagonal,,4.535098028022706,-0.3873093081634238
mp-626574,unknown,unconfirmed_candidate,triclinic,,0.24222669495665627,-4.238900966453457
mp-2225899,unknown,unconfirmed_candidate,triclinic,,-37.356826594420475,14.922528260254058
mp-1226621,0,label0,tetragonal,,0.788442796761192,-0.955315127224619
mp-1184004,0,label0,hexagonal,,2.0418495206887712,-4.955269749632185
mp-1212891,unknown,unconfirmed_candidate,orthorhombic,,8.389290566155418,-1.1489418880953366
mp-1225011,unknown,unconfirmed_candidate,triclinic,,-14.685342602177776,8.121078692132432
mp-1219532,unknown,unconfirmed_candidate,trigonal,,0.5320682305929552,-6.415553262081673
mp-532510,unknown,unconfirmed_candidate,triclinic,,-11.377659133164006,6.746342300707191
mp-558434,0,label0,monoclinic,,1.0042038780340157,2.297252153848806
mp-1041927,unknown,unconfirmed_candidate,orthorhombic,,-9.376972497020319,0.3046757472015642
mp-753999,unknown,unconfirmed_candidate,monoclinic,,-6.541284729128705,3.5931038253584227
mp-1181908,unknown,unconfirmed_candidate,monoclinic,,0.6699134976382766,-5.3710178511527555
mp-781681,0,label0,monoclinic,,-3.450868415075689,-0.417592847530063
mp-3199,unknown,unconfirmed_candidate,monoclinic,,-2.065158308577349,-6.590072079873934
mp-2715625,unknown,unconfirmed_candidate,triclinic,,-1.4580476982308284,-5.221577922665444
mp-1200382,unknown,unconfirmed_candidate,monoclinic,,-10.190972654314724,-8.745168572422223
mp-19854,unknown,unconfirmed_candidate,hexagonal,,8.636982467608666,-0.2252779498130124
mp-782637,unknown,unconfirmed_candidate,orthorhombic,,-0.9978805791384175,-2.1320381567956677
mp-1225474,unknown,unconfirmed_candidate,orthorhombic,,4.859969474842492,-0.8402270951036819
mp-1223950,0,label0,monoclinic,,0.05142746928397912,-0.9181470117139874
mp-754389,0,label0,trigonal,,16.04581390141184,14.850660303729558
mp-1207568,0,label0,cubic,,-5.132881180363313,3.2906868440187083
mp-760841,unknown,unconfirmed_candidate,tetragonal,,-14.020765163350646,-3.638473164371364
mp-1206087,0,label0,hexagonal,,4.014976262362396,1.5230956079813254
mp-30947,unknown,unconfirmed_candidate,monoclinic,,-2.3234618774671176,-4.725916602398945
mp-569264,0,label0,hexagonal,,-0.9045399867606854,10.399372608561077
mp-1182459,unknown,unconfirmed_candidate,monoclinic,,-8.701023583845117,-4.856052533362661
mp-1094894,0,label0,hexagonal,,5.245393362511772,-1.5183230108451884
mp-2226547,0,label0,orthorhombic,,-6.673957915578786,3.3486558051073203
mp-1211897,unknown,unconfirmed_candidate,monoclinic,,2.1156880896948067,-2.723236634879349
mp-1104758,0,label0,tetragonal,,-1.949017237677765,5.13741400906855
mp-560731,unknown,unconfirmed_candidate,triclinic,,-4.4536740037553635,-7.3558346988161
mp-1222124,0,label0,tetragonal,,4.666922082551814,-2.310391596773801
mp-973779,unknown,unconfirmed_candidate,cubic,,-2.119410292074157,10.632840517407143
mp-777519,unknown,unconfirmed_candidate,monoclinic,,4.614330990974354,0.7091592266294526
mp-568831,unknown,unconfirmed_candidate,orthorhombic,,2.170091652118348,0.840540818534528
mp-560165,unknown,unconfirmed_candidate,tetragonal,,8.790511272259959,1.4260831980218747
mp-778867,unknown,unconfirmed_candidate,triclinic,,-0.7022460786673541,-0.753221739502461
mp-1078429,0,label0,orthorhombic,,-7.192689636807273,5.173535067294072
mp-1093544,0,label0,orthorhombic,,11.46819083399277,3.5517048807137463
mp-568562,0,label0,cubic,,11.117351659170035,-5.557163143484738
mp-1272755,unknown,unconfirmed_candidate,monoclinic,,-0.3756933910271627,-6.780875986156058
mp-2231500,unknown,unconfirmed_candidate,monoclinic,,6.90804927211898,-2.309913001557188
mp-1175380,0,label0,monoclinic,,-1.6736760780674018,-6.482521578295682
mp-18711,0,label0,monoclinic,,0.2182132300615791,-3.5895192044485107
mp-1386730,unknown,unconfirmed_candidate,triclinic,,14.445355797292638,14.887264425972187
mp-1026899,0,label0,orthorhombic,,-1.352425260302283,-3.953273031108745
mp-1781,0,label0,cubic,,1.0453198095049245,1.989291439609012
mp-1178467,unknown,unconfirmed_candidate,triclinic,,-6.915356211402454,1.8436483738845695
mp-1222332,0,label0,tetragonal,,-4.720459143620893,-8.877864815208062
mp-32027,unknown,unconfirmed_candidate,triclinic,,-4.30290666128214,0.49093190354030014
mp-1182907,unknown,unconfirmed_candidate,triclinic,,-23.32885923647273,11.391199706825077
mp-690552,unknown,unconfirmed_candidate,monoclinic,,-2.6058653948880313,-2.2508859576519313
mp-1027993,0,label0,orthorhombic,,3.480031793189413,-3.3950030515425986
mp-1110981,0,label0,cubic,,-11.263116924162574,18.055574506139973
mp-1103807,0,label0,orthorhombic,,-6.674129669893674,3.901893722120004
mp-7639,unknown,unconfirmed_candidate,orthorhombic,,11.03747386754846,-3.412087653646152
mp-1218161,0,label0,tetragonal,,-6.131673040458146,8.244721358613333
mp-39843,unknown,unconfirmed_candidate,orthorhombic,,-1.8285200471171592,1.2310604173226842
mp-849726,unknown,unconfirmed_candidate,triclinic,,-1.1002515479371304,-3.877954267414017
mp-29058,unknown,unconfirmed_candidate,orthorhombic,,-1.9461191753048546,-3.294220900903433
mp-1188447,unknown,unconfirmed_candidate,monoclinic,,-16.10916365264874,1.085205154117208
mp-760933,unknown,unconfirmed_candidate,triclinic,,2.1827338152695965,6.302372113034753
mp-974613,0,label0,tetragonal,,8.884734019497404,-2.6206596377517357
mp-645591,unknown,unconfirmed_candidate,orthorhombic,,-4.086257272429279,-1.1040373438952749
mp-758982,0,label0,trigonal,,0.10468757425966047,-2.7352089504253545
mp-1198476,unknown,unconfirmed_candidate,cubic,,7.413326063540081,-0.5205162796962881
mp-758988,0,label0,trigonal,,-4.342535251706558,-3.5616942786203385
mp-2217607,0,label0,triclinic,,-6.238512510986787,-1.7538339642013554
mp-974571,unknown,unconfirmed_candidate,hexagonal,,3.89986027171374,-4.719059158054476
mp-1226804,0,label0,orthorhombic,,8.390966283110851,-3.6076736096121653
mp-1044443,unknown,unconfirmed_candidate,orthorhombic,,2.912917096071837,-1.8258202656377858
mp-570920,unknown,unconfirmed_candidate,monoclinic,,15.114855175246252,3.806558549277735
mp-1202507,unknown,unconfirmed_candidate,tetragonal,,-22.084318076659557,14.367421445025254
mp-2506805,unknown,unconfirmed_candidate,monoclinic,,-0.9980901407621303,-5.451560202534715
mp-1178289,unknown,unconfirmed_candidate,orthorhombic,,22.21459674800091,20.269122157864555
mp-31042,unknown,unconfirmed_candidate,orthorhombic,,11.435553565011334,1.224056029220062
mp-1175376,0,label0,triclinic,,-3.6822378144540764,-5.375080802941994
mp-1078832,0,label0,hexagonal,,15.296803233305221,-3.861017753605074
mp-1213530,unknown,unconfirmed_candidate,cubic,,8.06050616468602,-4.662386720814871
mp-758531,unknown,unconfirmed_candidate,orthorhombic,,-1.1973652275553341,-4.117989123642355
mp-1246247,unknown,unconfirmed_candidate,orthorhombic,,6.690095502997682,0.24901674646545757
mp-759843,unknown,unconfirmed_candidate,triclinic,,-1.3244546955415792,20.136769029735778
mp-1245015,unknown,unconfirmed_candidate,triclinic,,1.7951014236761615,-0.8361120395618045
mp-761267,unknown,unconfirmed_candidate,orthorhombic,,1.2733621991798678,-0.32846315348936983
mp-18269,unknown,unconfirmed_candidate,triclinic,,-21.9700283509194,21.583202583346793
mp-1080526,0,label0,hexagonal,,19.792395845178323,0.08725866655699832
mp-1218730,0,label0,hexagonal,,18.549738770308505,10.325508958872906
mp-510400,0,label0,cubic,,11.814151944572483,2.783010772185772
mp-2218392,unknown,unconfirmed_candidate,triclinic,,-9.417314218791041,10.443379657848467
mp-1521867,0,label0,cubic,,-11.574237677536672,-5.547917166007748
mp-752676,unknown,unconfirmed_candidate,orthorhombic,,-1.9735358451625373,-6.648842239288356
mp-1019253,0,label0,tetragonal,,5.108987026147476,-2.6982415301871665
mp-676934,0,label0,hexagonal,,-7.126090087300781,-0.10953996762548357
mp-1110702,0,label0,cubic,,4.179055479494735,-1.0730562900481253
mp-1188353,unknown,unconfirmed_candidate,orthorhombic,,16.49492719911528,-0.8839054305113052
mp-1046419,0,label0,triclinic,,-7.354517273816757,4.08074467449843
mp-761910,unknown,unconfirmed_candidate,monoclinic,,1.278231813697424,-3.484860808012142
mp-1100822,unknown,unconfirmed_candidate,monoclinic,,24.217567394560184,12.965482622219223
mp-21111,0,label0,hexagonal,,6.269200585681125,3.546279151545189
mp-615420,0,label0,triclinic,,-4.711321332938862,-10.68845415399814
mp-698647,unknown,unconfirmed_candidate,orthorhombic,,-4.8997642580035325,-4.828389308233374
mp-1221268,unknown,unconfirmed_candidate,triclinic,,5.039744311549526,0.9615850092428744
mp-1222064,1,label1,monoclinic,Mn,7.92741843511441,-3.350408735213362
mp-1111279,0,label0,cubic,,-0.27100698857309524,2.9919679736940914
mp-1226637,0,label0,orthorhombic,,4.886145777956768,-4.865692192772482
mp-17210,unknown,unconfirmed_candidate,orthorhombic,,16.660786115258055,6.760254555797683
mp-1197804,unknown,unconfirmed_candidate,orthorhombic,,5.4188412670763455,-4.5866543444814845
mp-1192944,unknown,unconfirmed_candidate,cubic,,11.61936163994388,6.046476056623408
mp-1233202,unknown,unconfirmed_candidate,triclinic,,4.8634196974465755,4.655853355898014
mp-984836,unknown,unconfirmed_candidate,orthorhombic,,-15.355770615088083,-1.3453691070637817
mp-19862,0,label0,hexagonal,,5.047475265113491,3.6420560423229844
mp-1228967,unknown,unconfirmed_candidate,hexagonal,,4.057774733461088,-1.8968257965804955
mp-1079090,0,label0,orthorhombic,,9.076735983153203,-2.397268280341015
mp-505600,unknown,unconfirmed_candidate,cubic,,13.949159486314475,7.4718711972725735
mp-1227996,unknown,unconfirmed_candidate,cubic,,-11.230120732241222,9.012162976186591
mp-1405146,unknown,unconfirmed_candidate,cubic,,-12.227544881516717,9.185954800580173
mp-1211733,unknown,unconfirmed_candidate,orthorhombic,,-22.49743834840109,25.27577872407114
mp-853114,unknown,unconfirmed_candidate,triclinic,,-2.5529301940383817,1.6341039006881353
mp-973682,unknown,unconfirmed_candidate,orthorhombic,,18.03344719440199,3.1675583217549743
mp-1184350,0,label0,hexagonal,,0.7128246106151117,5.904560796914083
mp-997034,0,label0,orthorhombic,,8.912173378021025,-5.14571654045748
mp-1523005,unknown,unconfirmed_candidate,tetragonal,,-15.82152969329966,-3.748119119540842
mp-567451,unknown,unconfirmed_candidate,monoclinic,,-3.2098618978707627,-3.2613310493677545
mp-861988,0,label0,cubic,,0.3481005248836624,0.7064165424983813
mp-560489,unknown,unconfirmed_candidate,monoclinic,,-2.1533227408537385,-8.655819767866895
mp-1275338,unknown,unconfirmed_candidate,triclinic,,-5.786901041992078,8.215619229044638
mp-1518711,0,label0,cubic,,-2.744549816706641,0.5341873615487707
mp-754557,0,label0,cubic,,-7.463754566861933,-1.7912849870752208
mp-1258775,unknown,unconfirmed_candidate,monoclinic,,-30.16460925479626,10.810968529710802
mp-1227165,0,label0,triclinic,,-14.042065042284761,5.1042491004129715
mp-3869,0,label0,cubic,,1.0819719416180824,-2.0064586583240818
mp-1218105,unknown,unconfirmed_candidate,orthorhombic,,2.51064944773389,-4.294556982712097
mp-1221194,0,label0,triclinic,,-7.582738816799562,1.6488821007819752
mp-1200751,unknown,unconfirmed_candidate,trigonal,,-1.66038934696439,-4.503458362224231
mp-8765,0,label0,orthorhombic,,5.465212789517896,-6.4997382003774185
mp-780188,0,label0,monoclinic,,1.5211955186718562,-8.480415178199415
mp-1026882,0,label0,orthorhombic,,-1.818457562499571,-2.9327355123447845
mp-1210634,unknown,unconfirmed_candidate,orthorhombic,,-6.774369495568973,-1.3755018455463492
mp-10973,unknown,unconfirmed_candidate,monoclinic,,2.236417194528233,-3.969331536487399
mp-1101248,unknown,unconfirmed_candidate,triclinic,,2.5635977784450397,19.3896589759939
mp-1228590,unknown,unconfirmed_candidate,monoclinic,,7.564430388966176,0.7844145390351969
mp-1101692,unknown,unconfirmed_candidate,monoclinic,,-12.21773274926818,2.4248501592545537
mp-4672,unknown,unconfirmed_candidate,tetragonal,,1.2570181037285835,-6.0831324394200905
mp-1224935,unknown,unconfirmed_candidate,orthorhombic,,-3.527653518178184,-7.047313468753618
mp-753321,unknown,unconfirmed_candidate,orthorhombic,,-12.446640597960272,2.8081984232604142
mp-685529,0,label0,triclinic,,-1.0814532153319618,-0.35273837464128377
mp-1036995,0,label0,tetragonal,,1.5117225441509454,-2.089572106679068
mp-865662,unknown,unconfirmed_candidate,cubic,,14.853764946395591,3.1993833244736223
mp-1433304,unknown,unconfirmed_candidate,tetragonal,,-1.5784486792528263,4.612837392231164
mp-1523094,unknown,unconfirmed_candidate,orthorhombic,,-15.120465435449766,-2.6919198773703936
mp-2217428,unknown,unconfirmed_candidate,monoclinic,,8.890276746997332,6.700392988149023
mp-1026443,0,label0,hexagonal,,-4.561349751627386,4.68099334221947
mp-2230131,unknown,unconfirmed_candidate,monoclinic,,-2.7793489045405764,-2.311704794021141
mp-1521635,0,label0,cubic,,-7.546602338585394,-4.93354956412314
mp-999127,0,label0,trigonal,,7.358898575060561,-5.545202176571792
mp-636368,unknown,unconfirmed_candidate,tetragonal,,-7.135150818182542,10.958463424871209
mp-1018684,0,label0,tetragonal,,0.07402518237884337,3.964421598900813
mp-1177028,unknown,unconfirmed_candidate,triclinic,,-0.2615288076933595,-4.617629287008732
mp-1193831,0,label0,monoclinic,,-10.196980042562124,14.213520250428896
mp-859086,unknown,unconfirmed_candidate,orthorhombic,,5.06709933555749,-4.013608591786188
mp-1176404,0,label0,monoclinic,,1.1772269216284847,-4.483260533686332
mp-1211040,unknown,unconfirmed_candidate,hexagonal,,10.042221227772542,-3.3820942607596844
mp-1222160,0,label0,orthorhombic,,5.308428485358455,-1.9618806588898803
mp-1233198,unknown,unconfirmed_candidate,triclinic,,0.7424679459210637,-0.22115816838446634
mp-1337141,0,label0,triclinic,,2.2247289011294846,-2.3520028079195896
mp-18897,unknown,unconfirmed_candidate,monoclinic,,-2.7633376183046607,-7.326186333424024
mp-1223193,unknown,unconfirmed_candidate,hexagonal,,4.603660630401633,-2.3926307270699745
mp-1184167,0,label0,cubic,,-0.10716152018339642,4.730172215943515
mp-1104593,0,label0,orthorhombic,,-2.06842747133933,0.957593182931106
mp-14968,unknown,unconfirmed_candidate,cubic,,-7.572208270994793,-0.17373988688033037
mp-752905,unknown,unconfirmed_candidate,monoclinic,,-9.564121558066702,-4.43410910733718
mp-766239,0,label0,triclinic,,-5.500569076130251,-5.038158702367145
mp-2716254,unknown,unconfirmed_candidate,triclinic,,-1.9244887867194365,-5.632574381583709
mp-773018,0,label0,triclinic,,-5.346191068459184,-6.4344539696167224
mp-1224624,unknown,unconfirmed_candidate,triclinic,,1.6128439935607162,-5.611958113457124
mp-1177139,unknown,unconfirmed_candidate,triclinic,,0.709993325649414,-4.5045119793982344
mp-1185639,0,label0,hexagonal,,-5.317543473932766,0.9016493557600285
mp-758787,unknown,unconfirmed_candidate,orthorhombic,,-0.2358340089787312,-4.931288052886067
mp-867310,0,label0,cubic,,9.214979264615042,-3.681747052000448
mp-720476,0,label0,trigonal,,11.276419693413889,10.681913549687927
mp-882474,0,label0,triclinic,,0.4896669945358276,-5.28313785499493
mp-5640,0,label0,cubic,,6.566289021043469,-3.1551165382885547
mp-1218838,0,label0,monoclinic,,-2.2612692628783932,4.770375585611941
mp-1100522,0,label0,triclinic,,3.257947457900947,-7.116408959338363
mp-2228418,unknown,unconfirmed_candidate,triclinic,,-1.3307092840601982,-5.429896662349462
mp-865800,unknown,unconfirmed_candidate,cubic,,10.861882485620754,-0.5760387703822012
mp-19484,unknown,unconfirmed_candidate,orthorhombic,,-17.92110974099117,0.25677424569500573
mp-1104393,unknown,unconfirmed_candidate,tetragonal,,-3.2847990157597273,0.39664042368078256
mp-2241009,0,label0,orthorhombic,,8.037404087379638,-0.8247491425255618
mp-1094043,0,label0,monoclinic,,-10.51404429987128,8.404554320390684
mp-684810,0,label0,triclinic,,3.380055353008112,0.4874536236043703
mp-18775,0,label0,trigonal,,-9.649507651431499,7.758174158636784
mp-555743,unknown,unconfirmed_candidate,monoclinic,,-0.46683909813224034,-3.1724557552437105
mp-1519751,unknown,unconfirmed_candidate,orthorhombic,,-26.01462813096203,-3.5734642986347165
mp-1047985,0,label0,monoclinic,,2.9077150575984305,-6.342959625995913
mp-23081,0,label0,tetragonal,,2.4907344486132175,12.283189356753105
mp-2056,0,label0,trigonal,,2.856772717553838,5.414089473106799
mp-1047804,0,label0,tetragonal,,-9.801679048043969,-1.7970508577550621
mp-758182,unknown,unconfirmed_candidate,orthorhombic,,-2.2115213375036795,-5.866833615277198
mp-1219318,unknown,unconfirmed_candidate,orthorhombic,,-4.585694515347825,-6.188462304373262
mp-2217103,unknown,unconfirmed_candidate,triclinic,,11.490907706096884,10.137035547362018
mp-5245,unknown,unconfirmed_candidate,cubic,,-0.8713670987758348,4.371189260378639
mp-1213209,0,label0,monoclinic,,-11.424801119138891,-7.401338595885795
mp-761148,0,label0,monoclinic,,-8.800358256778011,-6.838971581341376
mp-1209996,unknown,unconfirmed_candidate,tetragonal,,0.9330731852875971,-3.3158744382080165
mp-1186065,0,label0,cubic,,8.009304319679028,-6.511997062436494
mp-567348,0,label0,cubic,,5.824223779464548,4.4334959741090465
mp-1188086,unknown,unconfirmed_candidate,hexagonal,,5.861462608776078,5.059868289414112
mp-504727,0,label0,tetragonal,,9.652945507655955,9.251872091750368
mp-1225837,unknown,unconfirmed_candidate,monoclinic,,6.093098686787876,0.5956412879959849
mp-850667,unknown,unconfirmed_candidate,triclinic,,-3.8119419840815283,-0.6763433571840807
mp-556525,unknown,unconfirmed_candidate,tetragonal,,-18.90441162393023,7.8936398266530325
mp-752700,unknown,unconfirmed_candidate,monoclinic,,-3.501564407336783,-1.215086136682558
mp-1105156,unknown,unconfirmed_candidate,orthorhombic,,1.3853944345358826,3.9536448601815373
mp-773693,unknown,unconfirmed_candidate,triclinic,,-3.9218753902697436,-0.6781347532172894
mp-1518553,0,label0,cubic,,2.5143668003426782,-2.85051581420006
mp-1008554,0,label0,cubic,,-1.9571142174278648,-2.7960715326985515
mp-849519,unknown,unconfirmed_candidate,triclinic,,9.446829865833056,2.2566754750240676
mp-17760,unknown,unconfirmed_candidate,orthorhombic,,3.2968592525796456,5.828396528330995
mp-768357,0,label0,triclinic,,-4.936792485069443,-7.861621914433655
mp-694615,unknown,unconfirmed_candidate,monoclinic,,-3.0471757846352148,6.679225975645721
mp-10298,0,label0,tetragonal,,0.9569199323330579,5.300893810482567
mp-1206324,0,label0,tetragonal,,8.759936495453013,3.5303387368124994
mp-1179501,0,label0,hexagonal,,7.730360904354905,2.4749272416636146
mp-1309364,unknown,unconfirmed_candidate,monoclinic,,-0.6653414857518065,11.168738989283494
mp-28138,unknown,unconfirmed_candidate,trigonal,,-2.587665702187415,-5.345652948728041
mp-556141,unknown,unconfirmed_candidate,orthorhombic,,1.6711253574411593,0.2349468696775645
mp-1198499,unknown,unconfirmed_candidate,monoclinic,,0.14383705921073542,15.558485854904713
mp-1042111,unknown,unconfirmed_candidate,tetragonal,,-2.302775076204469,-2.617204337935714
mp-569270,0,label0,orthorhombic,,-14.936298242649755,4.405314382544898
mp-774240,unknown,unconfirmed_candidate,triclinic,,-1.2488202411122806,-3.3206567053770453
mp-550300,0,label0,monoclinic,,-3.0422602213126666,-3.4588711570157233
mp-1078086,0,label0,trigonal,,8.582091709650035,0.02954283951886083
mp-1196839,unknown,unconfirmed_candidate,trigonal,,4.173173050069471,-1.150349305494089
mp-1228559,0,label0,trigonal,,9.56760362692784,-5.5030741513487005
mp-1185111,0,label0,tetragonal,,8.936856386772726,-4.411398155051453
mp-1095519,unknown,unconfirmed_candidate,orthorhombic,,15.711844413269402,-2.6917880063988253
mp-1309506,unknown,unconfirmed_candidate,triclinic,,-17.94025397704487,10.34721290560966
mp-1022084,unknown,unconfirmed_candidate,orthorhombic,,-0.14346024707687377,-4.717709846525176
mp-1251112,0,label0,orthorhombic,,-14.784872201069035,9.689791284776277
mp-1022593,unknown,unconfirmed_candidate,orthorhombic,,-1.692850797690788,1.0375058382680216
mp-1206768,0,label0,cubic,,3.5698854079932882,7.19182101268111
mp-1022052,unknown,unconfirmed_candidate,orthorhombic,,1.1290655471219324,-2.6238413936308085
mp-1194435,unknown,unconfirmed_candidate,triclinic,,6.53998013126742,0.307744846138867
mp-1187963,0,label0,hexagonal,,6.592762905620523,14.314221181668977
mp-1104127,0,label0,cubic,,0.03282600364595467,-7.839404177267635
mp-1114107,0,label0,cubic,,1.366047252842872,0.8441237946760225
mp-762019,0,label0,trigonal,,0.3525013865323565,-3.6572885994480053
mp-1516516,0,label0,monoclinic,,-6.415609054967533,-7.2724872105260605
mp-704981,unknown,unconfirmed_candidate,hexagonal,,-0.8349392119497452,-6.003461881692418
mp-2215829,unknown,unconfirmed_candidate,monoclinic,,5.086885300417773,-3.4480883619032188
mp-864764,0,label0,cubic,,20.650908930173962,16.297626455772157
mp-1180427,0,label0,triclinic,,-2.2863159167778875,-3.389282381705403
mp-850909,unknown,unconfirmed_candidate,monoclinic,,-9.722150371938262,-1.53967064682619
mp-1174225,0,label0,monoclinic,,1.4078319525337761,-6.556828265185455
mp-757593,0,label0,monoclinic,,-2.029896643474462,-4.541849484307118
mp-1245292,0,label0,triclinic,,-8.03523821681939,-4.47154277622022
mp-570255,0,label0,monoclinic,,-13.425550244500222,2.1366169120458984
mp-1093618,0,label0,orthorhombic,,2.3529670853332583,-5.470090972074651
mp-626549,unknown,unconfirmed_candidate,monoclinic,,-6.7657435959298375,-1.596560314992903
mp-1214972,unknown,unconfirmed_candidate,monoclinic,,-2.249829022393886,-4.119948170767431
mp-1213357,unknown,unconfirmed_candidate,cubic,,-5.498093135486034,-3.548603838555671
mp-722310,0,label0,triclinic,,-6.102724802287323,-8.040417796323736
mp-1176742,unknown,unconfirmed_candidate,monoclinic,,-1.814462720343375,-1.9556193750917146
mp-2229150,unknown,unconfirmed_candidate,triclinic,,-2.4665888178200355,-0.805993853042235
mp-1333984,unknown,unconfirmed_candidate,monoclinic,,-12.4337986687025,5.23874237364295
mp-866185,0,label0,cubic,,8.462237397185623,-5.114716403420276
mp-1185508,0,label0,cubic,,10.158047432209067,-4.023420984527585
mp-1016282,0,label0,hexagonal,,-0.5415472916226314,-5.5967591415196605
mp-2231680,unknown,unconfirmed_candidate,triclinic,,-11.38108087105233,-1.6790137762132016
mp-753416,0,label0,triclinic,,0.966606615384972,-3.205005000417385
mp-765692,unknown,unconfirmed_candidate,orthorhombic,,5.352113679326999,2.806265441272469
mp-1202074,unknown,unconfirmed_candidate,cubic,,-7.983906930976385,3.924482273368344
mp-18207,unknown,unconfirmed_candidate,monoclinic,,-4.12856765412619,1.410210162600773
mp-26681,0,label0,triclinic,,-3.389116482055883,-2.9578779844795964
mp-10847,unknown,unconfirmed_candidate,cubic,,10.590729954465955,-1.0889025060918307
mp-1291748,unknown,unconfirmed_candidate,triclinic,,-11.993658923171338,11.229143974495742
mp-780492,0,label0,triclinic,,-1.5338109771414956,-5.431634791656311
mp-1517993,0,label0,cubic,,8.587790834130647,-0.38638947241514643
mp-1110850,0,label0,cubic,,-7.285127321510114,10.226480612847958
mp-1099904,unknown,unconfirmed_candidate,orthorhombic,,-1.4479805200490041,-4.121129961899188
mp-1181423,unknown,unconfirmed_candidate,orthorhombic,,-8.728727942829373,-1.2819836750865967
mp-1369469,unknown,unconfirmed_candidate,triclinic,,-12.185703177296048,3.699239398824343
mp-1210606,unknown,unconfirmed_candidate,trigonal,,-1.175932192136706,-2.6081742239233723
mp-778633,unknown,unconfirmed_candidate,triclinic,,-12.411248887117559,5.42183793225033
mp-22714,unknown,unconfirmed_candidate,tetragonal,,8.914150304163002,-2.036203295540151
mp-1100920,unknown,unconfirmed_candidate,monoclinic,,1.8433808965526381,-4.792148338954396
mp-1208576,unknown,unconfirmed_candidate,orthorhombic,,6.677245547885676,0.5235619054577398
mp-559424,unknown,unconfirmed_candidate,tetragonal,,-6.9738077899976645,-7.944002778025961
mp-1188412,unknown,unconfirmed_candidate,monoclinic,,0.44704924506319443,1.8362034944788341
mp-1093557,0,label0,orthorhombic,,-3.36922223484779,-4.239991985744034
mp-1210192,unknown,unconfirmed_candidate,orthorhombic,,5.817751915601924,-1.5803124731959919
mp-1217859,unknown,unconfirmed_candidate,monoclinic,,-28.247488872615897,36.86065699514782
mp-1011376,0,label0,hexagonal,,-1.3337033366664066,11.143672091705
mp-1096047,0,label0,orthorhombic,,5.6748711822421285,-4.580616662734434
mp-1190245,unknown,unconfirmed_candidate,cubic,,-2.5939100130629917,-7.126833609070008
mp-1222417,unknown,unconfirmed_candidate,orthorhombic,,6.941940039932662,-3.8700510996226427
mp-1348408,0,label0,triclinic,,2.7909789666483924,1.903958882924119
mp-1224922,0,label0,tetragonal,,5.36283901429019,-4.349901969959248
mp-1018027,0,label0,hexagonal,,1.204544315318703,-0.38248935373894355
mp-2715123,0,label0,triclinic,,-0.7376195025802659,-6.614804446487883
mp-1206631,0,label0,cubic,,11.20060869021571,1.5182172537915868
mp-5241,unknown,unconfirmed_candidate,tetragonal,,1.5720361732117816,-6.075966349344721
mp-1273264,unknown,unconfirmed_candidate,triclinic,,4.715569910064513,-1.3336382370290636
mp-771033,unknown,unconfirmed_candidate,orthorhombic,,-11.574912124493533,-7.262194444690932
mp-2218226,0,label0,orthorhombic,,6.02652826966445,-1.4144425298062142
mp-769532,unknown,unconfirmed_candidate,orthorhombic,,-3.2440322275890985,-1.5493049218515882
mp-673165,unknown,unconfirmed_candidate,cubic,,-2.1573716968702534,-7.965532606535646
mp-1101449,unknown,unconfirmed_candidate,monoclinic,,-15.712897675477308,-3.3888633908163133
mp-557970,unknown,unconfirmed_candidate,cubic,,2.726494726539265,-4.904348339708385
mp-1225044,0,label0,trigonal,,6.830251082967363,5.232982921058948
mp-1186073,0,label0,cubic,,8.461888122105453,-3.4899803005602674
mp-1210558,unknown,unconfirmed_candidate,orthorhombic,,3.917839119091685,-3.868328855344794
mp-766099,unknown,unconfirmed_candidate,monoclinic,,-3.6561611938102274,-4.21516652795709
mp-1014244,0,label0,trigonal,,13.687266531790055,-1.9911112668911919
mp-1198584,0,label0,monoclinic,,0.10107969684252183,-4.02674121588573
mp-759995,unknown,unconfirmed_candidate,triclinic,,-3.2911226738615866,-0.9185793908647284
mp-1217390,0,label0,monoclinic,,17.82702632316747,0.6997570080876159
mp-1709,0,label0,hexagonal,,4.388036952590246,-2.480166823740273
mp-1185770,0,label0,cubic,,0.8245040852835182,-1.4622746952575554
mp-616616,unknown,unconfirmed_candidate,orthorhombic,,0.3579690892120979,0.3663226191994866
mp-1205966,0,label0,tetragonal,,7.123715259263296,10.489119642961999
mp-541129,1,label1,orthorhombic,Nd;V,0.2460780880814113,-1.904223596528814
mp-1178085,0,label0,triclinic,,-4.608341770775347,3.8898641266093925
mp-1214335,unknown,unconfirmed_candidate,tetragonal,,-8.71874180165883,22.783474433132202
mp-1223820,0,label0,trigonal,,7.776686233051519,-4.00520546761701
mp-755542,0,label0,monoclinic,,-3.1855418084809273,-1.8571771481800248
mp-17367,unknown,unconfirmed_candidate,orthorhombic,,0.32953090854528355,-2.830023869784579
mp-1520602,unknown,unconfirmed_candidate,triclinic,,-19.130522066621346,-0.9824914966317024
mp-849752,0,label0,monoclinic,,1.7975190989054717,-4.1688708800529515
mp-2223664,0,label0,tetragonal,,-8.918887255163611,13.890143557901197
mp-11160,unknown,unconfirmed_candidate,orthorhombic,,7.506743126343764,8.956714100151093
mp-559171,unknown,unconfirmed_candidate,orthorhombic,,2.898122994661467,-3.6014075559947027
mp-1212591,unknown,unconfirmed_candidate,orthorhombic,,8.847549121234056,-2.311345377672323
mp-1284090,unknown,unconfirmed_candidate,monoclinic,,11.516073751237727,4.5191118830988195
mp-754898,unknown,unconfirmed_candidate,triclinic,,0.2491461668701973,-0.20112874392557245
mp-760331,unknown,unconfirmed_candidate,orthorhombic,,4.4534586180590185,-5.475257318446863
mp-755597,unknown,unconfirmed_candidate,orthorhombic,,-31.60425784150646,7.083250422320557
mp-504531,unknown,unconfirmed_candidate,monoclinic,,0.04777491492033192,-6.372640473134954
mp-865552,0,label0,cubic,,4.181999947536234,-4.896897645175825
mp-1993,0,label0,cubic,,-9.414353222013965,6.371930547420291
mp-768646,unknown,unconfirmed_candidate,monoclinic,,-4.860356128939792,-0.47333758705826057
mp-770673,0,label0,trigonal,,-6.935275624054565,9.509182250494849
mp-1302208,unknown,unconfirmed_candidate,triclinic,,0.7807394973512949,-0.6494804376096859
mp-1205535,0,label0,cubic,,-21.62858409679329,22.061080076737237
mp-1196048,0,label0,orthorhombic,,-2.7692807872710716,-7.748386634089725
mp-1303831,unknown,unconfirmed_candidate,triclinic,,0.8882690469819892,-5.482239838955751
mp-3849,0,label0,monoclinic,,-0.9332557669743693,3.2913206125322567
mp-1095789,0,label0,orthorhombic,,9.411338975403963,-2.629073737126806
mp-756757,unknown,unconfirmed_candidate,orthorhombic,,0.37739275468252487,3.6221383072613307
mp-1226662,unknown,unconfirmed_candidate,orthorhombic,,-2.941184772053319,-5.924753493019404
mp-1025449,unknown,unconfirmed_candidate,hexagonal,,4.88318586631941,0.8251372363156726
mp-637267,0,label0,orthorhombic,,-2.380606308256475,8.0976824156619
mp-972908,0,label0,tetragonal,,14.283112526521538,-1.9751494822565512
mp-1184902,0,label0,hexagonal,,8.823803090481498,-3.9000789513731906
mp-1047530,unknown,unconfirmed_candidate,monoclinic,,-19.12956308248551,19.94222779175799
mp-531333,unknown,unconfirmed_candidate,triclinic,,-0.8429191875822966,0.8629078184067964
mp-1028059,0,label0,hexagonal,,-2.989452109475625,-2.777828495471182
mp-6841,0,label0,tetragonal,,-8.174259750235265,-3.402031064136633
mp-766373,unknown,unconfirmed_candidate,triclinic,,-3.3864110106766034,7.830889189791407
mp-755846,unknown,unconfirmed_candidate,triclinic,,13.547224232809743,9.378259425078493
mp-801636,0,label0,triclinic,,2.1930155112052105,3.18823487557696
mp-567172,0,label0,cubic,,5.733863123846007,-1.0403722842905907
mp-1080356,unknown,unconfirmed_candidate,orthorhombic,,5.699139709037581,-2.413500173593441
mp-17235,unknown,unconfirmed_candidate,triclinic,,-8.364558692208561,-4.541935273652019
mp-1366463,unknown,unconfirmed_candidate,triclinic,,-15.057294722754698,3.06662549978709
mp-21054,0,label0,hexagonal,,4.357413727464312,0.378385024343757
mp-1044167,unknown,unconfirmed_candidate,monoclinic,,-4.049924682776705,-0.21871899531914352
mp-1246021,unknown,unconfirmed_candidate,orthorhombic,,4.1926259626953275,3.271607194354374
mp-21932,unknown,unconfirmed_candidate,cubic,,-6.8943170363488875,0.5647612149545118
mp-755652,unknown,unconfirmed_candidate,orthorhombic,,-7.838114397245633,-4.605823469202962
mp-1034985,0,label0,tetragonal,,-0.8042135551551475,-0.6554387406256481
mp-760334,unknown,unconfirmed_candidate,monoclinic,,0.5615735062988065,2.4486301993902906
mp-1201364,unknown,unconfirmed_candidate,hexagonal,,-3.2163053628104947,-3.9474877024416077
mp-1246933,0,label0,orthorhombic,,-4.901721402710184,-0.22972205535743484
mp-572124,unknown,unconfirmed_candidate,orthorhombic,,-5.550363423952174,-4.245147530266713
mp-851253,unknown,unconfirmed_candidate,triclinic,,-4.109382280911138,-1.7122152294351451
mp-1215615,0,label0,tetragonal,,-0.7653674125400727,-6.777490860350353
mp-1520891,0,label0,cubic,,-18.68822976223295,0.940285719646706
mp-1213486,unknown,unconfirmed_candidate,monoclinic,,-8.605605188231387,-2.4822570212654824
mp-863739,0,label0,cubic,,-3.4860228466707888,0.30175779862557306
mp-1200758,unknown,unconfirmed_candidate,monoclinic,,-14.83038986753904,-4.181159200097435
mp-21872,unknown,unconfirmed_candidate,orthorhombic,,-22.220162198486058,-1.3843685528556229
mp-764328,0,label0,monoclinic,,-18.050020110009257,1.94121305403349
mp-2647006,unknown,unconfirmed_candidate,tetragonal,,3.865590361786376,-0.08575078235386258
mp-8016,unknown,unconfirmed_candidate,tetragonal,,2.7284891191497067,-5.54485304363247
mp-1518884,0,label0,cubic,,-11.537081010820117,6.730412261369096
mp-760310,unknown,unconfirmed_candidate,triclinic,,-4.066279538327365,8.304569741362197
mp-28430,unknown,unconfirmed_candidate,monoclinic,,-4.361611424728622,-5.5226501492578635
mp-1196201,unknown,unconfirmed_candidate,orthorhombic,,0.6895071172114839,2.0894192943871595
mp-1234834,0,label0,triclinic,,3.3891096205733042,5.359484526139354
mp-2217878,0,label0,triclinic,,-15.836216537181357,8.64939703274188
mp-1102767,unknown,unconfirmed_candidate,orthorhombic,,9.668787944795104,-5.094420435405146
mp-1182276,0,label0,triclinic,,11.767173524668518,3.779848878995036
mp-617291,unknown,unconfirmed_candidate,hexagonal,,5.467065656646481,-4.609639677447383
mp-15239,unknown,unconfirmed_candidate,cubic,,-16.007518401343724,-6.496208303829945
mp-102,0,label0,cubic,,10.54912726097008,-4.429339308406032
mp-1202625,unknown,unconfirmed_candidate,hexagonal,,-8.291549654480548,-1.344364382930804
mp-1184274,0,label0,hexagonal,,18.407898323912516,4.486869387097062
mp-763186,unknown,unconfirmed_candidate,trigonal,,-8.746514836879637,0.7459160540785419
mp-756726,unknown,unconfirmed_candidate,orthorhombic,,4.751373021688162,0.19168070130546155
mp-867899,unknown,unconfirmed_candidate,cubic,,4.572756963240833,2.95715641391903
mp-1235089,unknown,unconfirmed_candidate,monoclinic,,-3.1473148189426325,-6.299864865335611
mp-1195819,unknown,unconfirmed_candidate,orthorhombic,,-8.032672933707456,-1.602231396849497
mp-1521871,0,label0,cubic,,-7.477019854148136,-3.596065126342875
mp-2712602,unknown,unconfirmed_candidate,monoclinic,,-0.10611329259361213,-5.367928147245813
mp-774815,unknown,unconfirmed_candidate,monoclinic,,-4.707653124195094,-6.058125130336675
mp-1180484,unknown,unconfirmed_candidate,orthorhombic,,2.030332527684781,-6.492927061257632
mp-765371,unknown,unconfirmed_candidate,triclinic,,-3.4670460658552145,-1.534671542518847
mp-1174546,0,label0,monoclinic,,0.003797053770860259,-5.787996769265787
mp-1032714,0,label0,tetragonal,,4.257678660755619,-1.5581757094740443
mp-1180387,0,label0,monoclinic,,4.532655357719667,4.645047039986665
mp-2229103,unknown,unconfirmed_candidate,triclinic,,12.315453205665946,7.759757172862983
mp-720712,unknown,unconfirmed_candidate,hexagonal,,-1.9205610077424353,-1.8406624763902961
mp-1387889,unknown,unconfirmed_candidate,monoclinic,,8.005630128508985,-0.9341967217962619
mp-755119,0,label0,triclinic,,7.257048485164612,11.976162400372765
mp-26093,unknown,unconfirmed_candidate,orthorhombic,,2.064552984349028,-0.03644165634884189
mp-1186697,0,label0,cubic,,7.631655117496447,-0.24806952141758387
mp-626566,unknown,unconfirmed_candidate,triclinic,,-4.37198568557837,-6.0440007210916775
mp-1045951,unknown,unconfirmed_candidate,triclinic,,6.880915690855479,2.10690388541423
mp-35647,unknown,unconfirmed_candidate,orthorhombic,,1.2086288609699132,-2.650827300016587
mp-863249,0,label0,cubic,,-1.6003505378863387,-0.2752269436361878
mp-720258,unknown,unconfirmed_candidate,monoclinic,,2.2320557514267527,-3.5157647342893767
mp-756472,0,label0,trigonal,,0.32460234450412884,5.4020029282378275
mp-1214758,unknown,unconfirmed_candidate,cubic,,7.495553131322058,1.3000323643080982
mp-2715932,unknown,unconfirmed_candidate,triclinic,,-2.210184547698738,-5.943905764519215
mp-1078316,unknown,unconfirmed_candidate,orthorhombic,,5.706881284597625,0.13012859067352878
mp-619034,unknown,unconfirmed_candidate,orthorhombic,,-3.169597814008174,-2.608174739721507
mp-1202692,unknown,unconfirmed_candidate,orthorhombic,,-0.06823983070380635,1.552435715142483
mp-1205494,unknown,unconfirmed_candidate,tetragonal,,2.803868813829343,2.3165290457648773
mp-777721,0,label0,trigonal,,-19.39125388600305,4.146076014553611
mp-1042155,unknown,unconfirmed_candidate,monoclinic,,3.224396877973298,-9.014935949007622
mp-1214866,unknown,unconfirmed_candidate,tetragonal,,0.9193120110269426,-5.038353463218069
mp-1176809,unknown,unconfirmed_candidate,monoclinic,,-5.242531840284524,-8.609148314416188
mp-30500,0,label0,tetragonal,,-1.2515863701767813,-1.3134067536517264
mp-1214885,unknown,unconfirmed_candidate,hexagonal,,-10.383516806959225,2.397188119824289
mp-2227405,0,label0,orthorhombic,,1.5893509960302978,-2.609328116209003
mp-15685,unknown,unconfirmed_candidate,orthorhombic,,10.583949699339051,-2.827413100529675
mp-1227375,0,label0,trigonal,,-11.488514838147509,2.3151658635012176
mp-1095801,0,label0,orthorhombic,,2.244620329522956,-0.5244001193873444
mp-1213513,0,label0,triclinic,,-6.535399626977423,-7.304143368103883
mp-1234155,unknown,unconfirmed_candidate,triclinic,,-3.499945948768765,-8.302955750318814
mp-1208124,0,label0,triclinic,,1.3787898947404287,-2.948129269757766
mp-1195194,unknown,unconfirmed_candidate,hexagonal,,9.10257380380406,-5.150136328292341
mp-1047121,unknown,unconfirmed_candidate,orthorhombic,,1.0201079619283604,-10.951744524872895
mp-1208316,unknown,unconfirmed_candidate,orthorhombic,,4.624769396630112,1.6191635109534097
mp-1191060,0,label0,trigonal,,11.429663170845608,2.9629327493590765
mp-1180746,1,label1,tetragonal,Mn,9.247165118273264,-6.143112315044624
mp-2232526,unknown,unconfirmed_candidate,triclinic,,4.825157052279769,7.889153412644436
mp-7785,unknown,unconfirmed_candidate,tetragonal,,1.8661328845658538,-7.967761189870945
mp-1217172,0,label0,trigonal,,-9.15881813338775,7.925206143218713
mp-867502,0,label0,cubic,,7.2092006312394386,-2.2949322996229746
mp-1186953,0,label0,cubic,,6.609526882549211,1.671375994481025
mp-1237528,unknown,unconfirmed_candidate,tetragonal,,16.536504204475694,4.222861289480846
mp-1020594,unknown,unconfirmed_candidate,orthorhombic,,-1.50939179251014,-4.292607512984695
mp-761101,unknown,unconfirmed_candidate,triclinic,,-0.3055419918131719,-5.180058500185652
mp-553997,unknown,unconfirmed_candidate,monoclinic,,0.6978878134959494,4.137070009782693
mp-1236009,unknown,unconfirmed_candidate,monoclinic,,6.289694410981065,3.7793115228040826
mp-1091407,unknown,unconfirmed_candidate,tetragonal,,5.621009430429121,-4.8771286121561825
mp-1176664,unknown,unconfirmed_candidate,triclinic,,-4.323575416903299,3.447669077911499
mp-1198851,unknown,unconfirmed_candidate,monoclinic,,-5.843552970581516,-8.416415410718061
mp-1205064,unknown,unconfirmed_candidate,orthorhombic,,0.9727407263706418,5.246241461204228
mp-1191380,unknown,unconfirmed_candidate,triclinic,,-1.1285331276988835,-5.84723288047042
mp-10714,0,label0,cubic,,0.3468373307068262,-0.5491540646003692
mp-617247,unknown,unconfirmed_candidate,orthorhombic,,1.0170681621671989,-2.820878273325656
mp-565700,unknown,unconfirmed_candidate,triclinic,,-6.691512503625631,-6.1244670266052434
mp-635471,0,label0,tetragonal,,13.708082312918773,-0.8891325787448956
mp-1219855,unknown,unconfirmed_candidate,orthorhombic,,-2.2844696115326073,-3.5303277004855946
mp-772093,unknown,unconfirmed_candidate,orthorhombic,,1.1926795751842647,-5.8781752701507255
mp-862968,0,label0,cubic,,-1.5666269232506451,5.814403697374416
mp-1246284,unknown,unconfirmed_candidate,triclinic,,6.327698027016618,2.6412864464655073
mp-631,0,label0,cubic,,8.190830925544214,0.4933013525284551
mp-1201234,unknown,unconfirmed_candidate,monoclinic,,-1.4134080125041955,-5.5938962381736275
mp-10259,0,label0,tetragonal,,14.02852239153009,-4.40443820597671
mp-30084,0,label0,cubic,,-15.241605434118974,2.920513050744283
mp-1225471,0,label0,trigonal,,12.472845097701041,1.6536679819367919
mp-772191,unknown,unconfirmed_candidate,trigonal,,-5.133558728343633,-7.68462252704019
mp-1013749,unknown,unconfirmed_candidate,cubic,,-3.0771665321122796,-6.554555192586527
mp-1221580,0,label0,trigonal,,-5.530283203542986,-6.765153437126386
mp-867272,unknown,unconfirmed_candidate,cubic,,10.074325356849311,-5.48213855409514
mp-1221962,unknown,unconfirmed_candidate,monoclinic,,-6.479807882902602,-0.8176345894656443
mp-761120,unknown,unconfirmed_candidate,monoclinic,,4.553489132728863,-1.9144123385618013
mp-1228157,unknown,unconfirmed_candidate,orthorhombic,,-6.761675655511102,-2.8972094428768287
mp-1372341,unknown,unconfirmed_candidate,monoclinic,,3.6225052232711867,-3.6345591214313586
mp-1197590,unknown,unconfirmed_candidate,orthorhombic,,-6.4063788556894075,-3.9118341057951618
mp-1519546,0,label0,cubic,,4.242171089173214,-0.4919125935450914
mp-3421,unknown,unconfirmed_candidate,orthorhombic,,4.319266946697693,-1.0344841997652452
mp-1193638,0,label0,orthorhombic,,6.080954901248344,2.6632959361170343
mp-24050,unknown,unconfirmed_candidate,monoclinic,,-14.326026967739608,-5.498442680595776
mp-1205792,0,label0,hexagonal,,16.428932628025695,-1.4731448993651206
mp-30307,0,label0,hexagonal,,6.025571491461834,-2.3149922438680086
mp-1207402,unknown,unconfirmed_candidate,hexagonal,,16.406128756878093,-3.8827310412622698
mp-14245,unknown,unconfirmed_candidate,orthorhombic,,3.4191590019002494,-0.3145608775924629
mp-2339,unknown,unconfirmed_candidate,cubic,,2.3255693411129457,-0.9481940577831338
mp-1194517,unknown,unconfirmed_candidate,hexagonal,,-5.8375895114349206,8.753619133737487
mp-2230037,unknown,unconfirmed_candidate,monoclinic,,4.452826177705608,2.113853986575851
mp-24811,0,label0,monoclinic,,-5.0026136575935,-5.312487116388985
mp-756236,unknown,unconfirmed_candidate,triclinic,,-0.2785946279897473,-6.229932799649141
mp-1219495,unknown,unconfirmed_candidate,trigonal,,2.135956588810078,-2.3612217505969006
mp-780435,unknown,unconfirmed_candidate,triclinic,,1.051153281249313,-4.664128362883227
mp-1189376,0,label0,triclinic,,0.023127641745254834,4.9203484932936945
mp-1177031,unknown,unconfirmed_candidate,triclinic,,-0.9757479736703587,-3.4508175606431255
mp-764034,unknown,unconfirmed_candidate,orthorhombic,,-17.14584594694348,3.927746646045634
mp-655052,unknown,unconfirmed_candidate,orthorhombic,,4.54154496712354,-1.2605876762738184
mp-1213765,0,label0,tetragonal,,1.9539221925138364,-5.942578327707288
mp-505042,unknown,unconfirmed_candidate,tetragonal,,5.519816459856388,-2.3890090556188692
mp-1188065,0,label0,orthorhombic,,12.313327869859723,-6.870526954673265
mp-1172875,unknown,unconfirmed_candidate,orthorhombic,,-29.016884776561433,17.406455691496124
mp-770853,unknown,unconfirmed_candidate,orthorhombic,,1.0159541844905036,1.5080985324597798
mp-1213503,unknown,unconfirmed_candidate,monoclinic,,3.7001558293475725,-3.511477113565542
mp-2228939,unknown,unconfirmed_candidate,monoclinic,,-0.8714760331801088,0.3052051656437733
mp-1216596,0,label0,orthorhombic,,-10.449621145242578,-2.727321807472121
mp-1100877,0,label0,trigonal,,-4.53805013384784,-2.9868586528253704
mp-1174348,unknown,unconfirmed_candidate,triclinic,,3.389006780980436,-7.184470553335627
mp-757059,0,label0,triclinic,,-2.0228747656552706,-1.3177612918846915
mp-1210787,unknown,unconfirmed_candidate,hexagonal,,1.8956650217103181,3.5896347132435267
mp-9363,0,label0,trigonal,,-1.7863292022834472,-3.4899295570409308
mp-1211658,0,label0,monoclinic,,-7.987136363359689,-7.707265570921434
mp-1196735,unknown,unconfirmed_candidate,monoclinic,,-1.5015364181350286,-5.400806292707321
mp-772948,unknown,unconfirmed_candidate,monoclinic,,-8.504585272396412,0.35865059878904404
mp-1302307,unknown,unconfirmed_candidate,triclinic,,-5.5111428898726516,-4.601464809092681
mp-1180076,unknown,unconfirmed_candidate,hexagonal,,4.15932831864639,4.295814186912558
mp-781828,unknown,unconfirmed_candidate,monoclinic,,0.28198275619286406,-1.6897204094915868
mp-1211119,unknown,unconfirmed_candidate,orthorhombic,,-6.584587767228218,-5.993796978532764
mp-1187738,0,label0,cubic,,4.4121265466218915,0.6391117143705465
mp-1043032,unknown,unconfirmed_candidate,monoclinic,,-3.4977232835695666,-2.220637730093811
mp-850774,unknown,unconfirmed_candidate,triclinic,,4.165266035431362,4.703073545471369
mp-1224032,0,label0,triclinic,,5.940371497326085,-4.631681850342604
mp-1184593,0,label0,cubic,,5.35176494459807,5.484921652357393
mp-1214625,unknown,unconfirmed_candidate,monoclinic,,9.530607956885916,11.906135373435333
mp-1182153,unknown,unconfirmed_candidate,monoclinic,,0.9360251799036234,6.291055446367878
mp-973910,unknown,unconfirmed_candidate,cubic,,8.72668609161012,-4.095453448476853
mp-1279659,unknown,unconfirmed_candidate,triclinic,,1.3818135712968953,-3.4222579356524
mp-1297871,unknown,unconfirmed_candidate,orthorhombic,,3.742389230211696,1.993095550796177
mp-1202976,unknown,unconfirmed_candidate,orthorhombic,,9.70768242179821,-1.7810145129377641
mp-675284,unknown,unconfirmed_candidate,triclinic,,-11.340422565576858,-0.37537381743198495
mp-1213362,unknown,unconfirmed_candidate,monoclinic,,2.4435251614242723,5.907482745482998
mp-1186432,0,label0,cubic,,-1.2800486686005073,3.186694871217206
mp-1977,0,label0,cubic,,5.566962096144826,1.6035040895830655
mp-755543,unknown,unconfirmed_candidate,orthorhombic,,-2.961703511589647,-5.414589490546037
mp-734112,unknown,unconfirmed_candidate,triclinic,,-4.095600318913927,-4.047376557979975
mp-504754,unknown,unconfirmed_candidate,tetragonal,,-4.320847359483061,-2.167518901504442
mp-752746,unknown,unconfirmed_candidate,orthorhombic,,4.98320494344533,-1.2266532240384436
mp-773014,0,label0,trigonal,,-3.956419310371963,-6.567521192500047
mp-2233356,unknown,unconfirmed_candidate,triclinic,,-0.5147339182958035,-2.19290561391427
mp-21910,0,label0,cubic,,2.21518790147325,-3.003956796348781
mp-31755,unknown,unconfirmed_candidate,tetragonal,,-4.267459813519938,-8.735758425644184
mp-1214634,unknown,unconfirmed_candidate,hexagonal,,-5.233003969632783,-1.2468082841620074
mp-1188410,unknown,unconfirmed_candidate,orthorhombic,,5.119256017916877,2.2990190135214483
mp-1234593,0,label0,triclinic,,1.0992772967757851,8.613814637134514
mp-3463,unknown,unconfirmed_candidate,orthorhombic,,-3.245115762884062,-2.5862184029753585
mp-20109,unknown,unconfirmed_candidate,orthorhombic,,-4.3628325462021245,-5.523001253876478
mp-752747,unknown,unconfirmed_candidate,triclinic,,0.8679516395721905,-5.421639054235531
mp-1196563,unknown,unconfirmed_candidate,monoclinic,,-4.702929933204796,-5.017181019314281
mp-1226556,0,label0,trigonal,,4.416823027006833,-0.4354113246674345
mp-1080280,0,label0,orthorhombic,,7.867611884824818,-3.635357023825417
mp-1097388,0,label0,orthorhombic,,-1.2981768456037273,-0.5997396662055721
mp-2214,unknown,unconfirmed_candidate,hexagonal,,-7.473624896621654,6.29061508206971
mp-2228117,unknown,unconfirmed_candidate,orthorhombic,,-5.875157278493937,-2.3305851495804752
mp-864781,0,label0,cubic,,4.188846212685961,2.6623520257512467
mp-1187964,0,label0,cubic,,8.31983212466329,5.008405056526918
mp-7709,unknown,unconfirmed_candidate,orthorhombic,,-0.24891647122311156,4.288326624533028
mp-673128,unknown,unconfirmed_candidate,triclinic,,2.46535180115983,-4.655837500982612
mp-1342876,unknown,unconfirmed_candidate,monoclinic,,2.2684916348452617,-2.7341461194342394
mp-673801,unknown,unconfirmed_candidate,triclinic,,-12.233691643471918,21.49215202106581
mp-1570353,unknown,unconfirmed_candidate,triclinic,,-6.990344433718459,2.2470979762038112
mp-1225953,unknown,unconfirmed_candidate,orthorhombic,,3.7393961430948295,-5.266225097927711
mp-1177178,0,label0,orthorhombic,,-24.64567049093425,7.764215776406591
mp-1202910,unknown,unconfirmed_candidate,monoclinic,,0.784826184605997,-4.437400381788802
mp-1213829,unknown,unconfirmed_candidate,cubic,,3.0870609515404723,-1.7653183118993887
mp-1330058,unknown,unconfirmed_candidate,monoclinic,,6.361130523821224,3.83443368008912
mp-1211887,unknown,unconfirmed_candidate,monoclinic,,-2.0227913986691703,0.8447850045734171
mp-673105,unknown,unconfirmed_candidate,monoclinic,,3.604763114273622,-2.524248488168096
mp-1201433,unknown,unconfirmed_candidate,orthorhombic,,-2.472049545587236,-1.7289018958970885
mp-780700,unknown,unconfirmed_candidate,orthorhombic,,3.265350310246694,-7.339913620926149
mp-766800,unknown,unconfirmed_candidate,triclinic,,-7.326049467420926,8.223335411019232
mp-759364,unknown,unconfirmed_candidate,hexagonal,,-4.505039672058423,-0.13912925968780243
mp-1034668,0,label0,tetragonal,,-0.2868106531135375,-0.17670354394375565
mp-1045547,unknown,unconfirmed_candidate,orthorhombic,,-6.341109788681987,-0.03353093809293739
mp-705013,unknown,unconfirmed_candidate,monoclinic,,4.077973929371154,-4.108635909437073
mp-21409,0,label0,trigonal,,2.891811976977184,-7.328542468518254
mp-18809,unknown,unconfirmed_candidate,tetragonal,,-0.1981658812605076,-2.0676780308676115
mp-757642,unknown,unconfirmed_candidate,monoclinic,,3.043682712071643,-4.476954953811839
mp-10041,0,label0,cubic,,12.054902208051349,3.450015534942633
mp-18873,0,label0,monoclinic,,-4.007640450469115,-3.3616849438797765
mp-1177876,unknown,unconfirmed_candidate,triclinic,,-6.132156070874611,-2.7212225795911618
mp-1199210,unknown,unconfirmed_candidate,monoclinic,,6.006273162693493,2.258156780340716
mp-849609,unknown,unconfirmed_candidate,monoclinic,,-14.809305331483188,5.39314140342902
mp-554411,unknown,unconfirmed_candidate,tetragonal,,-4.352919234049118,3.0645633613967256
mp-683501,unknown,unconfirmed_candidate,orthorhombic,,16.355726937781615,14.093053445811051
mp-1102021,0,label0,tetragonal,,4.206682561398118,-6.789000246992217
mp-4978,unknown,unconfirmed_candidate,hexagonal,,4.449816136315727,-1.4707709635477961
mp-4284,unknown,unconfirmed_candidate,cubic,,7.517678429610358,-4.072525116833596
mp-2715172,unknown,unconfirmed_candidate,trigonal,,-3.2860624175594992,-3.1468869463619615
mp-1227922,unknown,unconfirmed_candidate,orthorhombic,,-3.5010111291969395,0.049496021113746735
mp-1025340,unknown,unconfirmed_candidate,tetragonal,,0.7859498162076122,-4.573527154190174
mp-556023,unknown,unconfirmed_candidate,monoclinic,,-2.6745976118971875,3.3778658175007834
mp-753674,unknown,unconfirmed_candidate,monoclinic,,4.981618019952888,-6.967071550995222
mp-862560,0,label0,triclinic,,-6.254985012026697,-3.050867371905971
mp-1103766,0,label0,monoclinic,,-6.466645496518371,-1.7695961042457515
mp-1101846,0,label0,cubic,,2.620459293237097,-5.31379028034225
mp-1182806,unknown,unconfirmed_candidate,tetragonal,,11.643898853640849,-3.8327263038615715
mp-1042915,unknown,unconfirmed_candidate,monoclinic,,-0.05782540328215191,-2.772423398649037
mp-15362,unknown,unconfirmed_candidate,monoclinic,,-8.796352953790894,-3.1164908828699556
mp-510560,unknown,unconfirmed_candidate,monoclinic,,-14.044221999982057,6.744755295660468
mp-20746,0,label0,orthorhombic,,10.882370035770455,-4.765969171292587
mp-504142,unknown,unconfirmed_candidate,orthorhombic,,0.13689586665850584,-1.1091328082801404
mp-756693,0,label0,triclinic,,14.65184390568368,5.504821139487895
mp-1181984,unknown,unconfirmed_candidate,monoclinic,,0.8154298449514528,1.8425235821238068
mp-1105840,unknown,unconfirmed_candidate,hexagonal,,7.482085189807375,0.7381209183348183
mp-1218572,0,label0,triclinic,,-3.777000968795331,-6.597091391797219
mp-980387,0,label0,tetragonal,,4.640183179159951,5.453353376750549
mp-1045442,unknown,unconfirmed_candidate,orthorhombic,,-4.888087444360053,19.194491162801118
mp-1208270,0,label0,tetragonal,,7.538892433157782,-3.6243644188146575
mp-1078587,unknown,unconfirmed_candidate,tetragonal,,10.890827766175493,-0.9194512612102841
mp-27263,0,label0,tetragonal,,6.412416862401864,-4.086533141498528
mp-758257,unknown,unconfirmed_candidate,hexagonal,,-4.985565649352679,5.183763409755244
mp-2228781,0,label0,triclinic,,0.8077621753536093,-3.618701140920674
mp-1207264,0,label0,tetragonal,,7.763420091944408,-4.113335541828176
mp-780327,unknown,unconfirmed_candidate,triclinic,,-7.167466875011758,4.389024030754339
mp-510402,0,label0,cubic,,1.332468272723819,-6.683845494865611
mp-1026392,0,label0,hexagonal,,-4.9017993419855586,2.8175862410340216
mp-776520,unknown,unconfirmed_candidate,monoclinic,,-4.675341687190894,-0.5713614295163083
mp-676664,0,label0,trigonal,,-11.362111586359603,-2.931460386321735
mp-1385679,0,label0,monoclinic,,3.74895336766615,-9.305470312598809
mp-1435972,0,label0,cubic,,-1.878255450666252,0.050919419106886465
mp-1039084,0,label0,hexagonal,,8.181412366343158,6.142792769512656
mp-1287593,unknown,unconfirmed_candidate,triclinic,,1.729164328392283,-1.7591568975775278
mp-1208888,unknown,unconfirmed_candidate,orthorhombic,,-15.221735933377175,-4.277286777067504
mp-10430,unknown,unconfirmed_candidate,tetragonal,,10.24496881820339,-2.52144457734199
mp-1032437,0,label0,tetragonal,,3.5950336713391025,-0.6667167153366833
mp-2226985,unknown,unconfirmed_candidate,triclinic,,3.889764634731147,3.9305505264573384
mp-571098,0,label0,tetragonal,,15.144083638790978,7.4718968504407925
mp-1213182,unknown,unconfirmed_candidate,monoclinic,,6.257132192185207,7.053346472189748
mp-1003403,unknown,unconfirmed_candidate,monoclinic,,-4.558184889490764,-3.8998381243728186
mp-561305,unknown,unconfirmed_candidate,hexagonal,,-3.099172941172071,-2.301643025804708
mp-1178622,unknown,unconfirmed_candidate,monoclinic,,8.093618670321908,0.13137821439696395
mp-849512,unknown,unconfirmed_candidate,monoclinic,,-2.5306589064474494,-4.297927773624304
mp-770496,unknown,unconfirmed_candidate,triclinic,,-26.27021075269237,12.540394465167488
mp-641018,unknown,unconfirmed_candidate,tetragonal,,3.350043109121449,-5.911181405472538
mp-1233874,unknown,unconfirmed_candidate,triclinic,,-4.0588201712488505,-2.0589225150875414
mp-1211371,unknown,unconfirmed_candidate,monoclinic,,-2.5035690061504923,-8.131047580751668
mp-772852,unknown,unconfirmed_candidate,orthorhombic,,-0.3614859276956963,-1.9075364409505244
mp-764450,unknown,unconfirmed_candidate,monoclinic,,11.007412798945657,2.1404362123736043
mp-864793,unknown,unconfirmed_candidate,orthorhombic,,2.306279082357264,-0.24299992200922915
mp-781016,unknown,unconfirmed_candidate,monoclinic,,2.661838777514749,-6.8373966756928795
mp-1225099,0,label0,trigonal,,4.621647990514321,-2.3753638171709586
mp-1113490,0,label0,cubic,,2.7292995427264906,3.321282792169825
mp-1184208,0,label0,cubic,,0.8469359342008822,-0.33759998895122223
mp-1178210,unknown,unconfirmed_candidate,orthorhombic,,14.967369241418638,17.037273423616103
mp-1210695,unknown,unconfirmed_candidate,monoclinic,,0.8085903832317491,-0.9901542372444396
mp-758678,unknown,unconfirmed_candidate,triclinic,,-1.1331248516585504,0.20134593812301915
mp-783905,unknown,unconfirmed_candidate,orthorhombic,,-11.93255365823126,-0.5031295845018597
mp-759382,0,label0,trigonal,,-3.703073407152946,-9.415232095465415
mp-760127,unknown,unconfirmed_candidate,monoclinic,,3.5639745687845057,-6.3633230568078964
mp-11260,0,label0,cubic,,6.405806966660023,-3.4947191399469997
mp-1193092,0,label0,cubic,,-5.500587534313684,1.1486889010355803
mp-757364,unknown,unconfirmed_candidate,triclinic,,-19.997227539841653,0.46563194427394095
mp-764848,unknown,unconfirmed_candidate,orthorhombic,,0.20303552265598768,-3.359048987295404
mp-1200158,unknown,unconfirmed_candidate,monoclinic,,-9.197664384667679,-1.7710527280142188
mp-1216191,unknown,unconfirmed_candidate,trigonal,,-2.200887198713829,-4.820650775494913
mp-765501,unknown,unconfirmed_candidate,monoclinic,,1.474225572267926,-1.2521552029333662
mp-973314,0,label0,cubic,,3.692644352746841,3.34973275733903
mp-2227184,0,label0,monoclinic,,-14.078493689906125,10.513260815439757
mp-758683,unknown,unconfirmed_candidate,monoclinic,,-0.41594212621449245,3.3153274719180743
mp-760842,unknown,unconfirmed_candidate,triclinic,,-3.4016847703531106,-2.2829836056684716
mp-26927,unknown,unconfirmed_candidate,monoclinic,,-0.09446766443863908,8.502925610196211
mp-1412190,0,label0,monoclinic,,1.4829288492409525,-0.23411415284534698
mp-2712823,unknown,unconfirmed_candidate,triclinic,,1.0755476939367021,-3.413907304061796
mp-1042777,unknown,unconfirmed_candidate,monoclinic,,-1.0137077772827183,-2.847465509107833
mp-1199101,0,label0,triclinic,,-1.3735841855126232,-6.303083996301565
mp-1184841,0,label0,hexagonal,,-14.828294640693443,-4.69714105030085
mp-752423,unknown,unconfirmed_candidate,monoclinic,,-3.35522793098043,-6.259875911304176
mp-1208896,unknown,unconfirmed_candidate,orthorhombic,,7.192203404992323,0.065301820426523
mp-1099088,0,label0,orthorhombic,,-3.6394637791996622,1.346837794571595
mp-1031405,0,label0,tetragonal,,1.2373188194697349,-0.10997744375216811
mp-531078,unknown,unconfirmed_candidate,monoclinic,,-2.491842477289893,-5.952615449362522
mp-861888,0,label0,cubic,,10.566124607461791,-3.6489644973070146
mp-1103865,unknown,unconfirmed_candidate,triclinic,,-16.443759330187234,8.785599244633676
mp-1219229,unknown,unconfirmed_candidate,monoclinic,,-0.874427725897732,-2.0335313776418094
mp-1214059,unknown,unconfirmed_candidate,tetragonal,,-8.472298747275701,11.252487610580928
mp-1185418,0,label0,cubic,,-4.865844666626991,-0.564132285363641
mp-1198228,0,label0,triclinic,,-0.9029881065576433,-7.493421800596776
mp-546552,0,label0,trigonal,,0.8381472847142497,-6.842084936580514
mp-1196148,unknown,unconfirmed_candidate,orthorhombic,,6.3977199148076505,-6.519277087027891
mp-1523239,0,label0,orthorhombic,,-4.874926535820894,-5.588044519598336
mp-720505,unknown,unconfirmed_candidate,monoclinic,,-14.192144765658696,0.4890203714573893
mp-770390,unknown,unconfirmed_candidate,monoclinic,,0.11559281541010336,-8.428061411112953
mp-772544,unknown,unconfirmed_candidate,monoclinic,,-5.132160280689753,-1.7540057625926124
mp-760359,unknown,unconfirmed_candidate,orthorhombic,,-4.649697955080825,-7.692986374668031
mp-21887,0,label0,hexagonal,,6.568640169307855,1.3553780156721338
mp-2716155,0,label0,triclinic,,-0.5064780038934344,-2.9045183321167247
mp-1216616,0,label0,trigonal,,7.995281791090735,-0.26481479531381424
mp-1201128,0,label0,triclinic,,-4.689740597382929,-4.232349794322161
mp-2714346,unknown,unconfirmed_candidate,monoclinic,,-0.46998165089936705,-5.069390356339227
mp-774507,unknown,unconfirmed_candidate,triclinic,,-7.647833432327467,-4.945899436099717
mp-1103463,unknown,unconfirmed_candidate,orthorhombic,,0.2879100778596637,-0.04618280486083748
mp-25386,unknown,unconfirmed_candidate,cubic,,-15.17156714179255,9.212369101795929
mp-1209301,unknown,unconfirmed_candidate,monoclinic,,-1.4699361689653827,-5.481845473264025
mp-778169,unknown,unconfirmed_candidate,trigonal,,0.2422702025875303,-6.269287552811617
mp-1519861,unknown,unconfirmed_candidate,orthorhombic,,-17.741905074518492,-4.023113876274948
mp-767960,unknown,unconfirmed_candidate,monoclinic,,-5.74795601352627,3.6674255307595374
mp-2230276,unknown,unconfirmed_candidate,orthorhombic,,-1.0653829102696513,-3.644519789807976
mp-763464,unknown,unconfirmed_candidate,triclinic,,7.419091653771785,-4.176415102754534
mp-1225034,unknown,unconfirmed_candidate,monoclinic,,18.09175430862458,2.203680285734542
mp-2234152,unknown,unconfirmed_candidate,triclinic,,-17.06693000396107,0.4981143530095409
mp-1225858,unknown,unconfirmed_candidate,monoclinic,,13.594697807993397,5.21425438357555
mp-862842,unknown,unconfirmed_candidate,cubic,,-3.248035292972073,2.7923064129368456
mp-1443298,0,label0,hexagonal,,-0.9833827026056063,-1.9592527800598223
mp-863002,unknown,unconfirmed_candidate,orthorhombic,,1.1419700196104223,6.759870368890866
mp-568350,unknown,unconfirmed_candidate,orthorhombic,,0.5936852553971903,4.136385494724664
mp-1224175,0,label0,triclinic,,8.995426602999002,-5.014584207602024
mp-1196568,unknown,unconfirmed_candidate,monoclinic,,0.03357671754520908,4.581081870050976
mp-1213767,0,label0,orthorhombic,,0.35189172032771765,4.279246052525078
mp-863392,unknown,unconfirmed_candidate,orthorhombic,,-11.146954515354402,1.8860664404152772
mp-1213610,unknown,unconfirmed_candidate,monoclinic,,-11.357771510096004,-8.003772258014807
mp-1199053,unknown,unconfirmed_candidate,monoclinic,,1.8930768750003537,-5.889582647756027
mp-777665,unknown,unconfirmed_candidate,orthorhombic,,-4.346907544942965,-0.5076756438149452
mp-25219,unknown,unconfirmed_candidate,monoclinic,,-2.4587874406663275,-3.2030138142886244
mp-818574,unknown,unconfirmed_candidate,monoclinic,,-9.363537289424766,-5.7658410266321685
mp-561317,0,label0,tetragonal,,5.278299957739273,9.455866936569365
mp-1206587,unknown,unconfirmed_candidate,orthorhombic,,-20.642959384874175,-7.083045048705074
mp-1222475,0,label0,hexagonal,,8.819276701671207,-4.626204400324546
mp-1189666,unknown,unconfirmed_candidate,cubic,,8.579339703681288,-0.11828608150024422
mp-1219647,0,label0,orthorhombic,,0.7697674559795935,0.018650245770110985
mp-1202556,unknown,unconfirmed_candidate,monoclinic,,-5.620141196754496,-7.712585383220443
mp-2219207,unknown,unconfirmed_candidate,monoclinic,,-0.8363571692668792,-0.6366060221135577
mp-1235671,unknown,unconfirmed_candidate,triclinic,,5.276226166088394,-1.8260019731748312
mp-1208575,0,label0,hexagonal,,-5.513018269535557,-8.262547463695329
mp-753330,0,label0,tetragonal,,-0.7615777345275916,-0.3155282588704651
mp-1222932,0,label0,triclinic,,0.9829091896260564,-9.129629105850325
mp-849793,unknown,unconfirmed_candidate,monoclinic,,-2.805619627701457,-3.6134074081277667
mp-1206503,unknown,unconfirmed_candidate,tetragonal,,8.1132138188239,-4.488311627257119
mp-1246125,unknown,unconfirmed_candidate,orthorhombic,,0.6117554479780942,2.548547248357224
mp-2219296,unknown,unconfirmed_candidate,triclinic,,-0.5018589145856396,24.684566046529138
mp-1006886,0,label0,cubic,,7.98345044290199,-4.232203276101693
mp-767597,unknown,unconfirmed_candidate,orthorhombic,,-8.464400067862414,3.1764715354289983
mp-1009639,0,label0,cubic,,0.5686212803209116,2.0383595276148085
mp-605196,unknown,unconfirmed_candidate,triclinic,,3.2635601775027094,-1.6846269957906959
mp-780182,unknown,unconfirmed_candidate,triclinic,,-2.1079710854298916,-0.09033506803456604
mp-1094726,0,label0,cubic,,4.680509766031324,0.32373195024053203
mp-1210020,unknown,unconfirmed_candidate,orthorhombic,,5.468656937781699,5.159742142310346
mp-1022037,unknown,unconfirmed_candidate,orthorhombic,,0.1340408134933675,-3.304396343684642
mp-1027844,0,label0,orthorhombic,,2.9814643787826824,-2.8085896984877525
mp-685869,unknown,unconfirmed_candidate,monoclinic,,0.5489508375098033,-6.6570525831449405
mp-772317,0,label0,trigonal,,0.6343778354870047,-2.743663621585977
mp-778478,unknown,unconfirmed_candidate,orthorhombic,,-0.17163500797626696,-5.056812101888333
mp-19876,0,label0,hexagonal,,9.245183295487957,-4.3755107216880536
mp-1214778,0,label0,tetragonal,,1.7637285139837289,-3.3559262711503326
mp-975057,0,label0,cubic,,7.62147887668298,-3.683502053047775
mp-2713089,unknown,unconfirmed_candidate,triclinic,,-1.3093611637262264,-3.753035283361985
mp-2230319,unknown,unconfirmed_candidate,monoclinic,,15.533468219564526,18.06110096973836
mp-578606,0,label0,trigonal,,0.6364226089407943,-6.980908301239289
mp-1194923,unknown,unconfirmed_candidate,orthorhombic,,7.307981530920104,-2.3071702085535435
mp-1209767,unknown,unconfirmed_candidate,monoclinic,,-17.53482825744365,-7.699701605779946
mp-1211387,unknown,unconfirmed_candidate,hexagonal,,8.914076239993461,-1.2527429203029747
mp-1370002,unknown,unconfirmed_candidate,orthorhombic,,-6.294759403543328,20.906744526796682
mp-16745,0,label0,hexagonal,,13.332925625510331,3.074883187180504
mp-1235124,unknown,unconfirmed_candidate,monoclinic,,-2.3010252242574794,-1.1980028940780088
mp-1299455,unknown,unconfirmed_candidate,triclinic,,-22.681456239343582,2.7919055544107785
mp-554093,unknown,unconfirmed_candidate,trigonal,,-3.774982438148019,-1.6193213618578515
mp-1039594,0,label0,monoclinic,,6.224484179723888,0.31256043268961164
mp-752478,0,label0,triclinic,,0.09319203997522862,-4.671460525548456
mp-1077038,unknown,unconfirmed_candidate,hexagonal,,-3.043771516167194,3.8210837810901737
mp-1191430,unknown,unconfirmed_candidate,monoclinic,,16.86933079660885,8.804013996853016
mp-2267,0,label0,hexagonal,,-12.717092634039783,-3.7268106320742547
mp-1190712,unknown,unconfirmed_candidate,trigonal,,2.2096564531072254,3.529084663946829
mp-1214404,unknown,unconfirmed_candidate,triclinic,,-1.5037029319869077,7.49036904649083
mp-634706,0,label0,orthorhombic,,-2.534734713550691,13.042025913302155
mp-1197574,unknown,unconfirmed_candidate,orthorhombic,,0.7508524700584829,0.7313118980212359
mp-758888,0,label0,monoclinic,,-5.587151952201371,2.367840976288811
mp-29535,0,label0,trigonal,,8.2182056275395,3.078709715379766
mp-770154,unknown,unconfirmed_candidate,orthorhombic,,-3.5264572010773634,-5.624598935556946
mp-1228335,0,label0,triclinic,,-2.1736339601944366,0.1890004655502544
mp-777477,unknown,unconfirmed_candidate,monoclinic,,-1.6650254019368234,6.615966205136601
mp-1183683,0,label0,cubic,,8.388019856218401,-6.127320526542654
mp-1185334,0,label0,cubic,,7.995880858829345,-2.202399705563005
mp-1184770,0,label0,cubic,,8.12254835689939,-4.4169270765980855
mp-779354,unknown,unconfirmed_candidate,orthorhombic,,17.30912688010831,14.712297317275105
mp-1227006,unknown,unconfirmed_candidate,orthorhombic,,-0.48587536256052033,-1.297329746821056
mp-754167,0,label0,triclinic,,-3.4956051925912597,2.762379575217409
mp-1176557,unknown,unconfirmed_candidate,triclinic,,8.832978852761975,1.9750708347409116
mp-2714061,unknown,unconfirmed_candidate,triclinic,,0.17041254860640365,-5.017905732661063
mp-758545,unknown,unconfirmed_candidate,triclinic,,-7.50852210985709,0.43350091111317823
mp-1021760,unknown,unconfirmed_candidate,orthorhombic,,0.6878055820670603,-2.064832903531517
mp-1208431,0,label0,cubic,,15.881872667591042,8.33425991788394
mp-1192442,unknown,unconfirmed_candidate,monoclinic,,-4.761130980570524,-6.018575045277812
mp-760281,unknown,unconfirmed_candidate,triclinic,,-2.8315460649295545,8.848331245995759
mp-1111191,0,label0,cubic,,-4.496187154556452,-1.4790145935805494
mp-1247248,unknown,unconfirmed_candidate,monoclinic,,-5.16247899980668,-4.222626924790584
mp-1277077,unknown,unconfirmed_candidate,orthorhombic,,2.7514202930148173,1.0898522011545637
mp-1246696,unknown,unconfirmed_candidate,triclinic,,8.420399955890916,-5.131570870361049
mp-20888,unknown,unconfirmed_candidate,orthorhombic,,7.198602879750849,8.820094525394154
mp-1196510,unknown,unconfirmed_candidate,monoclinic,,-9.347998246797406,-3.372222290048164
mp-759479,unknown,unconfirmed_candidate,monoclinic,,-1.9547127831147506,-4.785565484183069
mp-2488451,0,label0,orthorhombic,,17.540133753055795,1.445042988785655
mp-1395,0,label0,cubic,,5.665031829346372,-0.7606229316113442
mp-774651,unknown,unconfirmed_candidate,orthorhombic,,-0.3603648991192898,-4.920439070032483
mp-759500,0,label0,triclinic,,-5.04397384710612,-0.45307078990709826
mp-530137,unknown,unconfirmed_candidate,monoclinic,,-11.57616403482438,6.951897676997024
mp-1215888,0,label0,tetragonal,,1.563014910459561,-0.5213993483213102
mp-1016146,unknown,unconfirmed_candidate,monoclinic,,-14.915813467317186,5.212745550807451
mp-765638,unknown,unconfirmed_candidate,orthorhombic,,-0.6449166109172104,-2.1394728925262996
mp-1236446,unknown,unconfirmed_candidate,triclinic,,4.603000291944086,-1.6963261560539689
mp-1235524,0,label0,triclinic,,-5.234256455821594,0.453804246997052
mp-849564,unknown,unconfirmed_candidate,triclinic,,-1.8215527398208735,-2.5269130486185354
mp-1210999,unknown,unconfirmed_candidate,hexagonal,,8.004294408982704,-1.3952169163909467
mp-27510,unknown,unconfirmed_candidate,tetragonal,,-44.036109908766335,22.43971487033004
mp-1216944,0,label0,monoclinic,,-0.2369590669248538,-7.319717658259979
mp-2220699,unknown,unconfirmed_candidate,triclinic,,2.6127638603056447,0.17178457583770168
mp-758832,unknown,unconfirmed_candidate,trigonal,,-3.3096119681910707,0.785264890538734
mp-1103851,unknown,unconfirmed_candidate,trigonal,,4.5713526932966815,-0.24333544782625438
mp-17541,unknown,unconfirmed_candidate,orthorhombic,,-6.115219045832681,-2.9748897209175276
mp-757166,unknown,unconfirmed_candidate,triclinic,,6.716473937946041,-4.275528439225035
mp-1184858,unknown,unconfirmed_candidate,hexagonal,,7.7797108879442085,-7.963871402799009
mp-1014444,unknown,unconfirmed_candidate,orthorhombic,,6.210125504193925,-3.76243607193242
mp-1376163,unknown,unconfirmed_candidate,orthorhombic,,0.610332665210251,0.21893423398361733
mp-2229292,unknown,unconfirmed_candidate,triclinic,,13.05192821233247,8.653968951384599
mp-2229118,unknown,unconfirmed_candidate,triclinic,,2.423305118437952,-1.7167891764863121
mp-1202535,unknown,unconfirmed_candidate,orthorhombic,,0.23918160155196588,-2.115843606724585
mp-21312,unknown,unconfirmed_candidate,trigonal,,8.912632507532683,-4.6380119889413365
mp-779305,unknown,unconfirmed_candidate,orthorhombic,,-0.8507958193184102,-6.29637919684488
mp-20392,0,label0,tetragonal,,0.7988707854819559,18.660897839389225
mp-30747,unknown,unconfirmed_candidate,cubic,,-9.293060846328967,0.7774872445215202
mp-769254,unknown,unconfirmed_candidate,monoclinic,,2.929643720186565,-4.006430423312679
mp-554636,unknown,unconfirmed_candidate,monoclinic,,2.239818482382727,2.41692161032552
mp-18606,unknown,unconfirmed_candidate,orthorhombic,,5.445154825373917,2.8193191403649465
mp-571302,0,label0,trigonal,,-1.7381134512250789,0.285141233242598
mp-1189602,unknown,unconfirmed_candidate,tetragonal,,7.982777493842077,-0.5377575282695126
mp-1238839,unknown,unconfirmed_candidate,orthorhombic,,-9.696929761043531,7.297544484379969
mp-1178306,unknown,unconfirmed_candidate,triclinic,,6.625069860834511,-4.360942503374121
mp-29254,0,label0,tetragonal,,2.5027073382493867,14.967611434118911
mp-1226648,0,label0,tetragonal,,-2.1514495087725614,-2.383963889232163
mp-867217,0,label0,cubic,,7.033960651635724,8.316349729988893
mp-760274,unknown,unconfirmed_candidate,triclinic,,-16.083727323635344,1.6229001062643569
mp-1344863,unknown,unconfirmed_candidate,triclinic,,-7.433687442360981,4.969618894584876
mp-1197566,unknown,unconfirmed_candidate,monoclinic,,-1.381555942095698,-4.432984100483301
mp-1197990,unknown,unconfirmed_candidate,hexagonal,,7.146189968309292,2.7180294065656305
mp-780670,unknown,unconfirmed_candidate,orthorhombic,,-1.6324403370009044,-2.2199073872884085
mp-1096556,0,label0,orthorhombic,,2.3387434312441044,-3.53178343769925
mp-584942,unknown,unconfirmed_candidate,triclinic,,-2.737044970650704,-2.861491720136062
mp-9086,0,label0,trigonal,,3.95267496780753,-4.307093201473554
mp-937591,unknown,unconfirmed_candidate,triclinic,,4.313494805399113,-2.885736168933736
mp-1210245,unknown,unconfirmed_candidate,monoclinic,,-14.011532983387951,3.900183393963566
mp-1521418,0,label0,cubic,,-1.0473635020730363,-2.3944270328825255
mp-1011031,0,label0,cubic,,9.902356976074403,0.2654606268207367
mp-775226,unknown,unconfirmed_candidate,monoclinic,,-11.0945181138007,4.717856427825122
mp-774321,unknown,unconfirmed_candidate,orthorhombic,,-0.13076919723196667,-0.6043762450150325
mp-799539,unknown,unconfirmed_candidate,triclinic,,1.1765475242487433,-4.744203335346564
mp-1215653,0,label0,monoclinic,,7.069557055196334,-2.9700328836762786
mp-804269,unknown,unconfirmed_candidate,triclinic,,11.68663503251178,21.681929519288214
mp-2232837,0,label0,trigonal,,-14.811607489301643,4.004774965631757
mp-772652,unknown,unconfirmed_candidate,triclinic,,-1.7385052289415626,-3.292700846813883
mp-1185353,0,label0,hexagonal,,8.545498394874343,-4.797844461222333
mp-1196003,unknown,unconfirmed_candidate,cubic,,-3.8875882928745504,2.4408518856290478
mp-1288147,unknown,unconfirmed_candidate,triclinic,,-12.700878913447749,3.8259558915258864
mp-1036233,0,label0,orthorhombic,,-0.12857209129809988,-1.6913625233428018
mp-540671,unknown,unconfirmed_candidate,orthorhombic,,-6.395374463977451,8.86947388842097
mp-780434,unknown,unconfirmed_candidate,triclinic,,15.314671403674836,15.922936366814117
mp-862791,0,label0,cubic,,-0.5166057265779145,-1.717703165686446
mp-756220,unknown,unconfirmed_candidate,triclinic,,7.816790842305341,3.811525657772645
mp-756200,unknown,unconfirmed_candidate,orthorhombic,,3.424593772137472,-5.030620081368733
mp-24196,unknown,unconfirmed_candidate,monoclinic,,-2.1444001305924765,-5.048412830879434
mp-3303,0,label0,tetragonal,,-3.485603215169185,-2.383745002209471
mp-1205256,unknown,unconfirmed_candidate,monoclinic,,-7.776134057485386,-6.4989311255817
mp-16159,unknown,unconfirmed_candidate,tetragonal,,2.30897875558372,3.8248133800288358
mp-774164,unknown,unconfirmed_candidate,orthorhombic,,-8.142172163663666,1.1299010370765323
mp-1079783,0,label0,orthorhombic,,6.064795576827629,-3.3824792513706523
mp-862558,unknown,unconfirmed_candidate,cubic,,9.519517529264988,6.0710615652343165
mp-757637,unknown,unconfirmed_candidate,triclinic,,-4.210866477677872,-1.2518008196496666
mp-1044897,unknown,unconfirmed_candidate,triclinic,,13.147100275313104,-3.9975664277758955
mp-754753,unknown,unconfirmed_candidate,monoclinic,,1.046241718695402,-4.8751137518864205
mp-1324889,unknown,unconfirmed_candidate,monoclinic,,-10.836873439780348,2.500172757869173
mp-756690,unknown,unconfirmed_candidate,hexagonal,,0.5865476346028835,-4.004709732996577
mp-3556,0,label0,trigonal,,4.830486505699783,5.412705435439545
mp-1245886,0,label0,monoclinic,,1.345493181023091,-2.5308298227878794
mp-27380,0,label0,triclinic,,-4.02108457166058,2.1233130938819933
mp-776409,unknown,unconfirmed_candidate,tetragonal,,1.4328895140115598,-4.914593971769879
mp-1010136,0,label0,tetragonal,,4.680382042373335,-8.081234688963546
mp-1519598,0,label0,cubic,,6.5861238185376045,-2.083807796229552
mp-1077351,0,label0,hexagonal,,20.102234152529594,-0.8348863849223278
mp-772133,unknown,unconfirmed_candidate,monoclinic,,-8.108616463558779,-1.8097719397381606
mp-1099278,0,label0,orthorhombic,,2.780210215196224,-0.11949462643094577
mp-1102542,0,label0,tetragonal,,7.974944471269989,-1.7943279744564542
mp-1186261,0,label0,cubic,,6.091488742386707,2.008033183889726
mp-1199861,unknown,unconfirmed_candidate,triclinic,,-3.481576464440284,10.36344501392065
mp-1041945,unknown,unconfirmed_candidate,orthorhombic,,-12.559039873892484,5.837327565601434
mp-1212544,0,label0,triclinic,,0.6091459017646557,-4.532646083477907
mp-1211713,unknown,unconfirmed_candidate,monoclinic,,-0.9079400021794832,-9.60157491802632
mp-559615,0,label0,trigonal,,-1.4973304333393607,1.77419171748123
mp-558805,unknown,unconfirmed_candidate,monoclinic,,-9.696892591475443,-3.7026286317456734
mp-3909,0,label0,cubic,,13.441962644401073,-3.7500160122002413
mp-1218440,0,label0,trigonal,,3.735700886659556,-2.2291380913565035
mp-2240085,0,label0,orthorhombic,,0.23202771170823766,-0.8176324867401057
mp-770581,unknown,unconfirmed_candidate,orthorhombic,,-9.89317625714597,8.133893546288963
mp-1078540,unknown,unconfirmed_candidate,hexagonal,,8.30909317996714,-3.7017471150691375
mp-1192238,unknown,unconfirmed_candidate,orthorhombic,,-9.080041644955934,-4.484691999446335
mp-1222687,0,label0,trigonal,,11.980027419941027,-3.1829370208398284
mp-530391,unknown,unconfirmed_candidate,orthorhombic,,9.663040420616575,6.22853324486892
mp-1211774,unknown,unconfirmed_candidate,orthorhombic,,1.4142008521877045,-0.36958586200118404
mp-768859,unknown,unconfirmed_candidate,monoclinic,,-2.5627167693335977,-2.6649371059068887
mp-776457,unknown,unconfirmed_candidate,triclinic,,7.135130622884894,1.567679857509507
mp-1205994,unknown,unconfirmed_candidate,orthorhombic,,7.223112973834571,-0.8174994586600697
mp-631548,0,label0,cubic,,9.612679900903274,0.9250827669635378
mp-1275514,unknown,unconfirmed_candidate,orthorhombic,,-3.136257578615343,-0.7450632445113854
mp-2241339,0,label0,triclinic,,-0.8213358388555676,9.3570406854294
mp-12040,unknown,unconfirmed_candidate,orthorhombic,,-0.43035787447278295,-2.384340516067038
mp-755154,0,label0,tetragonal,,-4.6593939096457575,1.794871439782245
mp-726874,unknown,unconfirmed_candidate,monoclinic,,12.201904675353983,4.173681501976599
mp-4725,0,label0,tetragonal,,-0.5179790649855356,4.477787603461156
mp-1028101,0,label0,orthorhombic,,-5.3580187374763355,1.8220972684049777
mp-1245644,unknown,unconfirmed_candidate,monoclinic,,1.4217011131943593,-1.8717827190489071
mp-1190321,0,label0,trigonal,,-2.6282752074227282,-3.2743803088357932
mp-961705,0,label0,cubic,,4.558357502292214,-0.1178920357521882
mp-1223015,0,label0,orthorhombic,,-8.810482451168038,-0.7021479653868212
mp-1209040,unknown,unconfirmed_candidate,cubic,,-15.274017823531707,-3.8886958404848517
mp-1233137,unknown,unconfirmed_candidate,triclinic,,16.76099358753064,13.362919192209308
mp-602511,unknown,unconfirmed_candidate,orthorhombic,,2.2119075697502275,-5.7583883520818375
mp-2715473,unknown,unconfirmed_candidate,triclinic,,-0.4697763518316478,-3.026396256599339
mp-1196354,unknown,unconfirmed_candidate,triclinic,,-4.056097373658364,-2.8254465122158923
mp-561949,unknown,unconfirmed_candidate,hexagonal,,-7.451887713319596,1.834465921913317
mp-1113757,0,label0,cubic,,3.734356367797563,8.566495143408002
mp-504236,0,label0,triclinic,,-2.3965980506085955,0.634794515773013
mp-770769,0,label0,monoclinic,,-2.388106735848588,-6.612174220482419
mp-6933,0,label0,cubic,,-0.45537925741419727,-5.688242354804547
mp-572903,unknown,unconfirmed_candidate,monoclinic,,4.770898316971929,0.4179436443724214
mp-2714986,unknown,unconfirmed_candidate,trigonal,,-1.687227943205233,-2.1463428474003994
mp-1044445,unknown,unconfirmed_candidate,monoclinic,,-15.046082373229702,3.0351131888041714
mp-893087,unknown,unconfirmed_candidate,triclinic,,-0.5718987702485911,-2.6890033410041347
mp-1211688,unknown,unconfirmed_candidate,monoclinic,,-1.1390327717149802,-9.102317073942313
mp-973996,0,label0,cubic,,9.028906202225677,-0.2179835551696918
mp-2713742,unknown,unconfirmed_candidate,trigonal,,0.7492062969816615,-6.4699413340022485
mp-1222315,0,label0,cubic,,-21.80418953906041,5.24501886513098
mp-1176863,unknown,unconfirmed_candidate,triclinic,,-3.850269319876464,-0.916317698754721
mp-780192,unknown,unconfirmed_candidate,triclinic,,5.096788648723313,-7.7865307550155975
mp-1206537,0,label0,cubic,,0.7529465947724852,-1.0057639625784702
mp-1731,0,label0,hexagonal,,7.885833963421874,-5.33221557419305
mp-42805,unknown,unconfirmed_candidate,tetragonal,,2.0989153258311504,-0.46357949119719066
mp-19407,0,label0,monoclinic,,-12.074369295403493,-1.5368345832550965
mp-19168,unknown,unconfirmed_candidate,trigonal,,8.114152106551222,-5.3636672676944865
mp-1033427,0,label0,tetragonal,,3.1227085376963455,-1.86434211189726
mp-1079886,0,label0,tetragonal,,1.7829683989240124,-2.304214633853274
mp-1018642,0,label0,trigonal,,1.979047934959258,-6.780723338541097
mp-1246251,unknown,unconfirmed_candidate,monoclinic,,6.199339093147763,1.641290334715876
mp-772292,unknown,unconfirmed_candidate,monoclinic,,-2.882725226825496,4.02901831312947
mp-1232095,unknown,unconfirmed_candidate,orthorhombic,,-0.14342935912386423,-7.279376127582466
mp-707097,unknown,unconfirmed_candidate,tetragonal,,-8.001342623276017,-5.921359904312421
mp-1227105,unknown,unconfirmed_candidate,orthorhombic,,-2.9925266573664615,-5.631430982611862
mp-772981,unknown,unconfirmed_candidate,monoclinic,,0.22859828338725663,-2.528184376542537
mp-774233,unknown,unconfirmed_candidate,orthorhombic,,-12.516646535460431,-3.3366075418007153
mp-1224452,unknown,unconfirmed_candidate,orthorhombic,,7.219461714369299,-0.171633485030668
mp-753016,0,label0,triclinic,,-6.156278060630413,2.591097914074325
mp-2713119,unknown,unconfirmed_candidate,triclinic,,-0.4442831775856817,-7.295764302285939
mp-1044480,unknown,unconfirmed_candidate,orthorhombic,,1.124866516509126,0.5816120331807824
mp-1176413,unknown,unconfirmed_candidate,tetragonal,,-13.306173515827432,1.9564012195084182
mp-9406,0,label0,tetragonal,,-10.608652834764968,-1.2472845080473576
mp-849679,unknown,unconfirmed_candidate,triclinic,,0.09103985875274034,-5.278495897928416
mp-540690,unknown,unconfirmed_candidate,monoclinic,,-17.375654666393814,4.903693458722163
mp-728012,unknown,unconfirmed_candidate,monoclinic,,-6.464135775556809,-1.1103587650132134
mp-559957,unknown,unconfirmed_candidate,monoclinic,,-1.7294470920988658,-1.2037385465220822
mp-557424,unknown,unconfirmed_candidate,monoclinic,,-4.937355346188113,-5.785428022041524
mp-2216956,unknown,unconfirmed_candidate,triclinic,,-5.18935117417254,-6.125958729766076
mp-9660,unknown,unconfirmed_candidate,monoclinic,,-5.26037270543565,5.943280154806285
mp-2714232,unknown,unconfirmed_candidate,triclinic,,-0.8765203717558911,-4.339154039207358
mp-6152,unknown,unconfirmed_candidate,monoclinic,,-3.7718430306174042,2.652135335420894
mp-1204458,unknown,unconfirmed_candidate,tetragonal,,9.203195585119337,13.284143128667498
mp-998981,0,label0,cubic,,1.1106854414038843,-4.236113449568869
mp-756857,unknown,unconfirmed_candidate,monoclinic,,-21.621674638039835,1.2899822287101266
mp-1234515,unknown,unconfirmed_candidate,triclinic,,-2.6257885569748005,-7.7050242068744765
mp-29876,unknown,unconfirmed_candidate,orthorhombic,,7.63111513679536,-3.677010620647117
mp-2218832,unknown,unconfirmed_candidate,orthorhombic,,-2.104042802890092,-4.341358970546175
mp-758159,unknown,unconfirmed_candidate,monoclinic,,15.148498706383492,15.904075183558799
mp-540729,0,label0,cubic,,-5.621636975027755,7.368223858534371
mp-1032824,0,label0,tetragonal,,-1.4844184860012817,5.254958388358979
mp-1220230,unknown,unconfirmed_candidate,monoclinic,,-1.3150988828608554,1.4879468235253128
mp-1220310,0,label0,monoclinic,,-0.42085623347655243,1.7438142533315393
mp-26201,unknown,unconfirmed_candidate,monoclinic,,-2.182174340319996,-3.7148565779397256
mp-684011,unknown,unconfirmed_candidate,trigonal,,1.1078841841721605,6.504861411028031
mp-1076971,unknown,unconfirmed_candidate,hexagonal,,7.780632616262944,0.011939529796666903
mp-557509,unknown,unconfirmed_candidate,orthorhombic,,-0.309006276061087,-3.6742129119147915
mp-1201553,unknown,unconfirmed_candidate,monoclinic,,-8.640702432924012,3.230448847850834
mp-2714104,0,label0,triclinic,,-2.336491026724442,-5.729187370290015
mp-1234045,0,label0,triclinic,,3.4825197220325865,3.504107178706384
mp-1218740,0,label0,monoclinic,,-3.3249895069295263,-0.116381736790796
mp-1199215,0,label0,monoclinic,,0.20293696607645018,-3.2599609619397985
mp-1097513,0,label0,orthorhombic,,-4.4718656151198,1.802419030981266
mp-721039,0,label0,monoclinic,,-7.091585586154583,0.5372996790481537
mp-1443056,unknown,unconfirmed_candidate,monoclinic,,-8.87388642218463,5.147852979450665
mp-616444,unknown,unconfirmed_candidate,monoclinic,,7.903142418389548,4.9766204995560095
mp-759555,unknown,unconfirmed_candidate,triclinic,,6.496349825994301,5.963951491435651
mp-559476,unknown,unconfirmed_candidate,monoclinic,,-2.743469963845005,-8.307162955012547
mp-556026,unknown,unconfirmed_candidate,monoclinic,,14.59748810875733,10.649659050310184
mp-1218543,unknown,unconfirmed_candidate,orthorhombic,,1.9801700511763158,0.4948410880828682
mp-1215381,unknown,unconfirmed_candidate,monoclinic,,15.184145575679434,0.9102844377040178
mp-1177640,unknown,unconfirmed_candidate,monoclinic,,5.441395668858096,-6.042395250305633
mp-752707,unknown,unconfirmed_candidate,orthorhombic,,-3.5714894416617504,-6.346641472269381
mp-1234545,unknown,unconfirmed_candidate,triclinic,,-20.233019491487454,22.06571708888489
mp-1651525,unknown,unconfirmed_candidate,triclinic,,1.6098600876610867,4.484933049509237
mp-11359,0,label0,tetragonal,,0.3253204653059605,-6.540694273261636
mp-752887,unknown,unconfirmed_candidate,orthorhombic,,0.5264838503709122,6.644819836371873
mp-1038887,0,label0,trigonal,,6.569150945075071,-1.9016921215463718
mp-1232137,unknown,unconfirmed_candidate,orthorhombic,,2.3594938464124233,-4.175445132079393
mp-1061769,0,label0,monoclinic,,-9.344290359163033,18.817742418184526
mp-1182728,unknown,unconfirmed_candidate,triclinic,,0.26307451122958625,5.02968133549868
mp-1248380,unknown,unconfirmed_candidate,monoclinic,,-8.96071301555104,-2.837347988834095
mp-37014,0,label0,tetragonal,,-11.719350450659618,-3.240136124058223
mp-2230637,unknown,unconfirmed_candidate,monoclinic,,-1.2839328642059122,-2.69789960165018
mp-756520,unknown,unconfirmed_candidate,orthorhombic,,-2.9774125313505557,-5.154699765626431
mp-729644,unknown,unconfirmed_candidate,orthorhombic,,-2.604375059572483,-5.894704862071803
mp-427,unknown,unconfirmed_candidate,monoclinic,,16.88346048639067,9.797658355021941
mp-1080113,unknown,unconfirmed_candidate,tetragonal,,12.2857131962251,6.2156821815157315
mp-2230529,unknown,unconfirmed_candidate,triclinic,,-3.07949156679301,-3.277703726749735
mp-18952,unknown,unconfirmed_candidate,orthorhombic,Mn,4.876907489765438,-1.7544706451114234
mp-14999,unknown,unconfirmed_candidate,monoclinic,,3.995375275933389,6.440550637969931
mp-1046815,unknown,unconfirmed_candidate,tetragonal,,-10.434909836205843,-1.4225142026604747
mp-1233255,unknown,unconfirmed_candidate,triclinic,,16.667184961382077,13.2588611883648
mp-1187897,0,label0,cubic,,5.338702895680838,-0.28862270409944557
mp-2715966,unknown,unconfirmed_candidate,triclinic,,-3.5168436569378194,-5.494812621398577
mp-774092,unknown,unconfirmed_candidate,orthorhombic,,-3.455775578342518,-4.083403403569568
mp-704734,unknown,unconfirmed_candidate,triclinic,,-12.80933047906407,-3.2072149618435244
mp-760012,unknown,unconfirmed_candidate,tetragonal,,0.3922724195795695,-9.273159566292163
mp-1205588,unknown,unconfirmed_candidate,tetragonal,,-2.343731373250197,-4.364581588126196
mp-757660,unknown,unconfirmed_candidate,monoclinic,,4.57760883763976,-7.092768037957947
mp-1208697,unknown,unconfirmed_candidate,tetragonal,,7.300542288553258,4.466169848707118
mp-1353031,unknown,unconfirmed_candidate,triclinic,,-17.328196435023152,0.5947874503851054
mp-760477,unknown,unconfirmed_candidate,orthorhombic,,-2.2518247756193652,-0.6797622097200744
mp-759399,unknown,unconfirmed_candidate,tetragonal,,3.0162710151191376,-2.326174357849787
mp-1027831,0,label0,orthorhombic,,-2.3584813029120824,-1.1007918410982924
mp-1190259,unknown,unconfirmed_candidate,trigonal,,1.886365015714997,9.165095277573222
mp-18648,unknown,unconfirmed_candidate,hexagonal,,11.611928810910715,-5.147440223480761
mp-1235821,unknown,unconfirmed_candidate,triclinic,,12.37015704452907,-0.0297206801938259
mp-1178415,unknown,unconfirmed_candidate,monoclinic,,-6.856941668067165,1.7812921978529985
mp-1095672,unknown,unconfirmed_candidate,hexagonal,,16.84841752619393,6.813404791820432
mp-12929,0,label0,tetragonal,,-7.55259112838122,-9.338706368727758
mp-1200128,unknown,unconfirmed_candidate,monoclinic,,-4.591411818875574,0.5046994443959321
mp-1188135,unknown,unconfirmed_candidate,orthorhombic,,1.37397509083738,2.832161309622766
mp-21168,0,label0,hexagonal,,-14.737295495003664,8.291183062784558
mp-1208842,unknown,unconfirmed_candidate,orthorhombic,,1.2297299518674478,7.188233388450904
mp-764688,unknown,unconfirmed_candidate,monoclinic,,3.6713486178522334,-8.031525668083395
mp-2224251,unknown,unconfirmed_candidate,orthorhombic,,-12.326885276874354,5.0336106513377
mp-617426,unknown,unconfirmed_candidate,orthorhombic,,6.4420384701022915,6.813652854057118
mp-1048301,unknown,unconfirmed_candidate,monoclinic,,-4.2122573285166,-2.1858715734850147
mp-1228912,0,label0,tetragonal,,1.9795551594057592,-4.150457999434826
mp-1208454,unknown,unconfirmed_candidate,cubic,,14.688986633463662,4.818125863596162
mp-4473,unknown,unconfirmed_candidate,orthorhombic,,13.683365952986373,-3.4465845484761406
mp-720689,unknown,unconfirmed_candidate,triclinic,,-8.809553114071115,-4.280579329726928
mp-22474,unknown,unconfirmed_candidate,orthorhombic,,-9.949275964391749,-3.424276385183198
mp-770344,0,label0,triclinic,,-11.15138565843608,1.7546193296859265
mp-1186576,0,label0,cubic,,3.503639431286368,2.3907759511642652
mp-770528,unknown,unconfirmed_candidate,tetragonal,,7.322534537330336,-8.030892027804185
mp-1199202,0,label0,triclinic,,-4.290383370718089,-3.215106587699246
mp-755058,unknown,unconfirmed_candidate,tetragonal,,-4.739391177476218,10.239034467633125
mp-1223596,unknown,unconfirmed_candidate,monoclinic,,8.806755713948602,-2.0723880364290572
mp-1516884,unknown,unconfirmed_candidate,cubic,,-13.788875931326913,-6.037124621898721
mp-2228046,unknown,unconfirmed_candidate,tetragonal,,-11.391486619850276,0.7298764306129684
mp-862941,0,label0,cubic,,-1.2345377657216154,-0.26272738003668294
mp-17479,unknown,unconfirmed_candidate,monoclinic,,-5.210353625786105,-2.3894228088417417
mp-1220140,unknown,unconfirmed_candidate,triclinic,,1.4365893603223476,9.050217260136343
mp-1111259,0,label0,cubic,,-0.6117445579423482,-1.9622662429872033
mp-1104937,unknown,unconfirmed_candidate,monoclinic,,6.470282830590666,4.1803911845639306
mp-1198170,unknown,unconfirmed_candidate,tetragonal,,-1.877180626641433,-1.5219584567069457
mp-1246897,0,label0,trigonal,,-8.040404020471588,-2.2459831294066888
mp-1218273,0,label0,hexagonal,,18.46959932005809,4.346620405021266
mp-2931,unknown,unconfirmed_candidate,monoclinic,,-0.06287108348895387,-7.166139845771312
mp-1031936,0,label0,tetragonal,,-3.6428660481638886,0.7526889965151007
mp-1519688,0,label0,cubic,,-15.31424285463087,-4.658659175969738
mp-567950,unknown,unconfirmed_candidate,trigonal,,4.303964539761736,-3.2864079914779403
mp-1520577,0,label0,cubic,,-5.096821156399976,-5.159256556957985
mp-18182,unknown,unconfirmed_candidate,triclinic,,-1.2616296902052326,-3.807531671718916
mp-765463,unknown,unconfirmed_candidate,monoclinic,,-6.017822278896109,-8.36367843998392
mp-30177,unknown,unconfirmed_candidate,tetragonal,,-9.625440556570453,2.2992627811319117
mp-25373,0,label0,trigonal,,5.529277408183452,-5.142582510403738
mp-2713024,unknown,unconfirmed_candidate,triclinic,,0.6350391349869859,-3.3364329976006957
mp-1193764,0,label0,monoclinic,,-3.786728909716242,-10.105059380254874
mp-1212118,unknown,unconfirmed_candidate,orthorhombic,,8.347469181671656,-0.1513980559627015
mp-19277,0,label0,tetragonal,,-8.760392593935372,-8.129201210661632
mp-3944,0,label0,cubic,,12.924886913384992,-4.344057059675233
mp-1225593,unknown,unconfirmed_candidate,monoclinic,,1.8473375550893998,-7.311465788545293
mp-818575,unknown,unconfirmed_candidate,orthorhombic,,1.5167719182354311,-8.817970599365303
mp-1187561,0,label0,cubic,,-16.607809871656244,-1.568252732440227
mp-1021772,unknown,unconfirmed_candidate,orthorhombic,,0.9128321742029932,-2.5779558172107
mp-20059,unknown,unconfirmed_candidate,orthorhombic,,15.82045574272579,-0.6775527926047644
mp-570800,0,label0,orthorhombic,,-3.2848380749597474,-0.21658806447414847
mp-1289276,unknown,unconfirmed_candidate,triclinic,,1.0547411884251865,1.3518336334334151
mp-753317,0,label0,triclinic,,11.248905041903637,7.516252909149458
mp-1196870,unknown,unconfirmed_candidate,orthorhombic,,-14.578454431297644,-2.825026134341609
mp-1304239,unknown,unconfirmed_candidate,triclinic,,-1.382173051793874,-5.160371040131498
mp-765634,unknown,unconfirmed_candidate,monoclinic,,-4.194205637862762,1.2725307804328345
mp-150,0,label0,cubic,,19.37025278407254,-0.26219036861619927
mp-1104302,unknown,unconfirmed_candidate,tetragonal,,8.26785133888471,-3.110719817032038
mp-1199480,unknown,unconfirmed_candidate,monoclinic,,-1.2768586270524622,-5.334839723602931
mp-12960,unknown,unconfirmed_candidate,hexagonal,,18.065402387913874,5.542211057225163
mp-1022712,0,label0,orthorhombic,,-0.27032364108892537,-2.051875096464048
mp-1213885,unknown,unconfirmed_candidate,orthorhombic,,-0.2996988182085367,-4.003924141407351
mp-760923,unknown,unconfirmed_candidate,triclinic,,6.744578940207694,2.5361535754293563
mp-1032002,0,label0,tetragonal,,3.1776420721898493,-0.933691352999638
mp-1187869,0,label0,cubic,,6.562845153437248,1.6833330538120563
mp-1176924,0,label0,trigonal,,0.8228870648739957,-0.7336138488388109
mp-773430,unknown,unconfirmed_candidate,cubic,,-9.517761428888459,-4.916612405705537
mp-672170,unknown,unconfirmed_candidate,triclinic,,4.4717851353221985,-3.21530086176805
mp-1271079,unknown,unconfirmed_candidate,monoclinic,,-5.349227277170016,-0.24655404481349663
mp-1097491,0,label0,orthorhombic,,7.24557799066927,5.3867175622759405
mp-9999,0,label0,orthorhombic,,-1.3968653433168114,-4.415656943038863
mp-1223546,unknown,unconfirmed_candidate,triclinic,,1.0890542110525594,0.14152205000171847
mp-774552,unknown,unconfirmed_candidate,triclinic,,0.7703982053786653,-3.0848397477979237
mp-752740,unknown,unconfirmed_candidate,triclinic,,-4.124468223774603,-1.5374087347974026
mp-778674,0,label0,monoclinic,,-2.204760639291848,-4.790031713821403
mp-1245977,0,label0,orthorhombic,,-1.5565372534377033,6.897000203501957
mp-1095501,unknown,unconfirmed_candidate,orthorhombic,,4.4259292186966,8.385480457064336
mp-1189845,unknown,unconfirmed_candidate,tetragonal,,3.9366871838178046,3.3314985796448298
mp-1016073,unknown,unconfirmed_candidate,hexagonal,,3.628680362941516,3.599996852802711
mp-1205274,unknown,unconfirmed_candidate,monoclinic,,0.6838504520440836,0.10411926038737107
mp-2229093,unknown,unconfirmed_candidate,triclinic,,-3.4864896522567257,-3.107099007312076
mp-755226,unknown,unconfirmed_candidate,cubic,,-12.08229619423673,-4.015733994572564
mp-1302713,unknown,unconfirmed_candidate,triclinic,,-8.394378376142967,-8.260762456792087
mp-1228519,0,label0,tetragonal,,5.351503262375429,-2.7261166949018953
mp-1096321,0,label0,orthorhombic,,0.4795934151363177,-3.028047646130153
mp-1275931,unknown,unconfirmed_candidate,triclinic,,5.830303047725538,-5.505102788935124
mp-1048457,0,label0,tetragonal,,-7.147095512754348,4.7585857978832315
mp-1076633,0,label0,cubic,,-19.350613849424235,2.449424197402255
mp-888449,0,label0,triclinic,,-6.78051161526496,-6.378295865505995
mp-1102584,0,label0,cubic,,11.687360162362136,10.10720788341925
mp-3010,0,label0,monoclinic,,-0.6833439900006439,5.144750473285011
mp-759610,unknown,unconfirmed_candidate,triclinic,,4.618424251157709,-0.34327704975100204
mp-753396,unknown,unconfirmed_candidate,triclinic,,0.11788604769541777,-1.8439076580678133
mp-1097223,0,label0,orthorhombic,,2.7880644732159148,-3.6655301030484946
mp-765686,unknown,unconfirmed_candidate,monoclinic,,1.9924230622301664,1.2602425274671205
mp-1180863,unknown,unconfirmed_candidate,orthorhombic,,1.3393563596429416,-4.021688400754131
mp-1173649,0,label0,monoclinic,,-2.7183932290241266,-3.0660901018516373
mp-1211193,unknown,unconfirmed_candidate,cubic,,9.954904529135693,-3.367813038692022
mp-762058,unknown,unconfirmed_candidate,monoclinic,,0.6173425271314308,-5.818412214458068
mp-1206042,0,label0,hexagonal,,-0.003764409028502058,11.325994874098136
mp-1050,unknown,unconfirmed_candidate,cubic,,4.298844336786896,5.2381734494009855
mp-1516717,0,label0,cubic,,6.725992903870436,0.15407024285745763
mp-1519857,unknown,unconfirmed_candidate,orthorhombic,,-9.693977364334579,-2.2302445971319145
mp-1186650,0,label0,cubic,,13.8922385888099,5.066962940016584
mp-1044230,unknown,unconfirmed_candidate,monoclinic,,-9.266627456203537,-0.4299726016486254
mp-19281,1,label1,orthorhombic,Cr,4.121445671079263,-5.594352440913633
mp-2038,unknown,unconfirmed_candidate,cubic,,1.8231511113742265,-6.013163745464755
mp-581258,unknown,unconfirmed_candidate,trigonal,,-3.4747469595088667,-3.0234167859727776
mp-1234643,unknown,unconfirmed_candidate,triclinic,,-0.043027158886250305,0.6488920908108149
mp-1202508,unknown,unconfirmed_candidate,monoclinic,,-1.8263717665547787,-2.6513540067024106
mp-1205752,0,label0,cubic,,5.584203995459928,19.07732459025068
mp-1210625,unknown,unconfirmed_candidate,orthorhombic,,2.917494433490461,0.6723605899011602
mp-1217000,unknown,unconfirmed_candidate,monoclinic,,0.8932600864613818,-3.3038346788372372
mp-770840,unknown,unconfirmed_candidate,monoclinic,,-18.298952504726415,-3.0374090156054407
mp-1022063,unknown,unconfirmed_candidate,orthorhombic,,0.7515575280076696,-3.571424036807377
mp-865857,0,label0,cubic,,9.392395322362539,-0.46098527611991713
mp-1312241,unknown,unconfirmed_candidate,triclinic,,-4.941212541728596,2.4540365060047655
mp-1235433,unknown,unconfirmed_candidate,monoclinic,,-14.991713520194025,-2.222624672916444
mp-1233415,unknown,unconfirmed_candidate,monoclinic,,-0.7628788606217931,-1.8714077470194006
mp-1216127,unknown,unconfirmed_candidate,orthorhombic,,5.788953673655351,-2.689502998591527
mp-2228457,unknown,unconfirmed_candidate,triclinic,,-4.415193423741744,-6.615369865973582
mp-1043875,unknown,unconfirmed_candidate,orthorhombic,,9.421806007035201,-0.4701111044733821
mp-758285,unknown,unconfirmed_candidate,monoclinic,,1.3338403480049728,3.0905846888451407
mp-2716342,unknown,unconfirmed_candidate,triclinic,,-0.4432904643753339,-5.5194127091371445
mp-22580,0,label0,cubic,,12.467906615647337,-4.635992404295758
mp-849241,0,label0,triclinic,,0.8070243239343036,1.3306577582426087
mp-582680,unknown,unconfirmed_candidate,trigonal,,-3.4283367809180163,-3.0101891046689815
mp-19832,0,label0,tetragonal,,8.816770568416569,-0.45830479619868925
mp-755028,unknown,unconfirmed_candidate,monoclinic,,-5.6248486122002355,-4.161397427202596
mp-20449,0,label0,hexagonal,,4.51557938654625,4.574096997641714
mp-1245221,unknown,unconfirmed_candidate,triclinic,,-24.879347499947585,2.8126883484497007
mp-29416,unknown,unconfirmed_candidate,monoclinic,,1.0840888058333924,-0.5041287707484905
mp-25403,unknown,unconfirmed_candidate,triclinic,,3.731133717881688,-0.1418428189517229
mp-1205353,unknown,unconfirmed_candidate,orthorhombic,Mn,9.023468281757026,-5.949541684059582
mp-2715017,0,label0,triclinic,,-2.1879963000667644,-6.208560808728736
mp-36520,unknown,unconfirmed_candidate,orthorhombic,,-3.1462582862401263,5.017157788255211
mp-2225353,0,label0,monoclinic,,-5.865693408258679,-2.385571081813051
mp-1094810,0,label0,orthorhombic,,10.224111770958139,2.563698520743266
mp-28220,0,label0,monoclinic,,2.72132163409513,7.4691049960878075
mp-1040852,0,label0,triclinic,,-7.977396045075793,-2.922421309655622
mp-1034749,0,label0,tetragonal,,3.046149010447248,-1.1134378944191745
mp-1184171,0,label0,hexagonal,,-5.73559706914703,-3.1764754296319975
mp-1047822,0,label0,tetragonal,,3.168035193628393,-6.896381515896648
mp-559723,unknown,unconfirmed_candidate,hexagonal,,-6.692926833393887,-2.429990658642046
mp-1101350,0,label0,monoclinic,,-1.5381478285332406,-7.616500515699155
mp-1216037,0,label0,tetragonal,,3.1393668388981375,1.8395974702946098
mp-4344,0,label0,monoclinic,,-1.0975556798931692,-6.51012230201883
mp-1207487,unknown,unconfirmed_candidate,cubic,,-3.304339834931728,1.2037092371735518
mp-1190095,unknown,unconfirmed_candidate,orthorhombic,,1.6343251431788701,4.04710434317996
mp-638079,unknown,unconfirmed_candidate,hexagonal,,10.592977578968199,3.172641451685031
mp-764528,unknown,unconfirmed_candidate,triclinic,,-1.454520615796195,5.6604103624022954
mp-510020,unknown,unconfirmed_candidate,monoclinic,,-5.056108453365386,-3.226633694883839
mp-510445,unknown,unconfirmed_candidate,triclinic,,8.966171598708717,-2.796033894978452
mp-26182,0,label0,monoclinic,,-1.1722833986376173,-1.842412192141719
mp-1207530,unknown,unconfirmed_candidate,tetragonal,,-6.59918414954787,-1.703326013484567
mp-1182633,unknown,unconfirmed_candidate,triclinic,,-6.748069665263962,-3.856838219086418
mp-1666509,unknown,unconfirmed_candidate,triclinic,,-4.773552064627037,6.368094714990036
mp-9912,0,label0,trigonal,,4.152902040331691,-2.223511384102233
mp-1390652,unknown,unconfirmed_candidate,monoclinic,,-5.6557002651109265,0.2662697952594293
mp-1096300,0,label0,orthorhombic,,11.394448278069722,-3.1407790655668695
mp-1979079,unknown,unconfirmed_candidate,triclinic,,2.0743644765762177,-8.060574518396209
mp-1102033,unknown,unconfirmed_candidate,orthorhombic,,7.0549156401944195,-2.20618622552076
mp-1018697,unknown,unconfirmed_candidate,hexagonal,,9.133659840286507,-2.509537406502478
mp-3000,0,label0,cubic,,5.677582719354479,-0.6413538042145497
mp-2229148,unknown,unconfirmed_candidate,triclinic,,-1.8568871804840832,-5.375243876227467
mp-980204,0,label0,tetragonal,,7.827787203574124,-4.556920809495816
mp-1225965,unknown,unconfirmed_candidate,orthorhombic,,3.5253067886357066,-7.653772950571918
mp-1218375,0,label0,tetragonal,,12.370119735358188,2.7057628215498717
mp-1211886,unknown,unconfirmed_candidate,orthorhombic,,1.9987021595987322,-2.8728899943420636
mp-1190029,unknown,unconfirmed_candidate,orthorhombic,,11.172355387369144,5.439460819505449
mp-1181539,0,label0,tetragonal,,2.1406273190542606,2.1980606514177907
mp-766557,unknown,unconfirmed_candidate,triclinic,,11.413059735079084,1.5394278167277875
mp-1184707,unknown,unconfirmed_candidate,hexagonal,,14.15949833784925,9.296915345696455
mp-1208890,unknown,unconfirmed_candidate,cubic,,4.466268516984302,0.4049552731885342
mp-801614,unknown,unconfirmed_candidate,triclinic,,2.6333440695913453,-0.5149173585461675
mp-1247481,unknown,unconfirmed_candidate,orthorhombic,,6.680955657828683,-5.578648740478
mp-1327259,unknown,unconfirmed_candidate,cubic,,-2.8786641532078896,1.3793433267805533
mp-19239,unknown,unconfirmed_candidate,cubic,,-0.4394920739068482,-1.173320738474672
mp-760399,0,label0,triclinic,,3.6752186216590506,3.041637108055877
mp-757379,0,label0,triclinic,,4.212918399833605,-4.151658428898958
mp-29821,unknown,unconfirmed_candidate,triclinic,,-1.9807968496564463,0.7552952313926191
mp-831250,unknown,unconfirmed_candidate,triclinic,,-3.7835018469758452,-1.654457531464045
mp-19397,unknown,unconfirmed_candidate,orthorhombic,,-3.0220370408335704,15.178254460210798
mp-1016048,unknown,unconfirmed_candidate,monoclinic,,2.613151454015533,3.7624983916542405
mp-781628,unknown,unconfirmed_candidate,triclinic,,0.35318658053396135,-1.8199192466197367
mp-1101397,0,label0,monoclinic,,-3.8154037301513064,-5.132193880791968
mp-15709,0,label0,hexagonal,,4.922011802130285,-5.51963630766622
mp-1216235,0,label0,triclinic,,-0.07822899183222987,-3.398714280642679
mp-1188251,unknown,unconfirmed_candidate,trigonal,,7.075263558614084,-6.1969620637778515
mp-766671,unknown,unconfirmed_candidate,triclinic,,-2.781264834017108,-0.4781937444269069
mp-1652433,unknown,unconfirmed_candidate,monoclinic,,-1.6789768881559866,-1.286916925762016
mp-1034906,0,label0,tetragonal,,-3.0969606560289336,-0.7533709820772323
mp-2225968,0,label0,triclinic,,2.357658476075162,-3.2873701578540615
mp-1235614,0,label0,monoclinic,,-1.6005530738286957,-7.093657079576648
mp-756277,unknown,unconfirmed_candidate,triclinic,,-2.0855999043700244,-5.715697494822191
mp-3349,0,label0,tetragonal,,-5.2318763857500095,3.1200671525136414
mp-1288374,unknown,unconfirmed_candidate,monoclinic,,-5.0544010205099354,4.801217747596578
mp-1218004,unknown,unconfirmed_candidate,hexagonal,,15.501329564943326,5.104039612101349
mp-569996,unknown,unconfirmed_candidate,tetragonal,,8.051860511883024,6.235394918215238
mp-1147626,unknown,unconfirmed_candidate,hexagonal,,6.871465652586124,-4.640982444753686
mp-1183307,0,label0,tetragonal,,10.054466120343886,-4.80219942500249
mp-1204597,0,label0,monoclinic,,0.27436690851909873,-6.174173335371085
mp-2226988,unknown,unconfirmed_candidate,triclinic,,0.45830254239286816,-4.759776916267549
mp-1210463,unknown,unconfirmed_candidate,monoclinic,,-1.1789234473540802,-2.3498449158562025
mp-888265,0,label0,triclinic,,-0.006451208581811585,-1.1679910804695872
mp-170,0,label0,cubic,,5.265920225489959,3.8925375221565126
mp-505610,0,label0,triclinic,,0.01385624531525309,-3.1264347720982286
mp-1184115,0,label0,trigonal,,17.786201473284077,11.368598351873935
mp-1211108,unknown,unconfirmed_candidate,tetragonal,,-6.674335685288707,-8.360257147238825
mp-2218716,unknown,unconfirmed_candidate,triclinic,,-8.360197668417118,-4.3422714308329216
mp-530398,0,label0,monoclinic,,-17.92801705994782,1.81239834173266
mp-1184629,0,label0,cubic,,1.8178061563081158,-0.03041726637458453
mp-1190132,unknown,unconfirmed_candidate,monoclinic,,-4.498781217238424,-6.847473237372551
mp-1374186,unknown,unconfirmed_candidate,orthorhombic,,-7.124468426590759,5.993529170271032
mp-2230088,unknown,unconfirmed_candidate,triclinic,,-3.1261767789505583,7.597755936119405
mp-196,unknown,unconfirmed_candidate,hexagonal,,2.9961005438568478,-5.311153502981254
mp-20580,0,label0,trigonal,,-3.8557589571609974,6.652288424287288
mp-1211319,0,label0,monoclinic,,-1.0429420321853868,3.368175556201056
mp-2714221,unknown,unconfirmed_candidate,triclinic,,-2.2876607839264658,-3.3217532917154085
mp-1517031,unknown,unconfirmed_candidate,orthorhombic,,-19.971521477906805,-3.626735424521785
mp-866040,0,label0,cubic,,11.855840270850045,6.377316403911951
mp-1147589,0,label0,tetragonal,,13.604392229399476,-0.9029233728350547
mp-1218597,unknown,unconfirmed_candidate,monoclinic,,5.470843623286633,-3.268574729898477
mp-19325,0,label0,orthorhombic,,0.10046776174558403,2.0145811513777403
mp-1079435,0,label0,hexagonal,,2.9866416761801524,2.026636093449074
mp-557728,unknown,unconfirmed_candidate,monoclinic,,0.5370428450954776,-5.671645843966717
mp-3613,0,label0,trigonal,,5.285501421693045,-8.073169142630968
mp-560776,unknown,unconfirmed_candidate,monoclinic,,3.2927262913960647,0.8988728846218947
mp-1211745,0,label0,trigonal,,-7.0325975386876,-3.0296141041703564
mp-31102,unknown,unconfirmed_candidate,orthorhombic,,-9.648894476903124,-2.6919254373281483
mp-1245551,unknown,unconfirmed_candidate,orthorhombic,,5.969080011531984,-0.6804714558435094
mp-777880,unknown,unconfirmed_candidate,triclinic,,12.194597047630513,7.00998371146553
mp-1213654,unknown,unconfirmed_candidate,monoclinic,,-2.744493471800215,-0.8243875837013803
mp-1018155,0,label0,cubic,,3.2240688609255397,-5.215710058380365
mp-1025309,0,label0,orthorhombic,,-5.594920916898179,0.001868206639159098
mp-1091,unknown,unconfirmed_candidate,tetragonal,,3.3524708571597355,-4.314172584408093
mp-2229444,unknown,unconfirmed_candidate,triclinic,,-1.302012376369298,5.837920465469054
mp-1197082,unknown,unconfirmed_candidate,monoclinic,,-8.945849036003676,-4.923177136490583
mp-752937,unknown,unconfirmed_candidate,orthorhombic,,10.08817845379919,3.0098503461727084
mp-2220066,unknown,unconfirmed_candidate,monoclinic,,-2.1475405607003424,13.147668318481866
mp-26796,unknown,unconfirmed_candidate,triclinic,,2.192764930239459,-3.319746845625952
mp-1228454,0,label0,monoclinic,,1.9664018526982012,-2.001168596208906
mp-651814,unknown,unconfirmed_candidate,monoclinic,,-24.731317257967312,-0.19651635393424272
mp-1196821,0,label0,triclinic,,0.7703112207861018,-2.756001179454998
mp-677027,unknown,unconfirmed_candidate,monoclinic,,-9.055688870066476,-2.3489156093110193
mp-1101267,unknown,unconfirmed_candidate,triclinic,,-12.03366990124934,0.5981306849077406
mp-769539,unknown,unconfirmed_candidate,triclinic,,4.468492736494021,-7.89821805090452
mp-772098,0,label0,hexagonal,,-6.95450126542222,-9.76061313653511
mp-1077457,unknown,unconfirmed_candidate,monoclinic,,15.606266366242492,-2.1078181094987247
mp-1203520,unknown,unconfirmed_candidate,monoclinic,,2.0135617920142117,-0.6205107566582093
mp-1176815,unknown,unconfirmed_candidate,monoclinic,,3.283087190876527,-8.121676650762229
mp-1220265,unknown,unconfirmed_candidate,hexagonal,,-5.074449621001609,-4.778417769725683
mp-581968,unknown,unconfirmed_candidate,tetragonal,,7.083512370380705,4.193845857574853
mp-1212860,unknown,unconfirmed_candidate,monoclinic,,0.39302107101261896,3.7796478979930868
mp-1303642,0,label0,triclinic,,1.63771552523259,-1.714796616546792
mp-1247676,unknown,unconfirmed_candidate,triclinic,,7.343868100992948,-4.372965273498179
mp-1100921,0,label0,triclinic,,4.950434070437604,2.6887080818856717
mp-1205690,unknown,unconfirmed_candidate,cubic,,-6.490017237364928,1.0799318500997188
mp-1407905,0,label0,triclinic,,-11.860946502599766,-4.045597986799452
mp-1177393,unknown,unconfirmed_candidate,triclinic,,-4.0414333936031355,-1.8471302317801523
mp-1068377,0,label0,cubic,,4.713476281654408,-1.7435831633921062
mp-1225349,unknown,unconfirmed_candidate,orthorhombic,,-7.721832887539996,-5.988738538995326
mp-5620,0,label0,hexagonal,,1.0168701401785079,1.3080115644562014
mp-779307,0,label0,triclinic,,-4.684997130478816,-3.604612843685187
mp-865300,unknown,unconfirmed_candidate,cubic,,4.158344352922134,10.021920440024537
mp-867973,unknown,unconfirmed_candidate,orthorhombic,,-3.7024901445875855,-9.97144676905273
mp-1221667,0,label0,orthorhombic,,1.9567287602533376,-2.731109104443279
mp-504097,unknown,unconfirmed_candidate,cubic,,-9.10721383438613,-7.508310889462367
mp-1178406,unknown,unconfirmed_candidate,orthorhombic,,-14.696417693635325,-4.039895330520432
mp-1185264,0,label0,tetragonal,,15.064923244827364,-2.1127761113970323
mp-1178302,unknown,unconfirmed_candidate,monoclinic,,19.262000967725715,20.16645653341831
mp-1178419,0,label0,monoclinic,,5.152785995572,-9.25787552533428
mp-1177924,unknown,unconfirmed_candidate,trigonal,,-17.92427565147537,4.0760410971311885
mp-774927,unknown,unconfirmed_candidate,monoclinic,,-1.3800058886922812,-6.5229507026020865
mp-22921,0,label0,cubic,,13.539568084425879,0.5921029340885369
mp-1247076,0,label0,trigonal,,-6.172417052206875,1.7241795667773587
mp-850360,unknown,unconfirmed_candidate,triclinic,,0.03739120410613239,4.752808376420617
mp-764647,unknown,unconfirmed_candidate,hexagonal,,-5.497885313254429,-2.1948883495991804
mp-849226,unknown,unconfirmed_candidate,monoclinic,Fe,-5.4999750554184175,3.189488207081805
mp-554674,unknown,unconfirmed_candidate,triclinic,,4.160184615354536,4.867182292635437
mp-768238,unknown,unconfirmed_candidate,triclinic,,0.6488404025868952,-4.362300431916109
mp-1228311,unknown,unconfirmed_candidate,monoclinic,,1.5629533912327638,-1.566900562781532
mp-1209328,unknown,unconfirmed_candidate,orthorhombic,,-10.182728929220886,6.17516276537129
mp-755035,unknown,unconfirmed_candidate,triclinic,,-4.144194354602366,1.7096810351997007
mp-753812,unknown,unconfirmed_candidate,triclinic,,-4.517417489069935,-3.046204910408541
mp-1233950,unknown,unconfirmed_candidate,triclinic,,10.150769896623691,13.306232058262125
mp-973983,0,label0,hexagonal,,1.0991997976019832,-2.7028613831249064
mp-1192441,unknown,unconfirmed_candidate,orthorhombic,,-3.241377874865492,-3.529300959990005
mp-1080068,unknown,unconfirmed_candidate,monoclinic,,6.239294062174963,0.5848662764892332
mp-859114,unknown,unconfirmed_candidate,orthorhombic,,-2.9181411854790653,-7.699594934773382
mp-1208174,unknown,unconfirmed_candidate,tetragonal,,-15.21092080879692,4.871074714298789
mp-1213461,0,label0,cubic,,9.318941035456092,-3.415812113448153
mp-1077109,unknown,unconfirmed_candidate,tetragonal,,-0.6765821617518917,4.847044931402198
mp-977378,0,label0,cubic,,-3.292928627392236,-3.000454092865672
mp-1573669,unknown,unconfirmed_candidate,triclinic,,-11.625636989930332,1.77335132096837
mp-2225595,0,label0,tetragonal,,1.1873753664607918,-3.0283888659256117
mp-1174345,0,label0,monoclinic,,-0.985600263544633,-6.324002615839406
mp-1218294,0,label0,tetragonal,,10.669354600927495,21.71397681655363
mp-773191,0,label0,monoclinic,,1.4461738514566278,-6.482089659105846
mp-780869,unknown,unconfirmed_candidate,orthorhombic,,-18.471111728406292,-0.8890669350815941
mp-1184162,0,label0,cubic,,5.570588430153627,5.262450013967719
mp-1222089,unknown,unconfirmed_candidate,monoclinic,,-12.136672473996477,1.9594916275022705
mp-1234942,unknown,unconfirmed_candidate,monoclinic,,-8.190630951793416,-6.580810131549752
mp-1219799,unknown,unconfirmed_candidate,orthorhombic,,8.541155441159336,-4.658380710458838
mp-1228849,unknown,unconfirmed_candidate,hexagonal,,6.482371683123999,-1.2901354503363507
mp-1227109,unknown,unconfirmed_candidate,orthorhombic,,-18.88393619762966,-3.065192021026652
mp-1214126,0,label0,monoclinic,,-3.390347328377999,6.9498942562314205
mp-10868,unknown,unconfirmed_candidate,hexagonal,,6.288906607516532,1.4922224279650713
mp-2712622,unknown,unconfirmed_candidate,monoclinic,,-3.732879213718821,-6.102394120608132
mp-1104572,unknown,unconfirmed_candidate,monoclinic,,-0.3473248285831012,-9.59257001668558
mp-2230857,unknown,unconfirmed_candidate,triclinic,,-2.6717711256977417,8.492660089356743
mp-1104735,unknown,unconfirmed_candidate,monoclinic,,12.208275445177161,-2.767094468559618
mp-755411,unknown,unconfirmed_candidate,monoclinic,,-17.819504261419468,-4.279960844766437
mp-1205400,unknown,unconfirmed_candidate,orthorhombic,,5.262583949235612,1.3591097452464034
mp-866101,0,label0,cubic,,-4.859480840230887,-3.3938462127216287
mp-1226032,0,label0,hexagonal,,4.830297917942568,-1.4309200505525599
mp-2222803,0,label0,monoclinic,,-1.356271458492614,-1.3584638531794173
mp-771674,0,label0,trigonal,,-6.262927137536085,-6.531658276443968
mp-620271,0,label0,cubic,,6.687475321272233,-0.3886333778238864
mp-1185189,0,label0,hexagonal,,11.33123550855203,-2.0171064240897376
mp-1096144,0,label0,orthorhombic,,13.915716919435825,-5.101776519846892
mp-766691,unknown,unconfirmed_candidate,triclinic,,-2.8528948118770465,-3.228694985960688
mp-735545,unknown,unconfirmed_candidate,orthorhombic,,9.212915976376374,14.588511521068341
mp-2230408,unknown,unconfirmed_candidate,triclinic,,1.0580681686295819,6.0223256603595665
mp-16093,unknown,unconfirmed_candidate,tetragonal,,6.529766369116471,-4.935422689291146
mp-754585,unknown,unconfirmed_candidate,orthorhombic,,-20.718627883602984,-0.2123498622044231
mp-695042,unknown,unconfirmed_candidate,triclinic,,-11.163997742009183,1.212005201274284
mp-1195894,unknown,unconfirmed_candidate,monoclinic,,-9.285472027920093,-0.7291492533558106
mp-1101448,0,label0,orthorhombic,,-10.10179666082804,-5.606873475119112
mp-29394,0,label0,trigonal,,4.584508790554546,0.5723625336141929
mp-567572,0,label0,monoclinic,,8.094862674336982,0.16615779832081046
mp-1102696,0,label0,monoclinic,,13.957983238256297,4.199945509453812
mp-770710,0,label0,trigonal,,-16.035215220647167,0.6928841822150567
mp-15679,unknown,unconfirmed_candidate,hexagonal,,5.004804876113381,-2.2830632590679194
mp-1224723,0,label0,monoclinic,,-4.999398250172231,-3.4316419221360785
mp-1362204,unknown,unconfirmed_candidate,orthorhombic,,-10.371917570595443,-8.003506606573508
mp-1183352,0,label0,tetragonal,,11.69598247869098,-5.6899217827289466
mp-1324016,unknown,unconfirmed_candidate,orthorhombic,,-3.8984632537664403,-3.38857757372768
mp-754882,unknown,unconfirmed_candidate,hexagonal,,-3.559123835338177,5.2685423240460985
mp-540544,0,label0,triclinic,,-4.750645049926046,-5.32005985059533
mp-1179265,unknown,unconfirmed_candidate,monoclinic,,-7.645365153441098,2.340014162267142
mp-1208571,unknown,unconfirmed_candidate,cubic,,-1.045248365313725,0.8716464339914225
mp-756000,unknown,unconfirmed_candidate,monoclinic,,22.227780797071677,19.629393493342608
mp-756067,unknown,unconfirmed_candidate,triclinic,,-5.791377278237718,-1.8084403968639489
mp-1212955,unknown,unconfirmed_candidate,tetragonal,,-9.2129380774862,-3.453471530961581
mp-757005,unknown,unconfirmed_candidate,triclinic,,2.839520453444152,7.044550556919678
mp-1094904,0,label0,cubic,,9.615258465438538,7.512617721928073
mp-1079793,0,label0,hexagonal,,4.411555099569959,-3.6658199245934995
mp-19177,unknown,unconfirmed_candidate,tetragonal,,-3.364104913306729,-11.243003513500675
mp-1214879,unknown,unconfirmed_candidate,tetragonal,,-2.1825521926906433,31.64662791433511
mp-776347,unknown,unconfirmed_candidate,orthorhombic,,-6.47820573632508,-3.0771167865558233
mp-1214974,0,label0,monoclinic,,2.4323552528052765,-4.897669900407703
mp-1445397,unknown,unconfirmed_candidate,monoclinic,,3.959223431023938,1.3229380958388504
mp-8301,0,label0,trigonal,,-14.967357762977826,16.87598022248046
mp-504510,0,label0,monoclinic,,-10.71403459309657,3.385504666103344
mp-1222546,unknown,unconfirmed_candidate,monoclinic,,6.186566732995175,-6.061877199449267
mp-1519488,0,label0,cubic,,-24.08464170494615,22.38956723807946
mp-865448,0,label0,cubic,,3.1910694096295575,-2.0451028015549184
mp-1202403,0,label0,triclinic,,1.1627133675680064,-3.0017337161995066
mp-1189286,unknown,unconfirmed_candidate,orthorhombic,,10.494226541845963,-4.993207237198156
mp-2229655,unknown,unconfirmed_candidate,triclinic,,-8.587864377875938,0.763675207397494
mp-1094008,0,label0,trigonal,,-1.0484521041766897,-5.172813311319699
mp-1521904,0,label0,cubic,,-9.992538800350228,2.647449556109418
mp-1018814,0,label0,tetragonal,,7.57881477967919,2.4239278178815127
mp-1035067,0,label0,orthorhombic,,1.3049889616452823,-1.185555279548101
mp-776552,unknown,unconfirmed_candidate,monoclinic,,11.646623370976776,1.1137095638488468
mp-753465,0,label0,tetragonal,,11.299299048504148,2.865065775519639
mp-768578,unknown,unconfirmed_candidate,monoclinic,,-0.24751638358373285,-1.0891308380285487
mp-1214,0,label0,hexagonal,,-2.5993789026657765,4.456978290578746
mp-22991,unknown,unconfirmed_candidate,hexagonal,,4.7019299897310365,0.2878323415259878
mp-1193278,unknown,unconfirmed_candidate,hexagonal,,-5.887980318722008,4.873398002959608
mp-13936,0,label0,cubic,,-7.888079017185813,-2.3422965127238538
mp-1246428,0,label0,monoclinic,,-12.149319513600926,-0.272375581307962
mp-865114,0,label0,cubic,,8.682902306445875,-4.725352695132999
mp-1173572,unknown,unconfirmed_candidate,triclinic,,5.249412611258405,-3.2275409507229593
mp-1197719,unknown,unconfirmed_candidate,trigonal,,1.1548223134469815,0.27520486999308247
mp-572543,unknown,unconfirmed_candidate,monoclinic,,-2.4831518914591193,-4.426581433093004
mp-21985,unknown,unconfirmed_candidate,triclinic,,8.593915428197683,-7.26843244435862
mp-1408959,unknown,unconfirmed_candidate,cubic,,-21.441795417698778,21.45104258078594
mp-759935,unknown,unconfirmed_candidate,triclinic,,-3.3441525546183826,-1.5066140565948611
mp-767065,unknown,unconfirmed_candidate,triclinic,,-10.09752162605071,2.150652068349654
mp-765130,unknown,unconfirmed_candidate,triclinic,,-3.575030476577478,-0.6927539757543499
mp-13972,0,label0,trigonal,,2.7084195148025074,0.20145363797154658
mp-510668,unknown,unconfirmed_candidate,tetragonal,,14.064262553525683,9.944685155555621
mp-756453,unknown,unconfirmed_candidate,monoclinic,Fe,7.3747920353360445,-4.028990532625995
mp-1210830,unknown,unconfirmed_candidate,monoclinic,,-4.689112220432392,-2.77417813381091
mp-1067509,0,label0,cubic,,-7.94720196025024,-3.07573694116096
mp-1187771,0,label0,cubic,,8.231283268588056,1.0424026854253725
mp-1219864,unknown,unconfirmed_candidate,monoclinic,,5.898556698923365,-2.566142281021559
mp-13503,unknown,unconfirmed_candidate,hexagonal,,6.052490089090822,0.8259358069994889
mp-1041684,0,label0,triclinic,,-0.8160168876277751,1.8496505820236884
mp-1008752,0,label0,cubic,,9.863061539929594,8.280875199322825
mp-1247489,0,label0,triclinic,,3.0545214264152776,-7.904840701959147
mp-753665,unknown,unconfirmed_candidate,monoclinic,,-8.65536190890803,10.20370457292589
mp-723044,unknown,unconfirmed_candidate,orthorhombic,,-3.175640459947214,2.3675877918309745
mp-1104219,0,label0,orthorhombic,,-1.8758394256595352,-5.57950985404651
mp-759841,unknown,unconfirmed_candidate,triclinic,,-4.213536189133279,3.477904212837224
mp-1220299,unknown,unconfirmed_candidate,triclinic,,-0.4776923736502141,5.038597445850009
mp-1245929,0,label0,monoclinic,,8.483569811719345,-1.2921055495830895
mp-1210447,unknown,unconfirmed_candidate,triclinic,,-15.052513157740279,9.620092629205995
mp-1212722,unknown,unconfirmed_candidate,monoclinic,,-13.127993899744581,12.632386834398503
mp-1245464,unknown,unconfirmed_candidate,orthorhombic,,3.2988911942466057,1.424199861569715
mp-9238,0,label0,tetragonal,,-1.2969201125819403,-8.87190465806054
mp-1216631,0,label0,monoclinic,,-6.890355042380637,4.111258412622984
mp-1225489,0,label0,tetragonal,,-1.1081410279976218,-1.0457075052678206
mp-2219078,unknown,unconfirmed_candidate,triclinic,,-7.685565444049921,8.383064601366666
mp-757472,unknown,unconfirmed_candidate,monoclinic,,-4.283570432484581,0.8654922858900527
mp-1048386,unknown,unconfirmed_candidate,hexagonal,,-3.9818888873588456,-4.279276465575739
mp-1222701,0,label0,trigonal,,3.2373053757311467,-6.647636093617239
mp-3513,0,label0,monoclinic,,1.6948289377315646,-2.453512241456636
mp-2226912,0,label0,orthorhombic,,0.876870293960188,0.868045932509034
mp-1183775,0,label0,cubic,,9.014395308829236,3.3958014685298927
mp-1227435,unknown,unconfirmed_candidate,orthorhombic,,-3.647868825320124,13.71216740970667
mp-766206,unknown,unconfirmed_candidate,monoclinic,,-12.486159206008754,3.2959144652223884
mp-1079439,0,label0,monoclinic,,5.573358482972104,6.0393098378123184
mp-1173694,0,label0,monoclinic,,-2.045853629998419,-3.182941883939538
mp-2713843,unknown,unconfirmed_candidate,triclinic,,1.387863896932238,-7.315609241482123
mp-1209682,unknown,unconfirmed_candidate,cubic,,5.379467222218716,2.149909456098001
mp-1200529,unknown,unconfirmed_candidate,orthorhombic,,-0.03245931676605451,-3.651118904584653
mp-1198013,unknown,unconfirmed_candidate,orthorhombic,,1.2538530448196958,0.5637612573760507
mp-2217928,unknown,unconfirmed_candidate,trigonal,,-3.5678410734901718,19.114992917741926
mp-757325,unknown,unconfirmed_candidate,monoclinic,,0.798835816440711,-4.643811632303086
mp-1014347,unknown,unconfirmed_candidate,cubic,,5.201537844947529,-0.7501574914197242
mp-760120,unknown,unconfirmed_candidate,monoclinic,,10.714420543452123,-1.031680207881859
mp-1080570,unknown,unconfirmed_candidate,hexagonal,,6.730787668776809,-2.527137146608755
mp-558969,unknown,unconfirmed_candidate,orthorhombic,,-10.38626768378732,-2.7346263585318074
mp-1084759,0,label0,hexagonal,,6.905728101599335,-0.3173268405259222
mp-760938,unknown,unconfirmed_candidate,triclinic,,2.4519802694999377,5.531777334350068
mp-1195954,unknown,unconfirmed_candidate,orthorhombic,,0.2027225629488676,-4.873387567066684
mp-1663944,unknown,unconfirmed_candidate,orthorhombic,,-0.14358526263728422,-3.559365599309901
mp-1188040,unknown,unconfirmed_candidate,hexagonal,,14.832212986445336,-4.371534266374423
mp-774921,unknown,unconfirmed_candidate,monoclinic,,0.24161217886329212,-3.094362034627032
mp-1198601,unknown,unconfirmed_candidate,orthorhombic,,14.775377005304648,5.933266422150908
mp-753796,unknown,unconfirmed_candidate,monoclinic,,7.688388589099343,-7.428403253934906
mp-720079,unknown,unconfirmed_candidate,triclinic,,-6.573538601176168,-3.5357353551211315
mp-22613,unknown,unconfirmed_candidate,hexagonal,,7.642955833786333,0.23558783892044133
mp-1023504,unknown,unconfirmed_candidate,orthorhombic,,-0.989133907476127,-3.954562274970016
mp-1105570,unknown,unconfirmed_candidate,orthorhombic,,20.924975289831274,14.861170920406341
mp-1209807,unknown,unconfirmed_candidate,tetragonal,,-6.470603474384173,-10.639970140683115
mp-1517329,0,label0,cubic,,-21.12361480252862,-0.10130919553997231
mp-1078450,0,label0,orthorhombic,,4.338053153507758,-0.03697379516362176
mp-754450,unknown,unconfirmed_candidate,triclinic,,1.6998687989854773,-8.725406264084665
mp-758758,unknown,unconfirmed_candidate,orthorhombic,,6.261657752048311,-6.321501701758601
mp-1049234,unknown,unconfirmed_candidate,trigonal,,2.3975633315973788,10.996684749497973
mp-1046171,unknown,unconfirmed_candidate,triclinic,,-14.1546071913846,0.1518154844953159
mp-1397541,0,label0,tetragonal,,0.5920062719614556,-4.799174877814792
mp-850208,unknown,unconfirmed_candidate,monoclinic,,3.0529168021536606,5.74678752932029
mp-561177,unknown,unconfirmed_candidate,hexagonal,,-13.418687655217624,-4.3016608175705375
mp-1201533,unknown,unconfirmed_candidate,monoclinic,,5.414069884661954,-5.512779314693718
mp-1246916,unknown,unconfirmed_candidate,orthorhombic,,7.765712238332089,-2.916617469669891
mp-1102845,unknown,unconfirmed_candidate,cubic,,-11.862258363006706,2.223358820738863
mp-1208737,unknown,unconfirmed_candidate,monoclinic,,-1.5757423122788516,-10.651198660295623
mp-1406978,unknown,unconfirmed_candidate,tetragonal,,1.0069123458353815,7.749025243962002
mp-1182249,unknown,unconfirmed_candidate,triclinic,,5.672588525543231,-3.585791639574321
mp-30861,unknown,unconfirmed_candidate,cubic,,-2.36630656724396,3.564042779782593
mp-16772,0,label0,triclinic,,-5.82754354339011,-6.170765502328049
mp-866067,0,label0,cubic,,7.077307192945806,2.4133797636025704
mp-2230732,unknown,unconfirmed_candidate,triclinic,,-0.6397759243526444,1.5039741522022183
mp-774717,unknown,unconfirmed_candidate,triclinic,,-6.575865263467769,4.793254481476865
mp-1200778,unknown,unconfirmed_candidate,orthorhombic,,-13.245764974200299,-3.613489253424641
mp-1274545,unknown,unconfirmed_candidate,triclinic,,-3.15716647348361,1.4467457359702678
mp-697816,unknown,unconfirmed_candidate,monoclinic,,-2.153306535047413,-2.2168711983453946
mp-1193787,unknown,unconfirmed_candidate,orthorhombic,,6.1128553490831194,-2.4892536261058282
mp-1176782,unknown,unconfirmed_candidate,monoclinic,,-5.871212445897967,4.124104223311154
mp-685055,unknown,unconfirmed_candidate,trigonal,,7.443774573937622,-5.355920174640735
mp-778772,unknown,unconfirmed_candidate,triclinic,,5.540034838402503,-4.241279206776683
mp-554905,unknown,unconfirmed_candidate,triclinic,,-5.185652479126389,0.6549908482324156
mp-1205326,0,label0,trigonal,,11.16500776043532,8.352367085353766
mp-883520,unknown,unconfirmed_candidate,tetragonal,,-8.9336224968335,1.997005622855319
mp-12515,unknown,unconfirmed_candidate,tetragonal,,13.543039963744686,0.20862604725242306
mp-1097616,0,label0,orthorhombic,,1.416871552155655,-1.8427315245706364
mp-14542,0,label0,orthorhombic,,-13.529086264611315,-2.1396666480082054
mp-1195307,unknown,unconfirmed_candidate,orthorhombic,,-0.24843711063808982,-5.048731850523515
mp-4883,0,label0,tetragonal,,15.613401801347802,5.770104877875401
mp-1185101,0,label0,cubic,,4.978041958910085,1.4273784362730026
mp-1522614,0,label0,cubic,,-13.717718892965749,-4.575178717488264
mp-18611,unknown,unconfirmed_candidate,hexagonal,,1.6448315285509736,-2.5675833591284682
mp-1188159,unknown,unconfirmed_candidate,hexagonal,,20.557121221191395,0.36019306958387887
mp-27333,0,label0,tetragonal,,5.254982406467185,1.3801769097202197
mp-1111848,0,label0,cubic,,6.244840899645165,-2.1617025371577245
mp-867831,0,label0,cubic,,-2.3525290832687453,-1.0581290578389968
mp-1369089,unknown,unconfirmed_candidate,monoclinic,,3.215617633650229,-1.9762470869372422
mp-770486,unknown,unconfirmed_candidate,monoclinic,,1.5697162099172814,2.0033360043035735
mp-1235178,unknown,unconfirmed_candidate,triclinic,,5.623975050454014,-0.10697102772139999
mp-559934,unknown,unconfirmed_candidate,orthorhombic,,-1.1223269200667758,-3.615172062465458
mp-734395,unknown,unconfirmed_candidate,tetragonal,,1.808652602737876,1.1790159041173105
mp-1221075,unknown,unconfirmed_candidate,monoclinic,,-8.694120675680388,2.93996296641361
mp-755852,unknown,unconfirmed_candidate,monoclinic,,9.264343535169795,2.065320353996949
mp-1041805,0,label0,triclinic,,-12.249256374011406,-6.398940322064583
mp-1253258,unknown,unconfirmed_candidate,hexagonal,,-7.370612010532053,-2.750895870020768
mp-1028178,0,label0,orthorhombic,,-8.413751097653709,7.420061183171715
mp-2713148,0,label0,triclinic,,-3.0273373379612742,-5.0408499286918005
mp-1207357,0,label0,orthorhombic,,3.8474661196923847,-6.800612732588771
mp-1176546,unknown,unconfirmed_candidate,triclinic,,-2.9455579099637283,-2.1366991566130764
mp-20715,unknown,unconfirmed_candidate,tetragonal,,6.624271509767302,2.2685401015709203
mp-548609,0,label0,monoclinic,,3.4893936185864227,0.5291742552016281
mp-2229761,0,label0,triclinic,,7.2434180081144035,1.9913723716196294
mp-26165,0,label0,monoclinic,,0.0003404805962610169,5.064784228811341
mp-1100764,0,label0,tetragonal,,7.520733699511595,-5.309661262095224
mp-756089,unknown,unconfirmed_candidate,monoclinic,,6.116999353663141,10.701324181543427
mp-777650,unknown,unconfirmed_candidate,tetragonal,,-0.8821344802642841,-3.02092766672658
mp-1210649,unknown,unconfirmed_candidate,orthorhombic,,9.065480508662946,-2.331955940017794
mp-568396,unknown,unconfirmed_candidate,orthorhombic,,8.683912977121791,-1.7818818558219327
mp-772571,0,label0,triclinic,,3.483721242154532,-8.446739074282398
mp-1189432,unknown,unconfirmed_candidate,monoclinic,,0.278235703112756,-3.5346362841161643
mp-768003,unknown,unconfirmed_candidate,monoclinic,,-2.9812235535418523,-1.9174058873412179
mp-762319,unknown,unconfirmed_candidate,monoclinic,,2.8580035259735688,-7.384575844640576
mp-760849,0,label0,triclinic,,1.9499782962726933,0.10019352362943934
mp-1520180,0,label0,cubic,,-4.809031773580582,4.5746142067588025
mp-758937,unknown,unconfirmed_candidate,orthorhombic,,2.657149195555178,-5.426071723605787
mp-1176820,unknown,unconfirmed_candidate,monoclinic,,-3.9908304169127504,2.570338197760684
mp-690561,unknown,unconfirmed_candidate,monoclinic,,5.541811404919494,-6.996586474088433
mp-1221736,unknown,unconfirmed_candidate,orthorhombic,,4.961719050784266,-6.975478338777275
mp-2217251,unknown,unconfirmed_candidate,orthorhombic,,1.8154478106603662,-5.529938511097884
mp-1177119,unknown,unconfirmed_candidate,triclinic,,-2.6216693065432857,-7.045063227201778
mp-756663,0,label0,trigonal,,-12.727172188721461,-1.0056643828177165
mp-1234502,unknown,unconfirmed_candidate,monoclinic,,-9.309816363923186,2.025939081814748
mp-4409,0,label0,cubic,,-5.7284210087403515,-1.903330214191131
mp-1521429,0,label0,cubic,,-22.86614380079179,-1.020260040552472
mp-1105542,0,label0,cubic,,-3.743369960069586,-3.210741280960791
mp-19939,0,label0,tetragonal,,3.9858590625471813,-1.6598692814417113
mp-1363993,unknown,unconfirmed_candidate,cubic,,-6.125148889772124,8.439966608328184
mp-159,0,label0,cubic,,6.5923455864802225,-0.27277867653302224
mp-1279554,unknown,unconfirmed_candidate,triclinic,,-13.230334409421538,-0.2247886454903103
mp-1184612,0,label0,cubic,,4.371965131189079,-1.0846022732804954
mp-1201415,0,label0,triclinic,,-0.7021670049224475,-6.646123081797359
mp-1147582,0,label0,tetragonal,,13.844401300519522,4.963558123704356
mp-1210913,unknown,unconfirmed_candidate,orthorhombic,,4.573594756396048,-1.9991433673306478
mp-770404,unknown,unconfirmed_candidate,monoclinic,,-1.5161337160374657,-1.966193163906409
mp-5878,0,label0,cubic,,-14.343594249504456,5.679074893839651
mp-758148,unknown,unconfirmed_candidate,orthorhombic,,0.8733767302216471,6.070605224200534
mp-2232307,unknown,unconfirmed_candidate,triclinic,,1.1434705779586594,-2.1787463550395216
mp-972061,0,label0,cubic,,4.11253491916354,5.370733098695446
mp-864789,unknown,unconfirmed_candidate,cubic,,10.655072716522268,4.766805754152394
mp-850539,unknown,unconfirmed_candidate,orthorhombic,,-6.7138046403589335,-3.4653810357911414
mp-1213017,unknown,unconfirmed_candidate,cubic,,-15.395582143227244,-3.7364331134941597
mp-1518013,0,label0,cubic,,0.8968216661442447,-0.31186238545965494
mp-1369300,unknown,unconfirmed_candidate,triclinic,,-1.7852452212918095,5.84804836371767
mp-774182,0,label0,trigonal,,1.0644717763245453,-4.601373247813049
mp-1185524,unknown,unconfirmed_candidate,orthorhombic,,6.688351739806373,-7.352978968867676
mp-2219990,unknown,unconfirmed_candidate,triclinic,,-0.7750206602431646,3.23187559685379
mp-1028354,0,label0,orthorhombic,,-3.411910200336223,-1.7596069006161432
mp-772617,unknown,unconfirmed_candidate,cubic,,-2.3417185103064497,-3.7681227913473396
mp-1225748,unknown,unconfirmed_candidate,trigonal,,-2.5387873809055606,-2.916377986600125
mp-1043299,0,label0,triclinic,,-0.8676433822203897,3.805386999388677
mp-1080357,unknown,unconfirmed_candidate,orthorhombic,,5.491653282322236,-1.6414339937275084
mp-1187326,0,label0,cubic,,3.313700310825382,6.675060677504437
mp-778187,unknown,unconfirmed_candidate,monoclinic,,-2.239084139585888,-4.789145167870778
mp-22173,0,label0,monoclinic,,-11.124960911961708,5.1588568127500345
mp-1193532,unknown,unconfirmed_candidate,cubic,,-5.312012231914206,3.3222147673251996
mp-675137,unknown,unconfirmed_candidate,trigonal,,2.9386176087247655,-5.849804874303139
mp-1183613,0,label0,cubic,,8.327568132051896,4.512236642444044
mp-1113269,0,label0,cubic,,-2.9462461654788648,0.6581466784992074
mp-754070,unknown,unconfirmed_candidate,orthorhombic,,8.156822781302582,3.617692312693066
mp-1008511,0,label0,trigonal,,15.271605252588042,-3.5458531589685123
mp-1106213,unknown,unconfirmed_candidate,monoclinic,,-3.1887827664302364,0.1577662916063005
mp-1043475,unknown,unconfirmed_candidate,orthorhombic,,-2.978902591009163,12.221556112525509
mp-650929,0,label0,monoclinic,,-5.104849891097523,-5.209583522951908
mp-772213,0,label0,orthorhombic,,-7.352234871807575,-0.7478136111033997
mp-1220852,0,label0,trigonal,,-3.073839284395735,-4.5459196219446145
mp-1386638,0,label0,triclinic,,2.853030793736334,-3.50479064894936
mp-1111694,0,label0,cubic,,0.9087246650223797,-1.9355939132586748
mp-755039,unknown,unconfirmed_candidate,orthorhombic,Fe,17.76327618168619,15.998034030943014
mp-1234339,0,label0,monoclinic,,0.8420226242033877,1.5130841652947637
mp-560231,0,label0,trigonal,,-3.101016925932573,8.110611785062378
mp-1299593,unknown,unconfirmed_candidate,triclinic,,2.8619489601740398,-5.505303949803507
mp-1076526,unknown,unconfirmed_candidate,triclinic,,-7.302190619412215,7.39455829606846
mp-1044607,0,label0,monoclinic,,-3.666319151911356,8.280757126084701
mp-581171,unknown,unconfirmed_candidate,monoclinic,,-6.245930732785922,5.756134993259419
mp-5597,0,label0,tetragonal,,16.633288428837318,7.976222843068921
mp-1046737,0,label0,triclinic,,-2.867397330488476,6.262288046797739
mp-1039435,0,label0,hexagonal,,6.9034001617093494,2.8538500073616397
mp-1044670,unknown,unconfirmed_candidate,trigonal,,5.551469555453554,-8.47394018678143
mp-554163,unknown,unconfirmed_candidate,monoclinic,,8.292138822919558,0.6163399798562494
mp-504844,unknown,unconfirmed_candidate,monoclinic,,-3.372704845506302,-2.566723571292851
mp-1301792,unknown,unconfirmed_candidate,triclinic,,4.5711428617606416,-8.013501550640838
mp-684710,unknown,unconfirmed_candidate,triclinic,,0.22777510160088,-9.573214609667698
mp-752412,unknown,unconfirmed_candidate,orthorhombic,,-0.22001218120704635,-6.492121908826421
mp-555816,unknown,unconfirmed_candidate,orthorhombic,,-9.778075895851376,-7.84998101714406
mp-9172,0,label0,orthorhombic,,4.768308862846025,-8.86667812639011
mp-4065,0,label0,tetragonal,,5.511754996201995,1.6447927342922277
mp-1365417,unknown,unconfirmed_candidate,monoclinic,,-21.092161438977634,8.355020725717619
mp-25848,unknown,unconfirmed_candidate,monoclinic,,-5.40086308767988,4.725056806571548
mp-752893,unknown,unconfirmed_candidate,monoclinic,,-3.920751723743706,6.52223951144024
mp-567932,0,label0,hexagonal,,4.8760780664663255,-4.043075014309434
mp-1178317,0,label0,monoclinic,,1.2646050083254927,0.8330011910526807
mp-562028,unknown,unconfirmed_candidate,monoclinic,,1.6037394412014017,11.076868264167192
mp-1641878,unknown,unconfirmed_candidate,triclinic,,1.1444200897528987,-4.598937472083231
mp-10648,0,label0,hexagonal,,6.666917056217709,-3.1676422755717155
mp-2228400,unknown,unconfirmed_candidate,triclinic,,-6.367258102071368,5.9422622048089515
mp-1209102,unknown,unconfirmed_candidate,monoclinic,,-6.369965736609679,-4.7201702060164905
mp-1220589,0,label0,triclinic,,4.714369896621397,-3.8599407810408
mp-1641256,unknown,unconfirmed_candidate,triclinic,,-3.918941612082353,-1.2553823312195185
mp-16905,unknown,unconfirmed_candidate,orthorhombic,,11.148905609947997,-2.4152632091705684
mp-1189612,unknown,unconfirmed_candidate,monoclinic,,4.596109810431367,-5.071840878307011
mp-782667,unknown,unconfirmed_candidate,monoclinic,,4.367662085113727,-6.284535358957587
mp-637926,unknown,unconfirmed_candidate,monoclinic,,6.5152010207989,-2.5764797306687743
mp-1087483,unknown,unconfirmed_candidate,tetragonal,,8.820172169917617,2.0740209618367302
mp-866161,0,label0,hexagonal,,-2.4330361068003477,-0.1469162824962993
mp-1036755,0,label0,tetragonal,,0.16686422864937356,-1.383318164981283
mp-778828,unknown,unconfirmed_candidate,monoclinic,,2.725495503701193,1.0498042655768636
mp-772844,unknown,unconfirmed_candidate,monoclinic,,-1.839570917735795,-2.4835417043047787
mp-780775,unknown,unconfirmed_candidate,monoclinic,,2.1524957434957415,-0.10787590853499296
mp-774433,unknown,unconfirmed_candidate,orthorhombic,,-3.5765309987273746,-2.6925843285779862
mp-1035703,0,label0,orthorhombic,,1.3321375798805093,-1.9799616534718982
mp-760595,unknown,unconfirmed_candidate,monoclinic,,4.5410510548054255,-2.1961201868037747
mp-1245862,0,label0,monoclinic,,0.41016702537792327,-3.858136144600836
mp-1211950,0,label0,trigonal,,-14.176697415463977,4.362919387815634
mp-759776,unknown,unconfirmed_candidate,hexagonal,,2.625039957081743,-4.325702414117957
mp-1215665,0,label0,trigonal,,16.5887868090973,-1.5744651148384232
mp-1106152,unknown,unconfirmed_candidate,hexagonal,,9.128608927316531,-0.3659978265155779
mp-1198880,unknown,unconfirmed_candidate,orthorhombic,,3.6415722823967513,-4.0605992319694835
mp-778700,unknown,unconfirmed_candidate,orthorhombic,,-2.889191329335503,1.51567025887978
mp-757557,unknown,unconfirmed_candidate,triclinic,,-4.181672720446603,-2.2476429742451636
mp-1194573,0,label0,tetragonal,,-1.7223219110632435,-2.1479103391543735
mp-1345547,unknown,unconfirmed_candidate,monoclinic,,-0.2690824130401097,2.519207134726841
mp-1211514,unknown,unconfirmed_candidate,tetragonal,,-11.726140941917457,6.833580804104852
mp-753879,unknown,unconfirmed_candidate,monoclinic,,8.102794865167022,-1.2011669982085031
mp-773190,unknown,unconfirmed_candidate,monoclinic,,-5.4600678796951385,0.9642708400543896
mp-1147586,unknown,unconfirmed_candidate,tetragonal,,10.576912333239745,-4.156782523482104
mp-777406,0,label0,triclinic,,-7.06490085681363,-2.975490535731222
mp-769529,unknown,unconfirmed_candidate,triclinic,,-3.215359250171552,-0.9970903446376802
mp-1293636,unknown,unconfirmed_candidate,monoclinic,,5.784434826525631,-7.256112066142432
mp-1226708,0,label0,trigonal,,11.246541496096167,-1.1233528090564384
mp-2714936,0,label0,trigonal,,-0.343571443349326,-2.7113769645472168
mp-1228148,unknown,unconfirmed_candidate,monoclinic,,-2.384273502653226,12.662286870191611
mp-1079035,0,label0,hexagonal,,5.174918564627394,-0.5161304502978261
mp-1112910,0,label0,cubic,,6.300020103755431,-3.6635806094254466
mp-1187284,unknown,unconfirmed_candidate,orthorhombic,,14.047831999727848,3.865194698176534
mp-1200053,unknown,unconfirmed_candidate,orthorhombic,,15.99502485098552,2.1356532208751204
mp-555063,unknown,unconfirmed_candidate,triclinic,,-2.7204011869495233,-2.5691603221176607
mp-757524,unknown,unconfirmed_candidate,triclinic,,8.60528139817858,7.444646198769206
mp-1215508,0,label0,tetragonal,,-2.200296387711713,-1.7211644203504015
mp-919,0,label0,cubic,,7.669509779558934,-1.1325687194183907
mp-759010,unknown,unconfirmed_candidate,triclinic,,-7.013800961642325,-0.5842588275763418
mp-1046983,0,label0,monoclinic,,-11.163654310168688,-9.483519541499824
mp-19517,unknown,unconfirmed_candidate,orthorhombic,,-8.784735040994367,3.147110991743716
mp-776361,unknown,unconfirmed_candidate,triclinic,,9.334868361812296,2.428521656889039
mp-1015,unknown,unconfirmed_candidate,hexagonal,,15.44711505500055,-4.1816396553746955
mp-1199668,unknown,unconfirmed_candidate,tetragonal,,-3.097722349992278,-5.585000298358864
mp-568782,0,label0,monoclinic,,0.19031419321517618,0.8121680144099273
mp-1043243,unknown,unconfirmed_candidate,monoclinic,,-4.8667732463018005,7.246253649132704
mp-1180744,unknown,unconfirmed_candidate,monoclinic,,-2.20263526482443,-5.453417278788139
mp-1036764,0,label0,tetragonal,,2.1054201813186033,-1.5851610608599191
mp-1208379,unknown,unconfirmed_candidate,monoclinic,,-12.529553832938525,-9.298097523099678
mp-756253,unknown,unconfirmed_candidate,monoclinic,,4.830677213194994,-7.367289898042035
mp-18487,unknown,unconfirmed_candidate,monoclinic,,-3.108226048463802,-3.809775449664073
mp-20990,0,label0,cubic,,5.26844282772128,2.0370414638328427
mp-771145,unknown,unconfirmed_candidate,monoclinic,,-6.677312198688718,0.6983751343970752
mp-4434,unknown,unconfirmed_candidate,orthorhombic,,-13.073014142579787,-1.198487236232907
mp-2240729,0,label0,monoclinic,,5.731605689937727,-3.2665336149780373
mp-24071,unknown,unconfirmed_candidate,monoclinic,,-8.130370306653905,-3.9314377927010025
mp-1209933,0,label0,tetragonal,,-4.857862221645959,0.7405017574220061
mp-759107,unknown,unconfirmed_candidate,cubic,,-9.310558410887591,14.907273454721707
mp-758540,unknown,unconfirmed_candidate,monoclinic,,-0.3256446736650531,-1.9963252352915521
mp-1521811,0,label0,cubic,,5.378890231412067,-1.0965723141348391
mp-651997,unknown,unconfirmed_candidate,monoclinic,,-14.668256718263088,12.140249000782514
mp-1227731,0,label0,tetragonal,,-4.814290349879986,21.178661084287302
mp-26399,0,label0,monoclinic,,-0.43058190476616076,-5.139266965232265
mp-1232139,0,label0,monoclinic,,0.3156142276485525,-8.061299649511051
mp-1214718,unknown,unconfirmed_candidate,hexagonal,,-4.316308027014053,-1.845879149544169
mp-1205691,0,label0,cubic,,-6.740432654076351,-2.7213160708059387
mp-759875,unknown,unconfirmed_candidate,monoclinic,,1.3474074785718706,1.596569667102365
mp-1214385,0,label0,monoclinic,,-2.7268578558307865,6.616392218264739
mp-1177798,unknown,unconfirmed_candidate,orthorhombic,,-13.353516432869895,5.869207335115313
mp-1173207,unknown,unconfirmed_candidate,triclinic,,7.761736358823258,8.484551409453779
mp-13447,0,label0,monoclinic,,-6.187926246162,-0.7185850754427143
mp-1044564,0,label0,monoclinic,,-2.6498342972677875,13.770311501662231
mp-1245275,unknown,unconfirmed_candidate,triclinic,,-24.72318756375234,2.317576582204204
mp-759422,0,label0,monoclinic,,2.4065339927973035,0.3790476202776816
mp-684783,unknown,unconfirmed_candidate,monoclinic,,5.0606893003219415,1.6037526784380738
mp-7543,0,label0,trigonal,,-11.99481407276566,3.7844147666468864
mp-30311,unknown,unconfirmed_candidate,tetragonal,,-0.6809146309284095,-2.7595765729355257
mp-1275970,unknown,unconfirmed_candidate,tetragonal,,-6.12820734863789,1.8268176125712259
mp-1186947,0,label0,cubic,,5.600804414900017,-3.012298983905197
mp-777386,unknown,unconfirmed_candidate,tetragonal,,9.016077995000492,10.902238263730151
mp-1217668,unknown,unconfirmed_candidate,orthorhombic,,-8.93889705106955,5.468596317239399
mp-1147696,0,label0,triclinic,,4.670587308162405,-4.727392840815426
mp-1267366,0,label0,triclinic,,-4.8553024139829475,0.8886550669608191
mp-20444,0,label0,orthorhombic,,8.159353937317496,-2.124251608834527
mp-1214428,unknown,unconfirmed_candidate,tetragonal,,0.9683635816957796,10.324042172691847
mp-1390701,unknown,unconfirmed_candidate,cubic,,0.5074198542314399,0.08556808214190781
mp-1018823,0,label0,tetragonal,,5.826480529058985,-3.421437629339165
mp-772498,unknown,unconfirmed_candidate,triclinic,,-2.750373938066385,-2.3769585539402858
mp-20948,unknown,unconfirmed_candidate,orthorhombic,,8.707710113585918,-1.8013773941254065
mp-1044928,unknown,unconfirmed_candidate,orthorhombic,Cr,-0.264278272399622,-1.9183298869214056
mp-1272749,unknown,unconfirmed_candidate,monoclinic,,-9.372787391353384,-7.3833605399264535
mp-973933,unknown,unconfirmed_candidate,hexagonal,,8.598495485195402,-3.2297815183996814
mp-1102484,0,label0,orthorhombic,,-5.662043923158482,-4.310296376440402
mp-1183120,0,label0,cubic,,12.299917819459786,-2.5300186046561475
mp-756051,unknown,unconfirmed_candidate,orthorhombic,,19.693298986267262,20.75378971221397
mp-774506,unknown,unconfirmed_candidate,monoclinic,,-3.822170983499042,5.325436121477448
mp-849240,unknown,unconfirmed_candidate,monoclinic,,-5.184276199091904,0.37807000390724355
mp-1022109,0,label0,orthorhombic,,3.0540688083130547,-3.1473791536468223
mp-765739,unknown,unconfirmed_candidate,monoclinic,,19.74893992415131,15.699855723789039
mp-1028070,0,label0,orthorhombic,,-3.129733090610536,-3.1941641750085736
mp-755361,0,label0,monoclinic,,-3.746283482395551,-3.888553241892458
mp-1209259,0,label0,trigonal,,-10.856046178823547,-5.6771069628918855
mp-862865,unknown,unconfirmed_candidate,hexagonal,,-0.09002487576284324,1.9113712379367023
mp-770213,0,label0,triclinic,,-1.4218901189570907,-3.9238134308499326
mp-1211593,unknown,unconfirmed_candidate,monoclinic,,-4.884796779782295,-1.6745658545253903
mp-1251643,unknown,unconfirmed_candidate,triclinic,V,-21.63613762342856,13.523996629739038
mp-1105163,unknown,unconfirmed_candidate,orthorhombic,,6.066314108234854,-3.2416052679059746
mp-18206,unknown,unconfirmed_candidate,hexagonal,,8.303167159001266,-5.1719662071017805
mp-505186,unknown,unconfirmed_candidate,tetragonal,,-7.62873953065073,6.5899493898505845
mp-1112784,0,label0,cubic,,-4.587606050719359,0.7237000070120061
mp-1233300,unknown,unconfirmed_candidate,triclinic,,4.3320458928994,7.028209419744734
mp-707483,unknown,unconfirmed_candidate,monoclinic,,-0.9880784592148935,-2.570893316472109
mp-21888,0,label0,cubic,,4.554642775983988,-0.04075525649219358
mp-695227,0,label0,triclinic,,-10.359367570202597,-1.4090274318143372
mp-1213629,unknown,unconfirmed_candidate,cubic,,-11.039875391450508,-10.456411510579088
mp-1102613,unknown,unconfirmed_candidate,orthorhombic,,1.383250193825475,0.9061214545945475
mp-754092,unknown,unconfirmed_candidate,orthorhombic,,-0.7158872290470875,-3.0796640275137896
mp-756035,unknown,unconfirmed_candidate,monoclinic,,-3.6936221423963005,-8.163233800156647
mp-1186091,0,label0,tetragonal,,7.444354826787409,-2.593938926704517
mp-1045930,0,label0,monoclinic,,-1.4922649482833101,-6.077478094142926
mp-752956,0,label0,monoclinic,,0.6022356910920124,7.194809717872253
mp-1214103,unknown,unconfirmed_candidate,monoclinic,,-6.3747323998402905,-0.6849074353326436
mp-556185,0,label0,monoclinic,,-8.469867068304147,-2.7176940807202303
mp-2232700,0,label0,monoclinic,,-1.6744619179358473,-4.741370555446032
mp-771006,unknown,unconfirmed_candidate,triclinic,,-6.768806692905969,-1.1303254365588025
mp-746355,0,label0,monoclinic,,2.792685099417362,-0.6585643771401593
mp-22020,unknown,unconfirmed_candidate,monoclinic,,-2.73966056132236,25.7624944487871
mp-8584,0,label0,trigonal,,8.62172155411283,-5.085592669550353
mp-1223271,0,label0,hexagonal,,11.085622646632816,4.19360778560803
mp-20852,1,label1,orthorhombic,Mn;Nd,5.946917259684607,-5.3390748455491845
mp-714931,unknown,unconfirmed_candidate,triclinic,,-17.904208229931008,10.646711693990312
mp-761254,unknown,unconfirmed_candidate,triclinic,,0.6391792809171086,-5.957566583793273
mp-1368992,unknown,unconfirmed_candidate,orthorhombic,,-15.80413971562244,5.797777835387805
mp-1209587,unknown,unconfirmed_candidate,orthorhombic,,-0.5856767957101212,-7.928204077032701
mp-1025445,0,label0,tetragonal,,-0.1062404353183446,-1.9905028761773877
mp-754830,unknown,unconfirmed_candidate,triclinic,,10.539526092154347,1.7698992841928423
mp-759415,unknown,unconfirmed_candidate,monoclinic,,8.125822825017742,1.924879913955202
mp-1104222,unknown,unconfirmed_candidate,tetragonal,,19.915516716285396,1.9355572539828465
mp-1224559,0,label0,monoclinic,,6.609273622146075,-2.4038578799259938
mp-1252036,unknown,unconfirmed_candidate,monoclinic,,-5.013287891197169,8.0313795893023
mp-753667,0,label0,trigonal,,-9.117477928695504,1.1672695970506552
mp-759298,unknown,unconfirmed_candidate,monoclinic,,-3.796729580056496,0.5481064341984947
mp-982729,unknown,unconfirmed_candidate,hexagonal,,7.0725842028744275,5.110317943982157
mp-758348,unknown,unconfirmed_candidate,triclinic,,-11.65106654314576,-3.6208205907475595
mp-1203325,unknown,unconfirmed_candidate,orthorhombic,,-7.139738109963538,-5.992441066388661
mp-1178941,unknown,unconfirmed_candidate,orthorhombic,,-5.3125011052360485,-8.682451498735757
mp-1026669,0,label0,orthorhombic,,-4.713139144019706,3.319718641286755
mp-22052,0,label0,cubic,,5.074957228908644,-8.83650704392332
mp-2231164,unknown,unconfirmed_candidate,monoclinic,,-2.909644032734974,8.27440294605034
mp-753341,unknown,unconfirmed_candidate,monoclinic,,5.160531048280953,-1.1315681166843703
mp-1197371,unknown,unconfirmed_candidate,tetragonal,,-10.044118996763231,-4.9577330796914385
mp-16594,unknown,unconfirmed_candidate,hexagonal,,-2.5415676897881205,-2.0990564835529053
mp-1106158,unknown,unconfirmed_candidate,orthorhombic,,3.9078714301535946,-0.3848012772268099
mp-562833,unknown,unconfirmed_candidate,triclinic,,-13.482633299124437,9.237441953936916
mp-1218896,0,label0,tetragonal,,6.102821357032182,7.567261200064898
mp-558674,0,label0,cubic,,-6.81817422830699,3.5378772788600656
mp-768095,unknown,unconfirmed_candidate,triclinic,,-10.143957902499139,3.278243387021174
mp-1186758,0,label0,cubic,,-8.699209565848822,-4.357880646663901
mp-1202182,unknown,unconfirmed_candidate,trigonal,,-3.5363557637443606,-3.0375457822259175
mp-10280,0,label0,cubic,,1.2309059022953228,-2.670255264542
mp-1185567,0,label0,monoclinic,,10.135800926751594,-4.420042123974994
mp-560341,unknown,unconfirmed_candidate,triclinic,,11.382704551558884,2.467297123664011
mp-2712530,0,label0,triclinic,,-1.9435055312403904,-5.928529114563588
mp-7237,0,label0,monoclinic,,8.831382573794007,-1.8074475421471785
mp-760939,unknown,unconfirmed_candidate,triclinic,,8.98624594547928,-1.4661461681681196
mp-971853,0,label0,cubic,,-15.157015760994788,1.86539146558286
mp-2218111,0,label0,triclinic,,-7.3928058546268005,-7.019814902227022
mp-870306,unknown,unconfirmed_candidate,monoclinic,,-16.07259940521233,-2.4238951808232887
mp-1234271,unknown,unconfirmed_candidate,triclinic,,6.124574985941013,4.253355063876089
mp-1007881,0,label0,orthorhombic,,7.547397414159192,9.849403596031369
mp-1207090,0,label0,tetragonal,,6.461142947691364,-3.0266774569537898
mp-1344053,unknown,unconfirmed_candidate,orthorhombic,,-12.91505440780007,-7.179147577446841
mp-728069,unknown,unconfirmed_candidate,monoclinic,,-5.889822934311216,0.7392948813551179
mp-1222241,unknown,unconfirmed_candidate,orthorhombic,,-1.510417457256974,-4.386465139076302
mp-1096111,0,label0,orthorhombic,,4.2069103028916786,-5.26777406623766
mp-763878,unknown,unconfirmed_candidate,monoclinic,,-10.538092894692205,7.075675225180383
mp-1216636,unknown,unconfirmed_candidate,orthorhombic,,1.4879715701959348,-0.6775966248161005
mp-1224060,0,label0,trigonal,,2.728771136727566,-6.529945566700226
mp-771281,unknown,unconfirmed_candidate,monoclinic,,-1.4655775923118206,0.6075187945572189
mp-776462,unknown,unconfirmed_candidate,monoclinic,,5.509786547953283,-2.343058413609606
mp-559462,unknown,unconfirmed_candidate,monoclinic,,4.61374098371593,0.052530667844969514
mp-559737,unknown,unconfirmed_candidate,hexagonal,,-9.531890578638336,12.607321884452965
mp-1176538,unknown,unconfirmed_candidate,monoclinic,,-8.101291753490997,4.995163793337774
mp-669410,unknown,unconfirmed_candidate,tetragonal,,5.466457267237697,-3.71838370131805
mp-1202328,unknown,unconfirmed_candidate,monoclinic,,-16.064959278694786,7.119623802918483
mp-1022038,unknown,unconfirmed_candidate,orthorhombic,,-0.9568401730857836,-3.0828806953314896
mp-758637,unknown,unconfirmed_candidate,monoclinic,,2.348905688678162,-7.652222966523745
mp-554726,unknown,unconfirmed_candidate,monoclinic,,-1.0459673176300868,-3.539876527008154
mp-864892,0,label0,cubic,,0.17303346288333898,-2.957293875445078
mp-756652,unknown,unconfirmed_candidate,triclinic,,-3.8807342826007236,-1.3951478977424348
mp-21206,0,label0,cubic,,-5.94762903847333,14.931131660712158
mp-542742,unknown,unconfirmed_candidate,monoclinic,,-2.3854200724281327,-3.7879854700132345
mp-1280914,unknown,unconfirmed_candidate,monoclinic,,6.099286812045291,-7.48457915562096
mp-1227917,0,label0,tetragonal,,-2.2630553527931845,0.18418242212401026
mp-756371,unknown,unconfirmed_candidate,trigonal,,-9.323240777931169,-1.2982027791222475
mp-530428,unknown,unconfirmed_candidate,triclinic,,-3.4117718378323367,19.684748982994247
mp-1111503,0,label0,cubic,,7.971817003763244,-5.509881524919502
mp-1095627,0,label0,orthorhombic,,-15.929444204213816,-1.0201305026020293
mp-17661,0,label0,monoclinic,,0.9907710135945678,-2.2814980230780737
mp-29045,unknown,unconfirmed_candidate,monoclinic,,-13.590962735753124,0.147009383037922
mp-1218119,0,label0,monoclinic,,13.735195951577502,6.860410919922536
mp-2228381,unknown,unconfirmed_candidate,triclinic,,-3.47780193832126,3.879887023490536
mp-1033996,0,label0,tetragonal,,0.5534968401741054,-1.4674245612484462
mp-753861,unknown,unconfirmed_candidate,tetragonal,,-4.741619899693248,-0.9683806195251776
mp-5881,unknown,unconfirmed_candidate,orthorhombic,,5.372850908952927,0.22484145341922002
mp-11178,0,label0,trigonal,,5.0799364488983105,0.6955570962394297
mp-779530,unknown,unconfirmed_candidate,triclinic,,0.6088636806592618,-4.930642101082865
mp-865165,unknown,unconfirmed_candidate,cubic,,5.947033546547971,-3.553659178881345
mp-850924,unknown,unconfirmed_candidate,triclinic,,1.0503429154521733,-5.142281417341302
mp-2714196,0,label0,triclinic,,-2.154529024339663,-6.0043814362886
mp-1222704,0,label0,trigonal,,4.938997679675408,-2.590072265394145
mp-704189,unknown,unconfirmed_candidate,monoclinic,,-1.2274025258777712,0.11637764468160228
mp-1227521,0,label0,trigonal,,10.244727316525216,-5.29127389020001
mp-1190312,unknown,unconfirmed_candidate,hexagonal,,9.776778046928719,-1.6812789744164611
mp-972384,unknown,unconfirmed_candidate,monoclinic,,-14.794653157338097,-6.777639202593649
mp-1099326,0,label0,orthorhombic,,-5.1474478554829055,3.260726756143633
mp-1226058,unknown,unconfirmed_candidate,tetragonal,,9.539018329701804,-2.5886926151442182
mp-2712709,unknown,unconfirmed_candidate,monoclinic,,-1.031189536683101,-4.049922206165665
mp-851516,0,label0,triclinic,,-3.2831829795005376,-5.619599416652651
mp-2230227,unknown,unconfirmed_candidate,triclinic,,-7.64410378245784,3.8657974019163674
mp-2215935,0,label0,monoclinic,,-7.361008050931659,13.104059998431556
mp-1033898,0,label0,orthorhombic,,1.0163240363982915,-1.58952245707132
mp-779485,unknown,unconfirmed_candidate,monoclinic,,-4.535125824829699,-3.920309029572927
mp-758897,unknown,unconfirmed_candidate,monoclinic,,3.3521527855270428,-2.265681971984817
mp-20779,0,label0,tetragonal,,8.248275569945173,-0.4260039664175679
mp-1516760,0,label0,cubic,,3.29308018766044,-4.661147423288215
mp-763299,unknown,unconfirmed_candidate,orthorhombic,,15.873306799584064,12.569434282418317
mp-1227659,unknown,unconfirmed_candidate,orthorhombic,Mn,6.473822907815187,-4.462792765256111
mp-1079944,unknown,unconfirmed_candidate,tetragonal,,8.401058430117304,-1.4959840174458439
mp-1103635,unknown,unconfirmed_candidate,tetragonal,,15.888967399795401,2.831718753614762
mp-555099,unknown,unconfirmed_candidate,orthorhombic,,-10.192080360404784,-1.2049874119786637
mp-704220,unknown,unconfirmed_candidate,trigonal,,-12.744226066541465,-1.5371102889269181
mp-1184856,0,label0,cubic,,5.117015262950915,1.5260323343800408
mp-19146,unknown,unconfirmed_candidate,monoclinic,,-9.285112825895418,-6.299923660084151
mp-1326076,unknown,unconfirmed_candidate,cubic,Mn,6.5800155813015735,-2.7687677005035383
mp-1184187,unknown,unconfirmed_candidate,tetragonal,,-2.845815607002944,-2.450036907153077
mp-1178774,unknown,unconfirmed_candidate,triclinic,,-3.3723060470378705,0.2786247663447128
mp-532767,unknown,unconfirmed_candidate,cubic,,12.308360003764154,0.7204803901578956
mp-2230567,unknown,unconfirmed_candidate,tetragonal,,-12.733838460881522,-1.085967253970427
mp-1234918,unknown,unconfirmed_candidate,triclinic,,-13.632731747184252,-5.136012447300079
mp-1403,unknown,unconfirmed_candidate,orthorhombic,,1.2874346126334864,-6.22268801950915
mp-1221167,0,label0,monoclinic,,-0.5956290344624833,-4.121821131198004
mp-16267,unknown,unconfirmed_candidate,cubic,,3.3852785386476203,-6.462933622641698
mp-2210703,0,label0,orthorhombic,,7.517618722843823,0.4175296082882909
mp-1022625,unknown,unconfirmed_candidate,orthorhombic,,9.771793938519409,-5.043048792719544
mp-1094154,unknown,unconfirmed_candidate,monoclinic,,3.4801446490049948,2.333986308960718
mp-757582,unknown,unconfirmed_candidate,orthorhombic,,-5.189717576568469,-1.7601187272908572
mp-1196610,unknown,unconfirmed_candidate,orthorhombic,,1.3947877098369759,1.4809254030007786
mp-756771,0,label0,triclinic,,2.8667789818947433,4.627181234508555
mp-1045354,unknown,unconfirmed_candidate,tetragonal,,-2.0884564191857535,-2.069458072229038
mp-1208912,unknown,unconfirmed_candidate,monoclinic,,-11.906197630506615,-6.6229893162829665
mp-1042106,unknown,unconfirmed_candidate,tetragonal,,-4.797804813831057,0.8416723938164097
mp-865787,0,label0,cubic,,4.253266898209555,0.07228081843294731
mp-1216453,unknown,unconfirmed_candidate,cubic,,9.620905573212825,1.224235559188152
mp-555471,unknown,unconfirmed_candidate,monoclinic,,-15.307843492678913,-2.309735848572087
mp-24200,unknown,unconfirmed_candidate,orthorhombic,,-7.594782766163732,-1.8576192380125196
mp-1103964,unknown,unconfirmed_candidate,monoclinic,,8.720919198772435,3.374317449643673
mp-1228523,unknown,unconfirmed_candidate,orthorhombic,,-5.7009335736802775,-8.521419337605353
mp-1096149,0,label0,orthorhombic,,-4.610750783349474,-0.12652397378153069
mp-1023302,unknown,unconfirmed_candidate,orthorhombic,,-5.793682967781681,0.015411119600372558
mp-766393,0,label0,monoclinic,,-4.792144756564614,-5.371544773285374
mp-776732,0,label0,trigonal,,4.128472916061128,6.829552935786932
mp-1234725,0,label0,monoclinic,,-4.5253260708719765,-7.306108613385868
mp-616555,0,label0,monoclinic,,5.923997022905494,5.794499992542821
mp-1096251,0,label0,orthorhombic,,8.280183183068335,-3.3593177599128072
mp-1212640,unknown,unconfirmed_candidate,hexagonal,,-0.7226014890275358,-6.322368965172323
mp-776601,unknown,unconfirmed_candidate,monoclinic,,-7.65349851173443,3.406628275582751
mp-1201338,unknown,unconfirmed_candidate,monoclinic,,-16.105060020416822,-2.8690350222313636
mp-1642906,unknown,unconfirmed_candidate,triclinic,,3.0242302290141296,-7.278911746994126
mp-1157332,unknown,unconfirmed_candidate,cubic,,-16.24749898251084,4.524788276364717
mp-1097076,0,label0,orthorhombic,,0.8062323340323729,-1.2058108786317945
mp-488,unknown,unconfirmed_candidate,hexagonal,,0.13271850066679036,-4.769996148969794
mp-1031245,0,label0,tetragonal,,-3.2133078399722415,-0.2408155580330984
mp-1097530,0,label0,orthorhombic,,-8.91651982697196,0.8782182335136319
mp-1258376,unknown,unconfirmed_candidate,tetragonal,,-29.54781495897381,12.915058382938216
mp-744713,unknown,unconfirmed_candidate,tetragonal,,-3.6235180105606553,-1.9940087662544972
mp-2220580,unknown,unconfirmed_candidate,triclinic,,-2.140240924615174,18.41681893049378
mp-555540,unknown,unconfirmed_candidate,monoclinic,,-1.3625989705243988,-2.382993985869719
mp-2230963,unknown,unconfirmed_candidate,triclinic,,0.5319538862440538,-3.473151173206661
mp-778107,unknown,unconfirmed_candidate,triclinic,,7.671982773466713,2.0291515011266625
mp-1345659,unknown,unconfirmed_candidate,monoclinic,,-9.576388884972495,0.13630497636559014
mp-1274267,unknown,unconfirmed_candidate,monoclinic,,0.5241686200382105,-1.5720014322150178
mp-752566,0,label0,triclinic,,-11.694911637631968,2.2963500771111214
mp-1188785,0,label0,tetragonal,,7.065823067137529,-2.2788627143655695
mp-1099574,unknown,unconfirmed_candidate,triclinic,,5.515943323965269,-2.650002928309245
mp-1068639,0,label0,tetragonal,,9.13448025072717,3.4926800835977403
mp-26967,unknown,unconfirmed_candidate,orthorhombic,,-10.052465726707087,2.186028944257611
mp-1093967,0,label0,orthorhombic,,4.30402607099459,-4.390027690371918
mp-1216945,0,label0,tetragonal,,1.241048123671849,1.9263752041779334
mp-1567719,unknown,unconfirmed_candidate,triclinic,,-4.363046214641518,-4.43826442176667
mp-1233349,unknown,unconfirmed_candidate,triclinic,,-3.329752956453717,-8.175724709675746
mp-1205182,unknown,unconfirmed_candidate,monoclinic,,9.181617431250677,4.857999121394393
mp-698414,unknown,unconfirmed_candidate,triclinic,,-2.610078385204954,-3.4875259614024063
mp-2715889,unknown,unconfirmed_candidate,triclinic,,-2.661939689736524,-6.270668218924952
mp-1355687,unknown,unconfirmed_candidate,triclinic,,2.089036352564282,-8.814832237001092
mp-1220806,0,label0,trigonal,,9.04395306824348,-5.640984282440105
mp-1176731,unknown,unconfirmed_candidate,monoclinic,,-1.7346108876940818,16.43432825018576
mp-1220205,0,label0,trigonal,,0.24614112413393485,-7.166451867807906
mp-756811,0,label0,orthorhombic,,7.132583788834786,-5.285231463195311
mp-4720,unknown,unconfirmed_candidate,hexagonal,,7.175493763158578,-2.40812420320613
mp-1096757,0,label0,orthorhombic,,5.4626771415659,-2.0997607282588895
mp-1213865,0,label0,monoclinic,,0.5486485567804813,-4.131943844732858
mp-1176437,unknown,unconfirmed_candidate,orthorhombic,,-0.9626511202474966,-5.817130307590213
mp-504619,unknown,unconfirmed_candidate,cubic,,15.132140447626519,0.4122799993299715
mp-1078939,unknown,unconfirmed_candidate,orthorhombic,,3.111796119676658,-4.573001053879496
mp-2716395,unknown,unconfirmed_candidate,triclinic,,-0.9184119187245372,-5.23767027525486
mp-1246083,unknown,unconfirmed_candidate,triclinic,,3.244110275255787,-0.5662585761496963
mp-1207934,0,label0,cubic,,-1.9281487104274646,-2.6684150640975517
mp-5948,0,label0,tetragonal,,3.0419298817537843,0.15051224570137478
mp-1194303,unknown,unconfirmed_candidate,monoclinic,,-6.02467105090826,-3.957495559776815
mp-3084,unknown,unconfirmed_candidate,hexagonal,,10.234260008338396,-5.11314807122033
mp-1198224,unknown,unconfirmed_candidate,monoclinic,,-6.444766083740944,-8.499875267644441
mp-1237948,0,label0,monoclinic,,3.0100583622594357,-3.3273133718161354
mp-1097324,0,label0,orthorhombic,,5.228341911753526,-0.7682048990975794
mp-559112,unknown,unconfirmed_candidate,tetragonal,,-1.8476155149060745,-0.5147647568768825
mp-567624,0,label0,monoclinic,,2.2692245136085667,-0.2820716700583077
mp-2229168,unknown,unconfirmed_candidate,monoclinic,,-2.8983023351767514,4.312646068095233
mp-639160,unknown,unconfirmed_candidate,tetragonal,,8.302472212664563,3.1121262532456555
mp-19184,unknown,unconfirmed_candidate,cubic,,-1.3372953370047576,9.146633950255417
mp-772871,0,label0,monoclinic,,-4.505789342391658,-3.176965868208706
mp-867213,0,label0,cubic,,11.242059787308527,10.009608531825489
mp-976763,0,label0,cubic,,2.5505035646992695,5.637082707595042
mp-2228435,0,label0,triclinic,,-8.364281883476384,3.8070830446598123
mp-1194132,unknown,unconfirmed_candidate,orthorhombic,,1.4110483965251177,-4.49716008125756
mp-559134,unknown,unconfirmed_candidate,trigonal,,1.9799118264661963,-2.969261993792074
mp-777961,unknown,unconfirmed_candidate,orthorhombic,,-3.3893142678373316,-5.740470971999962
mp-759304,unknown,unconfirmed_candidate,triclinic,,1.1973714987596544,-6.244698542631596
mp-12760,0,label0,hexagonal,,17.61468785525598,-0.7596034683175716
mp-2714037,0,label0,trigonal,,-0.413180664031362,-6.684125040693191
mp-1245366,unknown,unconfirmed_candidate,cubic,,3.9077671510060465,-4.865276668734422
mp-1208269,unknown,unconfirmed_candidate,monoclinic,,-0.8042741789187495,6.9205716448073815
mp-1215441,0,label0,cubic,,-5.730633264612539,-0.7158194698727414
mp-1207466,unknown,unconfirmed_candidate,orthorhombic,,3.578689281279823,-4.72219436287236
mp-1289193,unknown,unconfirmed_candidate,monoclinic,,-5.579155545202866,-0.08210596811384718
mp-554530,unknown,unconfirmed_candidate,orthorhombic,,0.19790105266043767,-5.975576468968725
mp-1096954,unknown,unconfirmed_candidate,cubic,,9.350173130337645,14.169424987416598
mp-8425,0,label0,trigonal,,2.3546366197336717,-6.716801144018929
mp-772942,unknown,unconfirmed_candidate,triclinic,,2.887080138643686,-5.134063367250258
mp-779334,unknown,unconfirmed_candidate,triclinic,,12.190436878479025,7.354392022929396
mp-1103226,unknown,unconfirmed_candidate,monoclinic,,5.41725515381626,-4.665775528070316
mp-760072,unknown,unconfirmed_candidate,monoclinic,Mn,6.62450127892755,-5.377363329579087
mp-3826,0,label0,tetragonal,,1.419993708901103,0.9070366136325987
mp-555761,unknown,unconfirmed_candidate,triclinic,,-6.774090826119902,-10.239334995213552
mp-866026,0,label0,cubic,,16.459556246721025,7.549112157791274
mp-2241022,unknown,unconfirmed_candidate,monoclinic,,-12.37180864465807,7.890150634115209
mp-1206773,0,label0,cubic,,5.190151581049893,0.47646676471527627
mp-1208981,0,label0,cubic,,-2.2392491999512494,-1.2678134232297786
mp-2230572,unknown,unconfirmed_candidate,triclinic,,8.582772903655814,5.571548279107397
mp-567999,0,label0,tetragonal,,1.31500181278901,5.874310203516465
mp-985705,unknown,unconfirmed_candidate,orthorhombic,,6.409851465256054,-1.9389232122224396
mp-983565,unknown,unconfirmed_candidate,tetragonal,,-5.281380519347426,0.888105165527211
mp-1521505,unknown,unconfirmed_candidate,orthorhombic,,-15.798452740776732,-4.825021724028405
mp-1522506,0,label0,triclinic,,-13.263961527305334,-4.519898212273027
mp-799579,0,label0,triclinic,,6.946429428066477,10.298581250156147
mp-3879,unknown,unconfirmed_candidate,orthorhombic,,7.640952471276778,2.1462555506980756
mp-555112,unknown,unconfirmed_candidate,monoclinic,,-7.229881794718434,-0.3765195769972429
mp-770430,unknown,unconfirmed_candidate,orthorhombic,,-7.319218873981626,-6.699779213094605
mp-757791,0,label0,monoclinic,,-4.194039722223675,-3.584332387723183
mp-19185,unknown,unconfirmed_candidate,orthorhombic,,-9.86052230939421,11.054056280764986
mp-1203837,0,label0,triclinic,,0.12069729496018766,-3.2164938453774514
mp-755871,unknown,unconfirmed_candidate,triclinic,,12.00533953263344,12.217348708771297
mp-1192172,unknown,unconfirmed_candidate,monoclinic,,4.187933081933231,-4.868746261891282
mp-766994,unknown,unconfirmed_candidate,triclinic,,-4.312279851394717,-5.914073981409459
mp-1188213,unknown,unconfirmed_candidate,orthorhombic,,-2.235729209836922,-5.453584853656579
mp-1213317,unknown,unconfirmed_candidate,orthorhombic,,8.649497447766372,1.8318995516586476
mp-780800,unknown,unconfirmed_candidate,triclinic,,18.24010631977491,14.609164183766545
mp-1219095,0,label0,orthorhombic,,-2.3541648543208424,1.946427860573742
mp-1095895,0,label0,orthorhombic,,6.245466022828943,-4.248090109091073
mp-973653,0,label0,cubic,,5.9839777165542465,-0.7999904886564089
mp-1218939,0,label0,monoclinic,,-12.740102015725341,1.0763039012435982
mp-1186078,0,label0,hexagonal,,7.6652573915102735,-6.104298743651203
mp-2227379,0,label0,tetragonal,,14.124827664276044,5.814299865304104
mp-23497,unknown,unconfirmed_candidate,orthorhombic,,-6.525167699888854,-0.46388095678365815
mp-754790,unknown,unconfirmed_candidate,monoclinic,,7.13960005855332,0.4578749709999812
mp-1104485,unknown,unconfirmed_candidate,orthorhombic,,8.782806110860838,7.686730450753302
mp-1188928,0,label0,monoclinic,,9.838740736100084,-6.885044732940269
mp-861883,0,label0,cubic,,10.682821924753723,-2.4260491779229465
mp-1191990,unknown,unconfirmed_candidate,orthorhombic,,-19.722795439970653,0.8399508610125572
mp-1048946,unknown,unconfirmed_candidate,trigonal,,-7.961789756805484,3.597539315483772
mp-758640,0,label0,triclinic,,-4.363744607901975,-4.043606443849576
mp-1101803,unknown,unconfirmed_candidate,orthorhombic,,-5.49643641745433,7.686177201314361
mp-734925,unknown,unconfirmed_candidate,cubic,,4.2848896679062545,-2.691338405972564
mp-1351504,0,label0,triclinic,,-3.9550552650328683,-0.6269540289090187
mp-1077470,unknown,unconfirmed_candidate,tetragonal,,13.758411811740576,6.508124617532349
mp-850876,unknown,unconfirmed_candidate,triclinic,,3.1133098594165354,16.78314609196195
mp-1179118,0,label0,cubic,,6.757643380129146,-4.945868981765141
mp-30903,unknown,unconfirmed_candidate,hexagonal,,7.684127600983237,-1.3114312619973276
mp-15896,unknown,unconfirmed_candidate,monoclinic,,0.5964934321586526,-4.1796701537623715
mp-1221038,unknown,unconfirmed_candidate,monoclinic,,-2.9152326101568846,-2.1907124883164837
mp-759243,unknown,unconfirmed_candidate,monoclinic,,-8.839245547304117,-0.20409274910553066
mp-4081,0,label0,cubic,,-1.1115755906588234,-6.2152510728952315
mp-645717,unknown,unconfirmed_candidate,monoclinic,,-4.928228430141932,-2.6727439436347407
mp-1376412,unknown,unconfirmed_candidate,triclinic,,4.7003770902719495,-3.873549910972242
mp-1213823,unknown,unconfirmed_candidate,hexagonal,,10.306200864011956,8.100231624913565
mp-2225369,0,label0,monoclinic,,10.851446135792889,4.775933739065792
mp-14794,unknown,unconfirmed_candidate,hexagonal,,7.041100765943012,-6.418170125946858
mp-862301,unknown,unconfirmed_candidate,orthorhombic,,-2.5527351745709908,8.755999177378076
mp-780628,unknown,unconfirmed_candidate,cubic,,-7.1509353918355565,-0.35735669778642176
mp-1215509,0,label0,tetragonal,,-2.8794407783230724,-1.625490254057791
mp-1094362,0,label0,hexagonal,,2.9940856827677784,-2.094460720623779
mp-1103990,0,label0,hexagonal,,15.007106815030419,3.8881801638366333
mp-1226306,unknown,unconfirmed_candidate,trigonal,,-5.997549031681665,-9.963181010227906
mp-735523,0,label0,trigonal,,0.3418625492446168,-2.5589754946419294
mp-2233724,unknown,unconfirmed_candidate,monoclinic,,-23.40438806989551,-0.5314685659357608
mp-755040,unknown,unconfirmed_candidate,monoclinic,,5.196168281906491,-4.480271637559195
mp-560977,0,label0,monoclinic,,0.3576589433847559,-3.5586792646207694
mp-510641,unknown,unconfirmed_candidate,orthorhombic,,-1.3273845806735984,0.8803999768748874
mp-1093803,0,label0,orthorhombic,,-1.0066495305226404,-2.2707981347475545
mp-2220919,unknown,unconfirmed_candidate,triclinic,,5.178985167835796,4.121573548862738
mp-1213771,unknown,unconfirmed_candidate,tetragonal,,-4.3978042820449375,-4.339835534788165
mp-1187967,0,label0,trigonal,,5.645195220192738,15.705899032552292
mp-707824,0,label0,hexagonal,,-1.2783608622286309,-2.5280441770907007
mp-1029374,unknown,unconfirmed_candidate,hexagonal,,-2.123481208174681,5.069675728200565
mp-753714,unknown,unconfirmed_candidate,cubic,,10.549823075760846,-6.692648206079156
mp-19394,unknown,unconfirmed_candidate,orthorhombic,,-14.167701832736839,2.2439802234028363
mp-1044287,unknown,unconfirmed_candidate,orthorhombic,,-12.240353202795479,-1.9263183243385082
mp-1191571,unknown,unconfirmed_candidate,trigonal,,-4.585611300939391,-6.29034593035696
mp-1177815,0,label0,trigonal,,-8.219168473949136,1.7865664520638305
mp-2227554,0,label0,monoclinic,,-1.8233098695730128,-4.0723560074352125
mp-1104005,0,label0,trigonal,,2.423663486901102,11.169801619151098
mp-582585,unknown,unconfirmed_candidate,orthorhombic,,2.6727791725118877,1.6241164313433316
mp-774800,unknown,unconfirmed_candidate,triclinic,,6.5966852238793905,-7.2004721977853805
mp-36194,0,label0,tetragonal,,2.321137620481668,3.7713329619973663
mp-554829,unknown,unconfirmed_candidate,trigonal,,-3.0973738908786075,-2.744739384923136
mp-766931,unknown,unconfirmed_candidate,orthorhombic,,-0.9755390843855842,-1.8605173362327339
mp-1255288,unknown,unconfirmed_candidate,monoclinic,,-0.6521993932062813,-4.742435586640914
mp-1048464,0,label0,monoclinic,,-2.3500468565420185,-5.68984969548389
mp-758390,unknown,unconfirmed_candidate,orthorhombic,,0.5116649943217766,1.251688030550607
mp-29567,unknown,unconfirmed_candidate,monoclinic,,2.0465048037827174,-3.8325631296497207
mp-1184321,0,label0,cubic,,5.729691221901861,-3.9943274977754264
mp-1185627,0,label0,hexagonal,,-5.424675729037176,0.7679796937276571
mp-831190,unknown,unconfirmed_candidate,monoclinic,,-1.9376815741077031,-5.840541043300055
mp-1018639,0,label0,cubic,,7.057419888746535,0.7105430572730889
mp-1196749,unknown,unconfirmed_candidate,monoclinic,,-2.2578473976056053,-2.522575816336623
mp-19844,unknown,unconfirmed_candidate,cubic,,16.105676747738425,1.8005531603563654
mp-706627,unknown,unconfirmed_candidate,monoclinic,,7.564018981695261,-2.4813177688570853
mp-556626,unknown,unconfirmed_candidate,hexagonal,,-16.06791136004795,-3.648667892722619
mp-1183750,0,label0,hexagonal,,14.961358319658881,6.9097338812599745
mp-22384,0,label0,hexagonal,,6.527187314942848,-2.0992527688315086
mp-672670,0,label0,cubic,,-3.5247112910502096,2.217463996714404
mp-6455,0,label0,triclinic,,-8.318930357478894,-9.907037305711569
mp-1215513,unknown,unconfirmed_candidate,trigonal,,-5.109224599096692,0.34404186752035315
mp-757896,unknown,unconfirmed_candidate,trigonal,,-20.344936231140828,2.9787850703447774
mp-1078762,unknown,unconfirmed_candidate,tetragonal,,3.9474918888305144,-6.087007074285985
mp-775132,unknown,unconfirmed_candidate,triclinic,,-11.590606583006238,2.905677076191317
mp-866088,0,label0,cubic,,1.4548825384009518,-1.0898483262733905
mp-638253,0,label0,monoclinic,,15.347803281954812,-4.428137432477866
mp-1021696,unknown,unconfirmed_candidate,orthorhombic,,-2.435330184198751,-4.1781132065607665
mp-17513,unknown,unconfirmed_candidate,orthorhombic,,2.425952390878791,-3.8554598546095633
mp-1217163,0,label0,monoclinic,,-9.01063539061439,7.2156359855068395
mp-1226862,unknown,unconfirmed_candidate,orthorhombic,,0.6147406008220102,0.3657312207230845
mp-28170,unknown,unconfirmed_candidate,hexagonal,,11.19541133793902,-2.0564798842625844
mp-1046038,0,label0,orthorhombic,,-4.877654623977218,6.028240209873946
mp-570853,0,label0,triclinic,,12.611574589601695,10.13621454685832
mp-1245847,0,label0,tetragonal,,5.542416837574915,-1.643478169874907
mp-755754,unknown,unconfirmed_candidate,monoclinic,,-2.4481023011802954,-3.721843605131136
mp-22496,0,label0,cubic,,2.8882882791490765,-2.7798146099302308
mp-1199524,unknown,unconfirmed_candidate,orthorhombic,,3.5471996915216994,-5.091288747960272
mp-25963,0,label0,monoclinic,,-2.498354750518061,-2.1893875927417916
mp-1216339,0,label0,trigonal,,-4.508870867308389,0.806723048883768
mp-1228093,unknown,unconfirmed_candidate,monoclinic,,-3.390507791531558,-3.2900032946680415
mp-1224553,0,label0,triclinic,,0.9423379168047674,-1.6716409893468729
mp-1210000,unknown,unconfirmed_candidate,hexagonal,,-2.747739759379975,-5.31876039448805
mp-1282711,unknown,unconfirmed_candidate,triclinic,,1.571288415049203,-3.5611399817804497
mp-684803,unknown,unconfirmed_candidate,trigonal,,-4.0523188685641855,-5.585151681970755
mp-755453,unknown,unconfirmed_candidate,monoclinic,,7.827413880031848,-1.7911772226487557
mp-585202,unknown,unconfirmed_candidate,monoclinic,,-0.9849281484483541,11.745101694187706
mp-754162,unknown,unconfirmed_candidate,monoclinic,,-2.651260548580641,-6.39528125861853
mp-581781,unknown,unconfirmed_candidate,hexagonal,,10.404317619271842,-3.502320205284068
mp-19207,unknown,unconfirmed_candidate,monoclinic,,-7.151143599447721,-2.9522227504278664
mp-781683,unknown,unconfirmed_candidate,triclinic,,-4.495110223700749,-4.156302923916558
mp-1110778,0,label0,cubic,,-9.353523966434949,-0.6448957337705821
mp-1522444,unknown,unconfirmed_candidate,orthorhombic,,-14.896927594562861,-7.010656684470174
mp-1028094,0,label0,hexagonal,,-5.298904932630343,4.4031044263612635
mp-1217191,unknown,unconfirmed_candidate,orthorhombic,,-1.664846063650284,-1.2748953627839903
mp-1222790,0,label0,tetragonal,,12.979290284817676,3.3075400484176427
mp-1220408,unknown,unconfirmed_candidate,orthorhombic,,8.791269394944148,-3.7021425710320788
mp-758566,unknown,unconfirmed_candidate,monoclinic,,-0.18448395819963537,1.1801279524308477
mp-777267,unknown,unconfirmed_candidate,triclinic,,-5.215867559914152,4.0038946746062685
mp-786793,unknown,unconfirmed_candidate,triclinic,,0.04135785498693423,-4.338782437528669
mp-1192676,unknown,unconfirmed_candidate,hexagonal,,-7.538974310355947,5.171174463696197
mp-1222087,unknown,unconfirmed_candidate,trigonal,,8.417916679996342,-1.477103798281341
mp-985284,unknown,unconfirmed_candidate,hexagonal,,6.352839821111868,3.9282288471773263
mp-975652,0,label0,tetragonal,,-0.6594881350029667,10.968270195684102
mp-1228376,unknown,unconfirmed_candidate,hexagonal,,-1.7076615544236056,-8.986526580122783
mp-28491,unknown,unconfirmed_candidate,orthorhombic,,0.4435700075116209,-2.633305359139518
mp-2226404,0,label0,monoclinic,,-2.24225698296323,-0.6568487048696063
mp-1213316,0,label0,orthorhombic,,-4.313693561596473,-8.958502550015728
mp-20870,unknown,unconfirmed_candidate,tetragonal,,7.341247426067589,0.06898464186021513
mp-556488,unknown,unconfirmed_candidate,hexagonal,,4.953023678057422,14.299486133770571
mp-1113641,0,label0,cubic,,4.592858449560241,-0.8103510831040808
mp-1224832,unknown,unconfirmed_candidate,trigonal,,2.510849823285895,-8.40039698163981
mp-17107,unknown,unconfirmed_candidate,monoclinic,,-0.2221484158573439,-0.374445382505737
mp-780156,unknown,unconfirmed_candidate,triclinic,,-0.40073138579499457,-0.7600101831872585
mp-778006,unknown,unconfirmed_candidate,orthorhombic,,-5.666503553834183,-3.0134240854349787
mp-755920,unknown,unconfirmed_candidate,orthorhombic,,1.8246246530299182,0.11489741162134948
mp-1184852,0,label0,cubic,,13.876348885413998,-0.07361973597800642
mp-1177775,unknown,unconfirmed_candidate,triclinic,,-2.4405584738472186,-5.022546338247464
mp-1212754,0,label0,hexagonal,,-6.243084769406426,-7.973082685088359
mp-562435,unknown,unconfirmed_candidate,triclinic,,-3.6101256866216467,-4.305890280167274
mp-1176738,unknown,unconfirmed_candidate,monoclinic,,-17.02614498098692,-0.6870970096041837
mp-16605,unknown,unconfirmed_candidate,monoclinic,,-3.9483029415288478,-3.3679389828774813
mp-765607,0,label0,monoclinic,,-15.208252178605925,1.954907720305144
mp-865829,0,label0,cubic,,7.04210916873007,-0.008164998793940725
mp-1111165,0,label0,cubic,,0.984614641859622,-1.5868591510990733
mp-1400454,unknown,unconfirmed_candidate,trigonal,,-17.642042353095377,3.961524765548546
mp-1214505,unknown,unconfirmed_candidate,trigonal,,-3.3282957900192116,-7.250365985726594
mp-530144,unknown,unconfirmed_candidate,triclinic,,4.788239452391455,-7.532996182627244
mp-1216440,unknown,unconfirmed_candidate,cubic,,7.686920534734375,0.18795458784758168
mp-1200077,unknown,unconfirmed_candidate,monoclinic,,5.068200402464788,11.52672626726535
mp-530358,unknown,unconfirmed_candidate,triclinic,,-14.743542016362149,-3.4607793976914625
mp-1200091,unknown,unconfirmed_candidate,orthorhombic,,-4.517514804910466,-7.281302393606914
mp-1217880,unknown,unconfirmed_candidate,tetragonal,,2.75263358787711,-0.9959591022203433
mp-1233075,unknown,unconfirmed_candidate,triclinic,,-13.041030325477792,23.057985717062866
mp-1105463,0,label0,triclinic,,3.2662496895291753,-3.5526170396719543
mp-510378,unknown,unconfirmed_candidate,tetragonal,,5.8132645079267995,-5.8032743296780325
mp-680154,unknown,unconfirmed_candidate,trigonal,,-0.5520048768608206,3.4220698293981933
mp-1105386,unknown,unconfirmed_candidate,hexagonal,,-3.590336649723014,-0.11618142441396628
mp-1177753,unknown,unconfirmed_candidate,monoclinic,,-0.6409926993103525,-9.28782252535406
mp-1196672,unknown,unconfirmed_candidate,monoclinic,,-9.577135850039191,-0.7584917900547801
mp-721013,unknown,unconfirmed_candidate,triclinic,,-0.21454917174689214,-1.6562465987955601
mp-505740,unknown,unconfirmed_candidate,monoclinic,,5.245523021071394,2.6334582255273347
mp-2240038,0,label0,monoclinic,,-2.850064966893356,-2.530490248751086
mp-1245897,0,label0,tetragonal,,13.072879357185347,-3.6621957217291463
mp-1218568,0,label0,triclinic,,7.2448151072265965,-0.9996860227564532
mp-977165,0,label0,hexagonal,,6.129522383615852,-4.149206520913944
mp-1221843,unknown,unconfirmed_candidate,monoclinic,,-1.491555774088102,-3.0265208809308373
mp-20083,unknown,unconfirmed_candidate,orthorhombic,,10.183919861338904,-1.0100472376540068
mp-1101650,unknown,unconfirmed_candidate,triclinic,,-3.5284213003644673,-1.7217609337610185
mp-2214791,0,label0,triclinic,,7.2305480062114,3.0617768742193583
mp-726974,unknown,unconfirmed_candidate,monoclinic,,2.4083767839725603,2.774125875218921
mp-2231471,unknown,unconfirmed_candidate,triclinic,,7.763376039314998,15.697219965886273
mp-22768,unknown,unconfirmed_candidate,monoclinic,,3.838557789945394,5.808374160809052
mp-801740,unknown,unconfirmed_candidate,triclinic,,-5.034399572632669,9.935662469686708
mp-770370,unknown,unconfirmed_candidate,orthorhombic,,-9.530132294430995,3.596454797482849
mp-770736,unknown,unconfirmed_candidate,orthorhombic,,-4.981824372085107,-1.7871570905157874
mp-777669,unknown,unconfirmed_candidate,monoclinic,,-5.225817444940468,2.5782763226470458
mp-1218679,unknown,unconfirmed_candidate,hexagonal,,1.7142221318574329,-8.099695575902444
mp-12724,unknown,unconfirmed_candidate,orthorhombic,,8.089280158088018,-2.7336335128934035
mp-1235314,0,label0,triclinic,,-3.2085539798178075,-6.156795103083148
mp-1214797,unknown,unconfirmed_candidate,monoclinic,,-9.061624297592871,-4.0947672016150545
mp-1024947,0,label0,orthorhombic,,13.561802792485558,-0.5558035302302748
mp-1048846,unknown,unconfirmed_candidate,monoclinic,,-4.970994594095586,2.6624880427309066
mp-1228522,unknown,unconfirmed_candidate,monoclinic,,-0.9932836731158012,-4.648025056903069
mp-865249,0,label0,cubic,,5.232358946897831,2.7216634696927677
mp-1235289,unknown,unconfirmed_candidate,triclinic,,3.8108801623566215,-2.595278497627799
mp-642731,0,label0,trigonal,,-1.4895649408537253,-2.9593388666446216
mp-780796,unknown,unconfirmed_candidate,triclinic,,-3.3222047324331996,-4.6185936784281925
mp-1003764,unknown,unconfirmed_candidate,triclinic,,-11.918486893983957,2.2347979551794843
mp-25458,unknown,unconfirmed_candidate,monoclinic,,-3.8593226804236487,-3.3689877811459024
mp-1079709,0,label0,hexagonal,,7.374025955421622,3.0794210892030165
mp-778517,0,label0,trigonal,,-1.849195302160883,3.053316659506393
mp-765637,unknown,unconfirmed_candidate,orthorhombic,V,-0.10783777781626469,5.765515694364087
mp-2537,0,label0,cubic,,-13.090950623464614,2.9116960074770546
mp-1205831,0,label0,trigonal,,-3.5629314663731506,-9.471766653886176
mp-1641018,unknown,unconfirmed_candidate,triclinic,,-4.763779691896758,-3.5780264220588567
mp-1247364,unknown,unconfirmed_candidate,orthorhombic,,8.19742324820869,-3.517824234494812
mp-752545,unknown,unconfirmed_candidate,monoclinic,,-12.378962001374294,5.439001863374401
mp-1183105,0,label0,cubic,,9.364136231774811,-4.742370139148159
mp-561122,unknown,unconfirmed_candidate,orthorhombic,,-0.0685986494781119,-4.131595538977926
mp-1188446,unknown,unconfirmed_candidate,tetragonal,,7.3690035117285575,-0.30149484902390356
mp-1094386,unknown,unconfirmed_candidate,monoclinic,,2.1200833924931786,-0.036107766901590566
mp-1312000,unknown,unconfirmed_candidate,triclinic,,8.21803479510372,0.7922735959270888
mp-1178362,0,label0,trigonal,,8.908762026923823,0.47666543583176235
mp-1226587,0,label0,trigonal,,-7.095618300931843,-6.779250533026362
mp-9901,unknown,unconfirmed_candidate,orthorhombic,,7.246430781525229,0.3172241236708402
mp-756604,unknown,unconfirmed_candidate,orthorhombic,,-10.974932959883443,1.491746140988532
mp-759401,unknown,unconfirmed_candidate,monoclinic,,-2.2794171388292384,1.754989986853424
mp-1069841,0,label0,trigonal,,2.4143669827199012,-0.603644755034594
mp-1207468,unknown,unconfirmed_candidate,tetragonal,,10.727845171158489,8.184604181652208
mp-1205504,0,label0,monoclinic,,-0.5234309244989639,4.612522249202122
mp-558370,0,label0,trigonal,,-5.16382406826618,2.1299488505719495
mp-1025360,unknown,unconfirmed_candidate,tetragonal,,11.249356466739247,0.2873977921851143
mp-622624,unknown,unconfirmed_candidate,orthorhombic,,-4.359865495727739,-2.6706991342510484
mp-1956,0,label0,orthorhombic,,-6.144678667173029,-2.0455951114578816
mp-2219917,unknown,unconfirmed_candidate,triclinic,,-3.4557187696991036,-1.9116284892389945
mp-1028307,0,label0,orthorhombic,,-3.9930861980639314,-2.1655697483332865
mp-849667,0,label0,triclinic,,-2.9506451476858118,-3.3501495566325
mp-1046669,unknown,unconfirmed_candidate,monoclinic,,-12.378873162667379,1.179328385402421
mp-18957,0,label0,monoclinic,,-5.875430357390819,-3.720826837820992
mp-755499,unknown,unconfirmed_candidate,monoclinic,,10.82378411526025,3.516453169214433
mp-1210153,unknown,unconfirmed_candidate,cubic,,8.519373425536413,-5.444007859958294
mp-626559,unknown,unconfirmed_candidate,monoclinic,,-8.683769936079141,-1.8616993475356072
mp-1189441,unknown,unconfirmed_candidate,orthorhombic,,-9.094906602138924,3.3491413076573373
mp-2231219,unknown,unconfirmed_candidate,triclinic,,-2.9261240314534938,-2.680211950325363
mp-1225124,0,label0,hexagonal,,-5.726089523324724,9.137875953220085
mp-28667,unknown,unconfirmed_candidate,orthorhombic,,7.358903106200735,3.206113891000939
mp-568800,0,label0,cubic,,4.097392905488906,-0.03748200215912689
mp-16590,unknown,unconfirmed_candidate,tetragonal,,8.756502782597257,1.0989412266974767
mp-771767,0,label0,monoclinic,,-2.1006466445101744,-2.7839319948060943
mp-2591,unknown,unconfirmed_candidate,trigonal,,7.217732554718504,-0.9526890487009609
mp-703875,unknown,unconfirmed_candidate,triclinic,,-1.6255085690519984,0.5850668940224715
mp-754362,unknown,unconfirmed_candidate,monoclinic,,-9.296253988375813,5.099786933289813
mp-2230699,unknown,unconfirmed_candidate,triclinic,,1.8550096740151716,3.3019205267760654
mp-670677,unknown,unconfirmed_candidate,orthorhombic,,11.578094650280189,-1.6473466608823575
mp-1208343,unknown,unconfirmed_candidate,cubic,,-2.7349505233244535,2.59815637893243
mp-1198025,unknown,unconfirmed_candidate,orthorhombic,,1.8927493954064154,-5.628292601294364
mp-1520006,0,label0,cubic,,-15.364648944065955,7.690625896521919
mp-26224,unknown,unconfirmed_candidate,monoclinic,,1.8851899950955229,-5.838186466032427
mp-760145,0,label0,monoclinic,,2.8588515089828412,-5.274965626554945
mp-735547,unknown,unconfirmed_candidate,orthorhombic,,-3.5007113450018608,-4.0997943391584
mp-1189692,unknown,unconfirmed_candidate,hexagonal,,2.893267398822033,7.913151389422918
mp-865437,0,label0,cubic,,5.401127091620481,7.127015104380622
mp-1041344,unknown,unconfirmed_candidate,monoclinic,,1.5468623137468747,15.991382359406156
mp-568191,0,label0,orthorhombic,,10.37648931108424,1.5423739292980052
mp-1173681,0,label0,trigonal,,5.606174811863257,-5.534241494309162
mp-1095568,unknown,unconfirmed_candidate,orthorhombic,,9.51132129614584,-1.4999437811284917
mp-23451,unknown,unconfirmed_candidate,hexagonal,,4.020000423800548,-0.41880885843335847
mp-13064,0,label0,trigonal,,-3.0367522996771967,-0.8630256652624517
mp-21258,0,label0,orthorhombic,,11.571683951051217,-2.6942929201522947
mp-558448,unknown,unconfirmed_candidate,cubic,,-12.814001330868035,-1.0523903968708659
mp-1095137,unknown,unconfirmed_candidate,tetragonal,,12.084526491735716,4.767716775476977
mp-1018707,0,label0,tetragonal,,4.975545190468468,-2.8863706167508294
mp-699390,unknown,unconfirmed_candidate,orthorhombic,,4.247867419766068,3.5405507274636783
mp-1335725,unknown,unconfirmed_candidate,orthorhombic,,4.697771439415087,-2.4111168168260324
mp-1238803,unknown,unconfirmed_candidate,orthorhombic,,-5.014868089583956,1.3789377048700366
mp-1215848,0,label0,trigonal,,1.261193552522645,11.002297243874363
mp-1246997,unknown,unconfirmed_candidate,orthorhombic,,-6.374095756050707,2.3871484532944223
mp-2220649,unknown,unconfirmed_candidate,triclinic,,4.1761931498274,-4.352645034726418
mp-1194100,unknown,unconfirmed_candidate,orthorhombic,,-30.322762976388937,21.163221601931493
mp-754705,unknown,unconfirmed_candidate,monoclinic,,10.112295497543844,18.797406452481557
mp-1223247,0,label0,trigonal,,3.0859266773879632,-3.571258938703087
mp-1094113,unknown,unconfirmed_candidate,orthorhombic,,-7.342543238177097,10.172593537845628
mp-504122,unknown,unconfirmed_candidate,monoclinic,,1.4959339343008544,1.6155345550294342
mp-1192805,unknown,unconfirmed_candidate,orthorhombic,,5.386445751357353,-0.8511809699841706
mp-1218450,unknown,unconfirmed_candidate,orthorhombic,,-5.737343291394396,24.60953389385541
mp-37620,0,label0,tetragonal,,4.85557728631086,-5.535026809495788
mp-770694,unknown,unconfirmed_candidate,monoclinic,,6.11835116749419,-8.380636986350572
mp-1200123,unknown,unconfirmed_candidate,monoclinic,,-0.5660838338827539,-4.5049726674521935
mp-1219961,unknown,unconfirmed_candidate,orthorhombic,,0.5050333689544182,-1.5089691680571313
mp-772478,0,label0,trigonal,,-2.037271323901713,-1.9266301944667603
mp-777811,unknown,unconfirmed_candidate,monoclinic,,14.342461688166354,9.716881217589389
mp-703480,unknown,unconfirmed_candidate,triclinic,,-1.6595421983023861,-4.017101797606278
mp-2218885,unknown,unconfirmed_candidate,monoclinic,,-7.645486543505903,2.345133835446262
mp-1281811,unknown,unconfirmed_candidate,orthorhombic,,-19.836286656273856,19.747494865481773
mp-849361,unknown,unconfirmed_candidate,monoclinic,,-10.131263924944243,6.360380679602439
mp-561012,unknown,unconfirmed_candidate,monoclinic,,3.7371755073542143,2.8382417764663685
mp-1206597,unknown,unconfirmed_candidate,tetragonal,,0.4990991383541896,1.6358052418194724
mp-1222846,unknown,unconfirmed_candidate,triclinic,,8.529004267455132,-4.689099888227732
mp-1232992,unknown,unconfirmed_candidate,triclinic,,-4.518773802580402,7.4036987114751796
mp-760779,unknown,unconfirmed_candidate,monoclinic,,-3.464657447805763,-2.144953243909198
mp-1193971,unknown,unconfirmed_candidate,cubic,,8.40354690595273,-5.73928767867597
mp-19210,unknown,unconfirmed_candidate,trigonal,,-11.74564324216458,2.8813737463314517
mp-1227724,unknown,unconfirmed_candidate,monoclinic,Mn,5.737575533714985,-2.671356718471346
mp-1233214,unknown,unconfirmed_candidate,orthorhombic,,-12.201285692730373,21.814139234025166
mp-764720,unknown,unconfirmed_candidate,triclinic,,-3.592922717038192,8.461084057462394
mp-2218815,unknown,unconfirmed_candidate,monoclinic,,-7.772380743393082,-3.5258069359638107
mp-773330,0,label0,trigonal,,-12.027512115456787,2.114426695203349
mp-1157674,unknown,unconfirmed_candidate,cubic,,-12.080168889298022,16.58602735163905
mp-1247553,unknown,unconfirmed_candidate,orthorhombic,,12.619943921179035,0.7332695585982734
mp-558834,unknown,unconfirmed_candidate,orthorhombic,,-4.2222621298374605,3.3011456943903354
mp-1422,0,label0,cubic,,-4.532493067607188,5.043507754552742
mp-1521096,0,label0,cubic,,-7.906078670866435,-4.105082418032691
mp-2239921,unknown,unconfirmed_candidate,monoclinic,,6.771987876128646,-3.1336330247385416
mp-2228475,0,label0,monoclinic,,9.165890358207761,1.014811699333631
mp-1506,unknown,unconfirmed_candidate,orthorhombic,,9.068265700631502,1.2289003638679041
mp-1194246,unknown,unconfirmed_candidate,orthorhombic,,6.18857870567123,-1.7043158587088332
mp-11506,unknown,unconfirmed_candidate,orthorhombic,,7.554135248067656,-4.554018241365506
mp-1188288,unknown,unconfirmed_candidate,hexagonal,,11.533524038162048,0.5988146193192456
mp-1215914,0,label0,hexagonal,,9.653559124205158,-0.35097681186229934
mp-558040,unknown,unconfirmed_candidate,monoclinic,,4.708566105066293,-8.15389332717799
mp-1232178,0,label0,cubic,,-12.36734469284768,6.53906447693884
mp-1009814,0,label0,tetragonal,,7.924600607396481,6.616486740286021
mp-1748,0,label0,cubic,,-0.06886318717093687,-7.970597879320554
mp-1235844,0,label0,monoclinic,,8.749444283687222,-3.142378906956674
mp-1224811,0,label0,hexagonal,,8.343450831243034,-3.8185384139488097
mp-865262,0,label0,cubic,,9.361639925463997,6.715983433551518
mp-1192472,unknown,unconfirmed_candidate,monoclinic,,4.020625681069744,1.5870372761613396
mp-541084,unknown,unconfirmed_candidate,hexagonal,,3.1166084775105887,4.19676888054121
mp-1179664,unknown,unconfirmed_candidate,orthorhombic,,-12.265720044539293,0.9434452638292221
mp-1221849,unknown,unconfirmed_candidate,tetragonal,,1.0619770397496993,-2.987331594108049
mp-707052,unknown,unconfirmed_candidate,monoclinic,,0.4675725194489253,-4.2996147099831905
mp-1517988,0,label0,cubic,,-19.497391663494305,-1.9302772045307162
mp-580357,0,label0,cubic,,3.165349698289166,-6.058971818882686
mp-1185951,0,label0,tetragonal,,6.334844579681512,-8.694095093649672
mp-1238482,0,label0,triclinic,,-3.4546831840279495,-5.692192335816538
mp-1097369,0,label0,orthorhombic,,5.53277588390322,1.2609414185367243
mp-765082,unknown,unconfirmed_candidate,monoclinic,,-8.368833620190347,12.117270456296346
mp-1096374,0,label0,orthorhombic,,5.508560206125624,-3.356797064958604
mp-763029,unknown,unconfirmed_candidate,triclinic,,18.724887285334308,16.168361953538568
mp-765964,unknown,unconfirmed_candidate,triclinic,,-2.557163574038416,-7.164089093412494
mp-1201271,unknown,unconfirmed_candidate,cubic,,-2.5703663206811633,-1.4596136216683355
mp-11437,unknown,unconfirmed_candidate,orthorhombic,,8.922055848602499,1.1802651174402072
mp-2317,0,label0,hexagonal,,9.692366689876174,-5.607777875941466
mp-776537,unknown,unconfirmed_candidate,triclinic,,-3.9056169309308544,13.927156142705943
mp-1193783,unknown,unconfirmed_candidate,orthorhombic,,-0.020530011998623365,-8.871989706552284
mp-769931,unknown,unconfirmed_candidate,orthorhombic,,-10.797062684429942,-0.22740935956110064
mp-1101696,unknown,unconfirmed_candidate,orthorhombic,,-1.023819085324977,-7.171999579668693
mp-1048717,unknown,unconfirmed_candidate,tetragonal,,2.378307436680597,4.860853640822814
mp-562050,0,label0,trigonal,,-4.018384064790293,9.251590123078394
mp-543107,unknown,unconfirmed_candidate,monoclinic,,-5.607675012940188,10.932180394559431
mp-30985,unknown,unconfirmed_candidate,monoclinic,,10.879723961929663,-0.7318514129419924
mp-775300,unknown,unconfirmed_candidate,monoclinic,,-6.191140741480307,-4.796600356882127
mp-1220640,unknown,unconfirmed_candidate,orthorhombic,,-7.597112489315677,6.438407041940348
mp-1184056,0,label0,cubic,,12.144317570451657,1.3325189955436656
mp-1213995,0,label0,tetragonal,,8.592042458451733,-0.06827060914608296
mp-505173,unknown,unconfirmed_candidate,orthorhombic,,10.411524830025021,-6.139966456634857
mp-754437,unknown,unconfirmed_candidate,orthorhombic,,-3.89758750865661,-4.56953598296078
mp-774248,0,label0,monoclinic,,6.855205102119937,-2.8643821271462
mp-755111,unknown,unconfirmed_candidate,monoclinic,V,7.312951125053615,0.6248449593792884
mp-1220065,unknown,unconfirmed_candidate,triclinic,,-3.013824261687514,8.025097474758962
mp-504856,unknown,unconfirmed_candidate,hexagonal,,9.202111801628451,-5.0136861161079445
mp-760327,unknown,unconfirmed_candidate,triclinic,,-1.4549231944499077,-5.2898351370541725
mp-759034,unknown,unconfirmed_candidate,monoclinic,,-5.204188152580841,-0.3763750969267967
mp-1226442,unknown,unconfirmed_candidate,triclinic,,8.574448065303168,1.385044815877837
mp-1518622,0,label0,cubic,,2.9401346892184286,-6.039906052307016
mp-2275605,0,label0,orthorhombic,,0.6276882190195963,-1.3467446828956593
mp-2217337,unknown,unconfirmed_candidate,triclinic,,2.481816699392674,11.922972661310578
mp-684744,unknown,unconfirmed_candidate,orthorhombic,,17.991953025956235,1.6968075819355057
mp-698762,unknown,unconfirmed_candidate,triclinic,,-3.7789859140836946,4.965561962239526
mp-1197290,unknown,unconfirmed_candidate,orthorhombic,,2.0115665303693717,-3.8313062872358916
mp-12599,0,label0,cubic,,6.822760630687755,-0.8509390298309363
mp-1203571,unknown,unconfirmed_candidate,monoclinic,,0.19777441148119124,-3.318350278946294
mp-975515,0,label0,cubic,,-2.8212256662386395,5.478318732774969
mp-30590,unknown,unconfirmed_candidate,monoclinic,,5.415344721325422,-7.309884534250449
mp-1217741,unknown,unconfirmed_candidate,trigonal,,6.30134186272206,-4.733393117173785
mp-19855,unknown,unconfirmed_candidate,orthorhombic,,8.749590894188865,-4.405364988044301
mp-541349,unknown,unconfirmed_candidate,triclinic,,-20.337823777114373,14.582345025155899
mp-1028326,0,label0,orthorhombic,,-7.83392566489027,6.304258784463251
mp-765943,unknown,unconfirmed_candidate,triclinic,,-5.950560136014676,-1.9541008835849976
mp-773130,unknown,unconfirmed_candidate,triclinic,,-5.985069355400238,-4.669223383048648
mp-1225526,unknown,unconfirmed_candidate,monoclinic,,-0.32208360651215173,-0.17152364862968028
mp-2282,unknown,unconfirmed_candidate,orthorhombic,,-8.624955477790568,11.036148222172361
mp-1218715,unknown,unconfirmed_candidate,monoclinic,,4.220850060145342,-0.6704073580370036
mp-976061,0,label0,cubic,,8.082286196730102,0.5176822271512869
mp-1223434,unknown,unconfirmed_candidate,monoclinic,,5.698164216013449,-2.1197343628463923
mp-557882,unknown,unconfirmed_candidate,monoclinic,,-5.7876077924220795,7.7269391885647885
mp-746791,unknown,unconfirmed_candidate,monoclinic,,-1.6340054014492793,-3.7878469480976786
mp-7049,0,label0,orthorhombic,,10.527759998163505,-5.383799072819762
mp-28017,unknown,unconfirmed_candidate,triclinic,,-3.0319823530674483,-5.961337124907482
mp-973666,0,label0,monoclinic,,-6.87581445175984,10.254826511997475
mp-2217314,0,label0,triclinic,,4.578928921314878,-1.112656087891331
mp-1323783,unknown,unconfirmed_candidate,triclinic,,-19.0376078910571,5.1495646215431385
mp-1219199,unknown,unconfirmed_candidate,tetragonal,,-1.9762923384349023,-3.245374885540736
mp-555983,unknown,unconfirmed_candidate,monoclinic,,-3.045314845046825,-4.168615323974519
mp-867253,unknown,unconfirmed_candidate,cubic,,-7.444592265734354,-3.4931277581757527
mp-1405520,unknown,unconfirmed_candidate,monoclinic,,-10.066978313648306,6.355042171140134
mp-1246167,unknown,unconfirmed_candidate,orthorhombic,,7.5693455416928614,-1.9038525003722224
mp-1022207,0,label0,orthorhombic,,-3.938071085300251,3.3203394496522805
mp-1222890,0,label0,tetragonal,,8.075031828467408,5.072529237382398
mp-755033,unknown,unconfirmed_candidate,triclinic,,-0.8309291099041722,-3.9515700777476255
mp-2715334,unknown,unconfirmed_candidate,monoclinic,,0.7981451497831777,-3.8134735148774404
mp-768487,unknown,unconfirmed_candidate,monoclinic,,-4.015288071990518,-3.7227592272899006
mp-1191153,unknown,unconfirmed_candidate,hexagonal,,9.939606728688288,-5.837183431310237
mp-1042304,0,label0,monoclinic,,-11.385007534254424,-5.535455676788823
mp-627119,unknown,unconfirmed_candidate,triclinic,,-10.640782708985437,-3.425507285712243
mp-772573,unknown,unconfirmed_candidate,monoclinic,,-6.117097958770707,-3.0172478106561513
mp-1048908,unknown,unconfirmed_candidate,trigonal,,-16.937373100565637,14.353662847513803
mp-1214553,0,label0,tetragonal,,5.765268356168864,-1.5427293341570962
mp-1008924,0,label0,cubic,,18.046501607755726,4.899038948856958
mp-1059289,0,label0,orthorhombic,,12.98389603473133,-5.276060530479395
mp-865771,0,label0,cubic,,6.8158326243919305,0.9969821923456621
mp-752752,0,label0,triclinic,,-10.4300344054375,3.4232926481993147
mp-1079184,0,label0,hexagonal,,8.116146903615785,-1.3868205517750187
mp-818683,unknown,unconfirmed_candidate,triclinic,,-15.33258003431974,11.763681445613305
mp-655140,unknown,unconfirmed_candidate,monoclinic,,2.7576851711373536,-5.089709887787066
mp-2713400,unknown,unconfirmed_candidate,triclinic,,-0.003237072395371854,-4.357232193247334
mp-709886,unknown,unconfirmed_candidate,monoclinic,,0.1618212010393414,-4.512150926705676
mp-1183264,unknown,unconfirmed_candidate,hexagonal,,7.202791131126755,-1.8076186784693213
mp-1185247,0,label0,cubic,,3.9033015625181218,-3.7583947643142057
mp-867968,unknown,unconfirmed_candidate,orthorhombic,,-1.3419354233033047,-5.258516811829157
mp-1391065,unknown,unconfirmed_candidate,triclinic,,1.746827984616207,11.468407950252
mp-1205709,0,label0,tetragonal,,-4.768736747028562,-2.1707008777523367
mp-1037598,0,label0,tetragonal,,0.6859047044345026,-1.9299668479517038
mp-22438,0,label0,tetragonal,,1.7377127549742326,3.9957873260784957
mp-1209313,unknown,unconfirmed_candidate,monoclinic,,6.353513386211791,-0.20819174463443346
mp-12323,unknown,unconfirmed_candidate,monoclinic,,-3.085323181174747,-3.096103134597797
mp-863264,0,label0,hexagonal,,16.62478186095155,10.67112325289985
mp-864844,unknown,unconfirmed_candidate,cubic,,-5.660106622586085,-3.0505535902362517
mp-1112145,0,label0,cubic,,6.035555358390173,-2.3204596165529505
mp-1198305,unknown,unconfirmed_candidate,tetragonal,,7.121008674564495,-0.8657586455126562
mp-1225068,unknown,unconfirmed_candidate,monoclinic,,-2.883100729505866,-4.016510788149855
mp-759718,unknown,unconfirmed_candidate,orthorhombic,,-4.486052366661337,-3.7431904546150054
mp-1272313,unknown,unconfirmed_candidate,monoclinic,,1.2123587331059476,-1.484379893749109
mp-1094455,unknown,unconfirmed_candidate,monoclinic,,-0.6719494292430142,-0.4241408091987715
mp-24573,unknown,unconfirmed_candidate,monoclinic,,-1.457926844032805,-2.8109999764804066
mp-11445,0,label0,tetragonal,,-0.3852212371123045,-1.7455310523018301
mp-1042418,unknown,unconfirmed_candidate,orthorhombic,,4.524421853093896,-5.363643922779049
mp-1047085,unknown,unconfirmed_candidate,orthorhombic,,2.2122848634042285,-5.611816991437832
mp-2228225,unknown,unconfirmed_candidate,monoclinic,,9.510385073208887,-3.534072518635279
mp-1101520,unknown,unconfirmed_candidate,monoclinic,,1.0731124919813908,-2.729142482548637
mp-18975,unknown,unconfirmed_candidate,tetragonal,,-7.552211625327377,-6.659857185855163
mp-1189333,unknown,unconfirmed_candidate,orthorhombic,,-8.378054845192768,1.087237381923181
mp-1016190,unknown,unconfirmed_candidate,monoclinic,,-17.57188168337281,2.8468825364096304
mp-867684,unknown,unconfirmed_candidate,monoclinic,,-1.758515213641239,-3.4351595565958775
mp-1225319,unknown,unconfirmed_candidate,tetragonal,,9.110312951538257,-3.5576574221115376
mp-1183563,0,label0,hexagonal,,11.821332838608331,-5.374756906404027
mp-753200,unknown,unconfirmed_candidate,orthorhombic,,11.298321842202299,13.052753230603706
mp-1222675,unknown,unconfirmed_candidate,monoclinic,,2.388203130922623,-0.08537119087728229
mp-1247933,0,label0,triclinic,,-14.411435487521423,2.7907008225349266
mp-1189639,unknown,unconfirmed_candidate,cubic,,8.162985418515664,-0.023196154550980452
mp-776450,unknown,unconfirmed_candidate,triclinic,,-7.161367806794932,3.0586870060678244
mp-1178260,unknown,unconfirmed_candidate,triclinic,,11.951004022222037,5.808110319288222
mp-30604,0,label0,orthorhombic,,1.8431555243728894,-5.235093000246229
mp-770472,unknown,unconfirmed_candidate,orthorhombic,,-11.975449358424981,0.5590989344820194
mp-23123,0,label0,tetragonal,,2.661043716649356,19.465180179273947
mp-850992,unknown,unconfirmed_candidate,triclinic,,10.458736179452854,1.1410068269394138
mp-21241,unknown,unconfirmed_candidate,tetragonal,,-8.91142625974079,-5.313020887276995
mp-1217445,0,label0,monoclinic,,-9.105134134215149,7.224424622571643
mp-783906,unknown,unconfirmed_candidate,orthorhombic,,7.108369776105651,0.04889318749171423
mp-1519080,0,label0,cubic,,-10.435117690056579,-0.43520008494634865
mp-1207288,0,label0,tetragonal,,-5.798778752496478,2.4003479597436908
mp-1094047,0,label0,orthorhombic,,0.4293549903153746,1.285005629273197
mp-1032960,0,label0,tetragonal,,-2.0162325129186414,2.0721069805062733
mp-510285,0,label0,monoclinic,,2.2857183733741735,0.4759757186578675
mp-1516973,0,label0,cubic,,-5.32231194131559,-11.914915694016377
mp-1222006,unknown,unconfirmed_candidate,orthorhombic,,-7.084998129691581,-3.6634475432726727
mp-1220369,0,label0,orthorhombic,,7.567293739552568,-2.600339742241971
mp-1212267,unknown,unconfirmed_candidate,cubic,,14.719497552227274,3.2698995299625793
mp-1022235,unknown,unconfirmed_candidate,orthorhombic,,-1.332330012195289,6.581476205512907
mp-2228361,unknown,unconfirmed_candidate,triclinic,,7.465399526371769,-4.834814147522188
mp-862912,0,label0,cubic,,-0.9457020852209013,-1.0906613920663126
mp-22435,0,label0,tetragonal,,-3.300570479450851,0.5785260712162987
mp-890,0,label0,cubic,,-8.433555053661014,13.905102346732484
mp-699488,unknown,unconfirmed_candidate,orthorhombic,,-1.52898372277798,-6.057934597277715
mp-20772,1,label1,orthorhombic,Cr,2.4869866423914253,-5.541823013114003
mp-1094437,0,label0,orthorhombic,,-1.4364410203293332,-0.36724065495885583
mp-21730,unknown,unconfirmed_candidate,orthorhombic,,3.109286772125383,-1.773405657986018
mp-1184645,unknown,unconfirmed_candidate,tetragonal,,1.447096576357982,-0.29051839153718717
mp-1185443,0,label0,cubic,,9.380695247027205,-0.10316313469109417
mp-20826,0,label0,orthorhombic,,3.279980957911647,-4.229587385724368
mp-1216410,unknown,unconfirmed_candidate,orthorhombic,,19.308440399889463,2.5065551045614107
mp-753253,unknown,unconfirmed_candidate,triclinic,,-13.682184562340161,8.731805589662589
mp-1031351,0,label0,tetragonal,,-4.184638501050337,1.828323208034039
mp-19197,0,label0,tetragonal,,3.0791006073632126,-8.082564951168939
mp-759807,unknown,unconfirmed_candidate,monoclinic,,14.785455336105656,8.680792943398995
mp-1196207,unknown,unconfirmed_candidate,monoclinic,,-7.461370315224386,-5.257985444088757
mp-1173822,0,label0,triclinic,,-4.467958397091781,-0.21796879575871486
mp-2228809,unknown,unconfirmed_candidate,triclinic,,-6.575483163466458,7.07603368080256
mp-1103265,unknown,unconfirmed_candidate,orthorhombic,,7.423056997483441,-0.6950230658743983
mp-863756,unknown,unconfirmed_candidate,trigonal,,-1.2253695751724933,2.62292793473798
mp-1216998,0,label0,orthorhombic,,13.132354698747685,-0.43199235629010246
mp-759481,unknown,unconfirmed_candidate,triclinic,,-2.000817033008719,0.6358974274898195
mp-646548,unknown,unconfirmed_candidate,monoclinic,,3.6146674680642246,-3.8073116328092684
mp-777412,unknown,unconfirmed_candidate,monoclinic,,-1.376666587311945,-2.883290743201062
mp-19836,0,label0,cubic,,11.350343405584217,2.022928947323365
mp-780730,unknown,unconfirmed_candidate,orthorhombic,,-8.28665855806501,3.4127576321337543
mp-8923,unknown,unconfirmed_candidate,monoclinic,,7.35742509020915,2.076163552220301
mp-1094034,unknown,unconfirmed_candidate,hexagonal,,7.047954529749102,-0.5815222951400827
mp-1195072,unknown,unconfirmed_candidate,tetragonal,,5.451925393387681,-2.409039495580089
mp-1245957,unknown,unconfirmed_candidate,tetragonal,,1.6543944619128155,16.185785810184317
mp-757519,unknown,unconfirmed_candidate,orthorhombic,,-1.7621050324684013,0.030305906958318474
mp-1096714,0,label0,orthorhombic,,10.467366763926693,-5.1987791082888695
mp-1345923,unknown,unconfirmed_candidate,orthorhombic,,-0.6390342276710257,-0.9222835783107861
mp-1208891,unknown,unconfirmed_candidate,orthorhombic,,3.816836868247554,4.340586746195818
mp-720912,unknown,unconfirmed_candidate,monoclinic,,8.209873190213045,-0.46529312655941624
mp-1274279,unknown,unconfirmed_candidate,triclinic,,17.196555645441666,12.402362927917512
mp-698096,0,label0,triclinic,,-19.93085610251756,-0.713382788790522
mp-1221645,unknown,unconfirmed_candidate,monoclinic,,-6.628048884573651,8.803255429582364
mp-22650,0,label0,cubic,,0.25006908764466473,-0.47234122707858006
mp-1223606,unknown,unconfirmed_candidate,triclinic,,-4.763758697534755,0.3787556748636334
mp-555219,unknown,unconfirmed_candidate,monoclinic,,7.461818934068866,1.063735934185587
mp-569650,0,label0,tetragonal,,-2.1211708094939645,-0.48259268628749297
mp-13005,unknown,unconfirmed_candidate,hexagonal,,9.190471478059544,3.3390249101292078
mp-1072248,0,label0,tetragonal,,5.177568632705553,3.4595253204806333
mp-1364379,unknown,unconfirmed_candidate,cubic,,-4.642721616823973,-1.1614263547481336
mp-21966,unknown,unconfirmed_candidate,orthorhombic,,-2.823352158300878,7.8190371532691
mp-755527,unknown,unconfirmed_candidate,monoclinic,,2.482639349867572,-5.520816067368838
mp-1205271,unknown,unconfirmed_candidate,orthorhombic,,1.8603841340070346,-4.147886448908018
mp-1177057,unknown,unconfirmed_candidate,triclinic,,3.301785023081912,1.4659973173152885
mp-1219287,unknown,unconfirmed_candidate,cubic,,-6.400659752269721,-4.997875841655423
mp-1271978,unknown,unconfirmed_candidate,triclinic,,5.705259453604151,-4.195302587533693
mp-1047946,unknown,unconfirmed_candidate,monoclinic,,4.40499549276727,19.93515357845396
mp-1246556,unknown,unconfirmed_candidate,monoclinic,,7.161974188852156,2.6167680761011702
mp-756222,unknown,unconfirmed_candidate,orthorhombic,,-20.626002175560778,13.035704085275569
mp-1188031,0,label0,cubic,,11.898743660506405,-4.417361535538317
mp-1193195,unknown,unconfirmed_candidate,orthorhombic,,-9.030174445236813,-4.727822960763497
mp-2599,0,label0,cubic,,-3.212533302383811,0.733343105144229
mp-757107,unknown,unconfirmed_candidate,monoclinic,,-0.17331561036600007,-4.476307160742385
mp-850396,unknown,unconfirmed_candidate,triclinic,,-3.553019007468343,0.7901407963663871
mp-1403906,unknown,unconfirmed_candidate,cubic,,-21.6989316153808,7.310416434896247
mp-1096361,0,label0,orthorhombic,,5.728501046980485,-0.06437518036474543
mp-757837,unknown,unconfirmed_candidate,triclinic,,-1.4663724660843798,-2.348763256486677
mp-556815,unknown,unconfirmed_candidate,trigonal,,-3.0949119374763647,-2.740037418265308
mp-1080107,unknown,unconfirmed_candidate,cubic,,2.9885500225977992,-4.063151065914337
mp-30340,0,label0,cubic,,8.407389439194537,-2.892184727637124
mp-1211394,unknown,unconfirmed_candidate,monoclinic,,11.401696641316484,4.70525538942962
mp-1522623,unknown,unconfirmed_candidate,tetragonal,,-7.687929892419483,14.436281660925872
mp-772651,unknown,unconfirmed_candidate,triclinic,,-1.160537218054671,-3.120450974087584
mp-1207012,0,label0,trigonal,,0.7628708347639588,2.3190008360703267
mp-973957,0,label0,cubic,,12.518647331014165,2.6693885323952493
mp-705665,unknown,unconfirmed_candidate,triclinic,,5.140646560750955,-9.522655581093886
mp-778532,unknown,unconfirmed_candidate,trigonal,,-8.596580215170476,11.2074929695071
mp-2713137,0,label0,triclinic,,-0.1221728381366951,-5.417761059000707
mp-696590,0,label0,monoclinic,,-2.2031302368996926,-5.848583927532092
mp-505731,unknown,unconfirmed_candidate,monoclinic,,-3.6766240282973257,-0.6795697954018358
mp-762529,0,label0,triclinic,,-5.365410202238547,-3.519044514655514
mp-1046096,0,label0,triclinic,,-0.15712188257058202,-1.0833896649656474
mp-765659,unknown,unconfirmed_candidate,triclinic,,0.7415451505191228,1.900553951767673
mp-21273,unknown,unconfirmed_candidate,tetragonal,,16.31733359075877,5.377377101885482
mp-1204277,0,label0,triclinic,,-2.45183544935146,-10.600285703659285
mp-753904,0,label0,trigonal,,-38.213609711972985,39.12680417933524
mp-2227100,unknown,unconfirmed_candidate,triclinic,,15.257280414767482,11.232034794346376
mp-753623,unknown,unconfirmed_candidate,monoclinic,,7.71531075775008,-7.15563074669485
mp-1226053,0,label0,tetragonal,,2.5936748417557602,-2.8212186829767987
mp-1223968,unknown,unconfirmed_candidate,orthorhombic,,8.258630911135269,-2.199367621854435
mp-1187256,0,label0,tetragonal,,6.956613776841023,-2.3754843756393704
mp-1238517,0,label0,monoclinic,,-2.1637310767304427,-5.242166645529046
mp-776078,unknown,unconfirmed_candidate,orthorhombic,,-2.8272087085621855,24.11739280498563
mp-752841,unknown,unconfirmed_candidate,monoclinic,,-4.600837192266617,4.224018923762873
mp-1222443,0,label0,trigonal,,-1.211682812239033,-3.8675296722833714
mp-758021,unknown,unconfirmed_candidate,monoclinic,,-0.9611543086084566,3.5655014335376904
mp-1246027,unknown,unconfirmed_candidate,monoclinic,,8.403773366919056,-1.5921249239559039
mp-1207188,0,label0,cubic,,9.157892322210117,2.4045346509491488
mp-1192369,unknown,unconfirmed_candidate,hexagonal,,-7.952592775210416,-5.676268375238269
mp-1041164,unknown,unconfirmed_candidate,monoclinic,,-3.6831581220678977,1.3297407896624414
mp-27332,0,label0,tetragonal,,6.806559461349185,-3.252655017436732
mp-1188451,0,label0,cubic,,8.316424005676971,3.6952014449934225
mp-1008985,0,label0,cubic,,3.888940432649804,-3.186743981715219
mp-861576,unknown,unconfirmed_candidate,orthorhombic,,-5.454740330743238,-4.066255002654362
mp-761046,unknown,unconfirmed_candidate,trigonal,,-1.6922814791773249,1.6633160850673008
mp-20433,unknown,unconfirmed_candidate,tetragonal,,10.814115243859343,-1.7752025965065492
mp-1234188,unknown,unconfirmed_candidate,triclinic,,-2.5837357874765807,-4.36428866221522
mp-1520517,0,label0,orthorhombic,,-2.464905678760097,-9.40528365708948
mp-1220518,0,label0,monoclinic,,11.88466242726712,2.7995203379460705
mp-16380,unknown,unconfirmed_candidate,orthorhombic,,-1.9938343712301254,5.988115545902378
mp-774106,unknown,unconfirmed_candidate,monoclinic,,-1.3827090852551471,-2.0725190936840523
mp-19153,unknown,unconfirmed_candidate,cubic,Mn,-14.458052366620521,3.091123331188925
mp-27920,unknown,unconfirmed_candidate,hexagonal,,5.500181840044586,-7.809756694084047
mp-1093568,0,label0,orthorhombic,,-1.009818801961412,0.12644462621357988
mp-22794,unknown,unconfirmed_candidate,orthorhombic,,1.8326858063272802,4.501720802558875
mp-1223437,0,label0,tetragonal,,-4.018382040899056,0.3581675705695453
mp-1105151,unknown,unconfirmed_candidate,monoclinic,,-3.606231160957151,6.148870920861672
mp-1177051,unknown,unconfirmed_candidate,triclinic,,-3.4540186884904394,-0.4345990220107936
mp-1246557,unknown,unconfirmed_candidate,orthorhombic,,6.171115091591963,-0.09011460694696893
mp-1097368,0,label0,orthorhombic,,-2.8537424237627746,-3.33416593576826
mp-1217216,unknown,unconfirmed_candidate,triclinic,,0.6971924229240152,-2.7897732911264796
mp-1180037,0,label0,triclinic,,-10.431945746706756,-6.55562223225032
mp-707413,unknown,unconfirmed_candidate,triclinic,,3.1404837503748073,-5.943384086870729
mp-1235199,unknown,unconfirmed_candidate,monoclinic,,-0.13925694861231008,-5.202134038860411
mp-1022044,unknown,unconfirmed_candidate,orthorhombic,,-1.1213601731685827,-4.757642502308345
mp-1278519,unknown,unconfirmed_candidate,orthorhombic,,-2.44588558072574,-6.153499763814505
mp-2226161,0,label0,monoclinic,,-5.615213993636431,-1.4531559584230802
mp-36310,unknown,unconfirmed_candidate,orthorhombic,,-19.69726687496246,9.249908531091648
mp-21578,unknown,unconfirmed_candidate,monoclinic,,1.7188995600183432,2.5855468826601893
mp-1209211,0,label0,monoclinic,,-5.908564029049629,8.896842698752675
mp-1223524,0,label0,monoclinic,,0.8065061758187717,-1.3657678864691007
mp-1210311,0,label0,trigonal,,1.0912636233371273,-1.3578795445449163
mp-1213729,unknown,unconfirmed_candidate,monoclinic,,-9.933030252833369,11.781802727194176
mp-768733,unknown,unconfirmed_candidate,triclinic,,-2.0497372808514243,-2.330246135816557
mp-761001,unknown,unconfirmed_candidate,triclinic,,-3.4914126559976104,-1.4443245436150747
mp-1112588,0,label0,cubic,,-2.1981310503772598,10.5639439197294
mp-705365,unknown,unconfirmed_candidate,monoclinic,,-2.852951578286735,-4.7715331382146715
mp-756246,unknown,unconfirmed_candidate,tetragonal,,4.5195921644005566,-7.216394423618359
mp-1193066,unknown,unconfirmed_candidate,monoclinic,,7.465734833392396,1.1332441926036907
mp-1035769,0,label0,tetragonal,,-0.8707472547313131,-0.8647347157937446
mp-757805,unknown,unconfirmed_candidate,monoclinic,,-0.46714864396615496,-2.2304619214056505
mp-767526,0,label0,monoclinic,,0.4792430298372068,-3.1373253747564345
mp-549158,0,label0,hexagonal,,3.866227405022725,-4.0825402777309066
mp-30541,unknown,unconfirmed_candidate,monoclinic,,8.811368230015006,0.40141421124470966
mp-1103868,0,label0,triclinic,,-12.012514073115689,-8.362387522138603
mp-2985,0,label0,hexagonal,,1.1256524996288704,-0.32284499272402556
mp-1246544,unknown,unconfirmed_candidate,triclinic,,-0.4175534819511597,2.430088183026637
mp-761093,unknown,unconfirmed_candidate,triclinic,,4.295728451799667,-2.266166899797856
mp-1397424,0,label0,monoclinic,,-21.594307080762277,14.849906190171449
mp-770349,0,label0,monoclinic,,-9.540535123041298,-2.079877974819487
mp-1102068,unknown,unconfirmed_candidate,orthorhombic,,6.363634004504815,0.6669782858796154
mp-1234981,unknown,unconfirmed_candidate,triclinic,,-0.7791075950959794,5.456917379500588
mp-1224276,unknown,unconfirmed_candidate,orthorhombic,,2.7555935352853353,2.2541116075293246
mp-1223390,unknown,unconfirmed_candidate,tetragonal,,15.826056029378622,1.1747259381075423
mp-769518,unknown,unconfirmed_candidate,triclinic,,-1.6145122998177968,-1.2226588717740334
mp-2210742,0,label0,orthorhombic,,3.9993088525425673,0.7095822717075215
mp-636279,0,label0,cubic,,3.834656075562817,-2.38947513377944
mp-761099,unknown,unconfirmed_candidate,triclinic,,5.178268089701371,-7.220997377744553
mp-1046491,0,label0,triclinic,,-4.178499301156322,4.357404744266557
mp-2240484,0,label0,triclinic,,0.22800632439855661,-4.24033926963544
mp-9763,0,label0,orthorhombic,,1.5866910269713408,-7.262030310372603
mp-1221699,0,label0,orthorhombic,,-20.379777830503834,0.6493286121451121
mp-8632,0,label0,cubic,,5.464537893712873,0.6950280241156399
mp-1105578,unknown,unconfirmed_candidate,monoclinic,,-0.18431554308278209,1.5903952614480232
mp-752531,unknown,unconfirmed_candidate,orthorhombic,,-1.8550951217435099,3.798880224539122
mp-1216892,0,label0,monoclinic,,3.4854909348846768,-5.731492999657895
mp-766009,0,label0,triclinic,,-7.780355381953054,-0.08229122374512343
mp-26289,0,label0,triclinic,,-2.225275229470249,-4.675216113988835
mp-771091,unknown,unconfirmed_candidate,tetragonal,,-0.12252094557181437,-8.35978450836236
mp-1070806,unknown,unconfirmed_candidate,tetragonal,,25.967185509777387,16.752133451282976
mp-1522546,unknown,unconfirmed_candidate,triclinic,,-15.164259979073961,-2.6313733093002867
mp-2228378,unknown,unconfirmed_candidate,triclinic,,-6.8625483155854,6.567720467789663
mp-1213855,unknown,unconfirmed_candidate,cubic,,2.6284914748380537,-1.6789141121532047
mp-26191,unknown,unconfirmed_candidate,monoclinic,,-2.272544348095469,-0.05239767249976879
mp-773011,unknown,unconfirmed_candidate,orthorhombic,,-7.010651164108609,-4.594586531789
mp-1185191,0,label0,cubic,,9.423598832381504,-1.7023661928659966
mp-1111036,0,label0,cubic,,1.1665529075205896,9.446985716110582
mp-2714610,unknown,unconfirmed_candidate,triclinic,,-2.464028682824196,-4.3264857043066005
mp-772226,unknown,unconfirmed_candidate,monoclinic,,-14.846049049749688,-6.540843230454081
mp-1411498,0,label0,tetragonal,,-11.676919939520566,20.55892005413619
mp-1228205,unknown,unconfirmed_candidate,trigonal,,-3.567146754144918,-7.389726205960894
mp-774928,unknown,unconfirmed_candidate,orthorhombic,,-1.9401745038761682,-2.389383192705269
mp-1232253,unknown,unconfirmed_candidate,trigonal,,-0.5888993714070629,-5.9020751366475395
mp-1213304,0,label0,monoclinic,,-9.227930285127016,-8.706803134662533
mp-1213223,unknown,unconfirmed_candidate,tetragonal,,-5.945886798265214,11.847875575582496
mp-1045241,unknown,unconfirmed_candidate,triclinic,,-7.13999399605369,-0.45401413705653226
mp-1516519,0,label0,cubic,,-12.590661840459944,7.1187265777002615
mp-1444113,unknown,unconfirmed_candidate,orthorhombic,,-17.127563464421918,15.212830569857484
mp-1188027,0,label0,cubic,,19.843503161754416,1.388921706739474
mp-685259,unknown,unconfirmed_candidate,triclinic,,-1.6118972774755065,3.908335185134515
mp-1188683,unknown,unconfirmed_candidate,orthorhombic,,-3.626164323476633,-4.176552576421026
mp-554673,unknown,unconfirmed_candidate,monoclinic,,-1.8506058393219753,0.369364474684982
mp-774994,unknown,unconfirmed_candidate,triclinic,,-2.8878577498408546,6.709336411558734
mp-1190697,unknown,unconfirmed_candidate,hexagonal,,17.33468390797105,8.97489577322419
mp-727956,unknown,unconfirmed_candidate,monoclinic,,7.878798231967709,4.571897497927701
mp-1093565,0,label0,orthorhombic,,3.5926962251981145,-1.9104913126857372
mp-1223418,unknown,unconfirmed_candidate,tetragonal,,6.058124660757317,-5.441495597517198
mp-1215921,0,label0,orthorhombic,,12.239946527648272,3.2818834314552348
mp-1188058,0,label0,hexagonal,,16.784882137073993,3.403831423508933
mp-1017080,unknown,unconfirmed_candidate,orthorhombic,,-1.695268291991212,2.1996604607255428
mp-38006,unknown,unconfirmed_candidate,hexagonal,,10.215223792552454,-1.5030081906472947
mp-1208073,unknown,unconfirmed_candidate,orthorhombic,Tm,4.286082097149942,-3.788252054277155
mp-557523,unknown,unconfirmed_candidate,hexagonal,,-7.553638435824585,8.182919405063636
mp-1105290,unknown,unconfirmed_candidate,cubic,,13.80903911184479,13.036646857085813
mp-1202597,unknown,unconfirmed_candidate,triclinic,,-9.912912214800997,-7.063734492873543
mp-1185260,0,label0,cubic,,8.137058789692649,-3.367151042735914
mp-867138,0,label0,cubic,,8.211357733550606,-4.157682017985531
mp-567961,unknown,unconfirmed_candidate,tetragonal,,12.774355026804677,-1.870530929248977
mp-1079553,0,label0,hexagonal,,5.783837012518484,-2.172393167923053
mp-772666,unknown,unconfirmed_candidate,triclinic,,-3.0916518227533025,-9.06276471834247
mp-26001,unknown,unconfirmed_candidate,orthorhombic,,2.522543211490351,-2.059344425179866
mp-2231511,unknown,unconfirmed_candidate,monoclinic,,-6.441564898147021,-3.796341058451288
mp-1070400,0,label0,monoclinic,,14.143177377401091,10.578458815422316
mp-2272170,0,label0,orthorhombic,,-6.565186821048165,-8.868817859242334
mp-758135,unknown,unconfirmed_candidate,monoclinic,,-4.152336360217461,-3.8420489384219394
mp-1225299,0,label0,trigonal,,6.805042274130614,-5.021182121682262
mp-20111,0,label0,cubic,,-3.494207179938755,-0.6428026105974638
mp-9815,unknown,unconfirmed_candidate,orthorhombic,,-1.9042168699469286,-7.633016144895608
mp-1567267,unknown,unconfirmed_candidate,monoclinic,,-2.9159847395421146,-1.8718355317320654
mp-1094106,unknown,unconfirmed_candidate,tetragonal,,4.437715386020766,-5.138247159142145
mp-1302404,unknown,unconfirmed_candidate,monoclinic,,2.9609242775125146,-2.412089170508537
mp-1070152,0,label0,tetragonal,,13.093036687843924,3.9232419615591105
mp-2093,0,label0,cubic,,-7.343661274633913,17.076468108410293
mp-1078224,0,label0,tetragonal,,-0.4653026374331297,-0.8274088606663739
mp-1245296,unknown,unconfirmed_candidate,triclinic,,-7.69587777683935,1.9835654391135833
mp-756830,0,label0,triclinic,,-4.654390153533036,-3.270382303559405
mp-685231,unknown,unconfirmed_candidate,triclinic,,3.55777880709336,2.285887735458612
mp-865229,0,label0,cubic,,-8.359014535946589,7.2967997401884865
mp-1210751,unknown,unconfirmed_candidate,hexagonal,,1.719148483955916,4.843185428246148
mp-1211716,unknown,unconfirmed_candidate,orthorhombic,,-2.8320628998530353,0.9707113792035749
mp-558013,unknown,unconfirmed_candidate,orthorhombic,,-1.8536861439200791,-0.3385731698507968
mp-740,0,label0,orthorhombic,,-2.2847650242778847,6.047558875060734
mp-1246091,unknown,unconfirmed_candidate,orthorhombic,,5.844464903908806,10.392933844124705
mp-2228430,unknown,unconfirmed_candidate,triclinic,,-1.6068241407589419,2.0661315272182392
mp-840,0,label0,cubic,,-9.117838511110872,-0.4266910714019083
mp-28019,0,label0,monoclinic,,-3.795948751013775,7.0191180713168215
mp-570421,unknown,unconfirmed_candidate,monoclinic,,-12.942581331783678,-3.9840522979212416
mp-1106145,unknown,unconfirmed_candidate,orthorhombic,,11.75912361982924,-0.35331644853915023
mp-555421,unknown,unconfirmed_candidate,hexagonal,,0.4343904129342313,-3.2785234532655636
mp-1208023,unknown,unconfirmed_candidate,hexagonal,,-5.180962308854063,2.944687920741874
mp-1218138,0,label0,trigonal,,13.707359939114582,9.68216872235151
mp-1102417,unknown,unconfirmed_candidate,orthorhombic,,-2.2944800688301896,-0.5384991348146215
mp-542818,unknown,unconfirmed_candidate,monoclinic,,-2.5745738313002526,10.291114758402948
mp-1194701,unknown,unconfirmed_candidate,orthorhombic,,6.180586993201068,-2.24298587679095
mp-865622,0,label0,cubic,,-0.4244873896395127,0.3160702980444867
mp-756546,unknown,unconfirmed_candidate,orthorhombic,,-2.032690580590554,-0.3939033815223709
mp-772665,unknown,unconfirmed_candidate,monoclinic,,-8.493316342016414,-3.7074974787023454
mp-1238251,unknown,unconfirmed_candidate,monoclinic,,3.3080082116164924,-5.06311782319122
mp-759187,unknown,unconfirmed_candidate,monoclinic,,-1.4863792197085246,-2.3230451339851257
mp-12398,unknown,unconfirmed_candidate,hexagonal,,4.026573317559656,-0.4766575849571488
mp-776557,unknown,unconfirmed_candidate,monoclinic,,-3.7385935430729518,-0.5062152395376138
mp-766132,unknown,unconfirmed_candidate,orthorhombic,,2.17638006355358,-2.4796071339926904
mp-778612,unknown,unconfirmed_candidate,orthorhombic,,4.9061897572091855,-4.483700525327839
mp-1094837,unknown,unconfirmed_candidate,monoclinic,,7.104755321191293,4.372371600258123
mp-46,0,label0,hexagonal,,5.281125899897132,-2.4548728486873053
mp-1033,0,label0,cubic,,4.674332042673877,-1.6219078321013356
mp-866120,unknown,unconfirmed_candidate,cubic,,4.459449941415681,5.586813193992601
mp-556533,unknown,unconfirmed_candidate,triclinic,,-14.564947171606335,-2.7209872838131215
mp-1227008,0,label0,tetragonal,,-7.980182117017645,-1.9192240718797642
mp-756335,0,label0,triclinic,,-2.9915548917734966,-3.8995209191718363
mp-1217113,unknown,unconfirmed_candidate,tetragonal,,-5.982176216186989,1.3086724700772976
mp-1211528,unknown,unconfirmed_candidate,monoclinic,,-17.12792433347589,2.8207234032200716
mp-1101992,unknown,unconfirmed_candidate,hexagonal,,15.887251752033322,6.281980097358986
mp-2218951,unknown,unconfirmed_candidate,triclinic,,-0.5998615569923089,26.26373859811601
mp-1105782,0,label0,monoclinic,,-0.9724135316657723,4.964690797084909
mp-756370,unknown,unconfirmed_candidate,trigonal,,-5.190407616491761,2.502898706864748
mp-1232172,unknown,unconfirmed_candidate,trigonal,,5.805424632680555,-4.716241693584964
mp-1209861,unknown,unconfirmed_candidate,hexagonal,,15.381701025031298,1.158454249546704
mp-2218931,unknown,unconfirmed_candidate,monoclinic,,-6.131851641318271,-4.000700533477554
mp-26104,unknown,unconfirmed_candidate,triclinic,,-5.0480572530006995,2.09739636155917
mp-1225735,0,label0,orthorhombic,,7.685709401429202,-1.5543783071051447
mp-1446092,0,label0,trigonal,,-10.299529935697226,4.135546532383241
mp-6390,unknown,unconfirmed_candidate,orthorhombic,,-2.9730395000185332,2.2658992532009847
mp-1100893,0,label0,monoclinic,,-6.778409922099058,-1.1790386067982084
mp-1036614,0,label0,tetragonal,,0.9373830330706099,-1.850364029009416
mp-1521661,unknown,unconfirmed_candidate,orthorhombic,,-12.888756286349881,-4.569582702232136
mp-1021681,unknown,unconfirmed_candidate,orthorhombic,,-3.9908012515861095,1.6421588552457287
mp-1273249,unknown,unconfirmed_candidate,monoclinic,,-0.15152118942369341,-2.658107006676371
mp-1516493,unknown,unconfirmed_candidate,orthorhombic,,-15.899968220058263,-5.302383967815587
mp-778011,unknown,unconfirmed_candidate,hexagonal,,-4.360673825217322,-3.6504231035559407
mp-1184126,0,label0,cubic,,2.6425832682099113,-0.1167814495160222
mp-1221448,unknown,unconfirmed_candidate,triclinic,,-6.135621837775204,-4.14959705469686
mp-753743,unknown,unconfirmed_candidate,triclinic,,-0.729771959683454,0.17042622899380078
mp-2231270,unknown,unconfirmed_candidate,monoclinic,,-2.213366590677218,-5.811194514213929
mp-625407,unknown,unconfirmed_candidate,triclinic,,-13.603745491656092,-2.446576370432693
mp-778225,unknown,unconfirmed_candidate,triclinic,,20.277779747117098,20.29600538456452
mp-1239269,unknown,unconfirmed_candidate,monoclinic,,-8.825119789821407,7.424834634746251
mp-1221111,0,label0,trigonal,,19.568205480897625,6.85713905922513
mp-2217568,0,label0,orthorhombic,,-9.222649773004616,-0.36041556977243516
mp-764518,unknown,unconfirmed_candidate,triclinic,,-4.949386978939948,15.161265640457902
mp-1095780,0,label0,orthorhombic,,6.586789699539887,-0.3208655884151064
mp-1208525,0,label0,tetragonal,,4.358178695689459,1.3386018119501912
mp-1184916,0,label0,tetragonal,,12.154264329097124,-3.784068781950058
mp-1215698,unknown,unconfirmed_candidate,trigonal,,24.17181970271335,6.514762163142187
mp-780657,unknown,unconfirmed_candidate,monoclinic,,-8.485440791084997,0.10721102419317319
mp-1097514,0,label0,orthorhombic,,8.201006898135152,-4.20632192081313
mp-1209362,unknown,unconfirmed_candidate,orthorhombic,,1.1715767883499026,6.60801669390743
mp-1210249,0,label0,monoclinic,,-4.433716406690952,-6.6197883868699705
mp-1110616,0,label0,cubic,,-1.568699173442571,0.31622113242146455
mp-760097,unknown,unconfirmed_candidate,monoclinic,,-7.532281225312268,-1.8595212047354899
mp-1174281,unknown,unconfirmed_candidate,monoclinic,,0.5494143783725143,-6.524683649492703
mp-1581389,0,label0,triclinic,,-12.315281220390641,-6.321878245409966
mp-1105809,unknown,unconfirmed_candidate,monoclinic,,6.618031387967088,0.719601863847231
mp-1228708,unknown,unconfirmed_candidate,hexagonal,,8.400349495110778,0.3413134417641288
mp-1377576,unknown,unconfirmed_candidate,triclinic,,6.630142937885429,3.4251752728610008
mp-1244517,unknown,unconfirmed_candidate,triclinic,,-3.4583704321032585,-2.5407868596592103
mp-1102311,unknown,unconfirmed_candidate,orthorhombic,,9.695723864554811,-1.4705228190911814
mp-571212,unknown,unconfirmed_candidate,tetragonal,,9.570274113330393,-0.03883046409149671
mp-1518903,0,label0,cubic,,-18.300222298504977,-4.5385345371540655
mp-1026810,0,label0,orthorhombic,,-5.644013775358481,0.3797374935471254
mp-650715,unknown,unconfirmed_candidate,tetragonal,,-6.165066172607297,-4.451271187465842
mp-972275,0,label0,cubic,,2.871541738459026,-2.769628779802275
mp-850020,unknown,unconfirmed_candidate,monoclinic,,-8.87025467317876,-4.602066168942759
mp-1220159,0,label0,tetragonal,,-14.219296986071768,6.2307922671272316
mp-862367,0,label0,cubic,,7.262243846500606,1.1865095454652987
mp-755120,unknown,unconfirmed_candidate,orthorhombic,,4.797287053620606,-4.787892711759108
mp-756510,0,label0,triclinic,,-0.031811590381224164,-5.319766214884044
mp-1212975,unknown,unconfirmed_candidate,cubic,,9.553154903858028,0.8427449553934245
mp-1120718,0,label0,cubic,,-1.2053290632921971,-4.2722246716784795
mp-1184839,0,label0,cubic,,3.01580432699064,-0.24663019614126114
mp-1202016,unknown,unconfirmed_candidate,hexagonal,,-6.576045164693259,-2.271095030693367
mp-1218087,unknown,unconfirmed_candidate,trigonal,,-4.41598931105953,-3.026439804358107
mp-2216805,unknown,unconfirmed_candidate,triclinic,,1.054529122191422,-5.018625076329592
mp-1227647,0,label0,monoclinic,,6.807741931904188,0.43397629626542766
mp-779364,unknown,unconfirmed_candidate,orthorhombic,,-2.055844803500939,-6.9810656352091325
mp-1192839,unknown,unconfirmed_candidate,cubic,,-0.6213306449961316,-0.7639415031263574
mp-1022827,unknown,unconfirmed_candidate,orthorhombic,,-2.4315855663280885,-0.022102934065124202
mp-1219213,unknown,unconfirmed_candidate,orthorhombic,,-7.174542989385998,-6.069851220712554
mp-29146,unknown,unconfirmed_candidate,monoclinic,,-6.331892485714572,-3.2808170765982005
mp-1196314,0,label0,triclinic,,-2.518869222365513,-3.266703992663331
mp-774376,unknown,unconfirmed_candidate,orthorhombic,,-0.7400001643040959,-7.271664191136594
mp-25410,unknown,unconfirmed_candidate,triclinic,,6.20523821265024,1.6830765179805347
mp-1372490,unknown,unconfirmed_candidate,monoclinic,,-6.101899998432742,5.829240292738049
mp-1228984,0,label0,trigonal,,3.2628192468031294,0.29709175248633457
mp-505011,unknown,unconfirmed_candidate,orthorhombic,,8.902278401450051,-5.695675758023741
mp-1112758,0,label0,cubic,,5.675388630729358,-2.800536130847618
mp-631376,unknown,unconfirmed_candidate,cubic,,12.081276298651765,-0.5018091044741446
mp-11496,0,label0,cubic,,5.878146412181657,2.8564408392274068
mp-1177694,unknown,unconfirmed_candidate,triclinic,,4.183537697626676,1.2229869400982984
mp-1041272,unknown,unconfirmed_candidate,triclinic,,4.979580017952854,-9.282974272436045
mp-1042286,unknown,unconfirmed_candidate,orthorhombic,,-7.298889531062599,-3.67870633014139
mp-1044422,unknown,unconfirmed_candidate,orthorhombic,,-6.660927769302994,-3.0483620971330847
mp-567491,unknown,unconfirmed_candidate,orthorhombic,,4.667483588498888,3.233954731516466
mp-1098000,unknown,unconfirmed_candidate,orthorhombic,,-13.0203426082781,0.028489201147237964
mp-779987,unknown,unconfirmed_candidate,monoclinic,,19.580525476391628,19.84998614390923
mp-1182523,unknown,unconfirmed_candidate,monoclinic,,-0.7364235347876473,-1.7667490798865657
mp-1211109,0,label0,tetragonal,,2.1245508712706354,-5.843812801166161
mp-27100,unknown,unconfirmed_candidate,monoclinic,,-5.736036382912566,-1.9461463946279967
mp-1215332,unknown,unconfirmed_candidate,hexagonal,,9.698277095221549,-5.4547463821817335
mp-1025431,unknown,unconfirmed_candidate,orthorhombic,,3.1712362725780014,0.3364886281442949
mp-1184336,0,label0,tetragonal,,10.796231606756104,6.965594200123558
mp-839,unknown,unconfirmed_candidate,cubic,,7.01919413030426,-2.4817285496929298
mp-1110980,0,label0,cubic,,-15.00246397220507,25.277886471511795
mp-1038783,0,label0,cubic,,3.9447414107233545,2.084745892022468
mp-1518812,unknown,unconfirmed_candidate,orthorhombic,,-15.019071012735331,-4.610430088655292
mp-1227182,unknown,unconfirmed_candidate,monoclinic,Mn,6.945450784293465,-5.59154526212617
mp-5572,unknown,unconfirmed_candidate,triclinic,,3.3102791101601383,-8.864445390645011
mp-1218323,0,label0,tetragonal,,-21.806475371145112,10.22777853640359
mp-1218665,unknown,unconfirmed_candidate,monoclinic,,-6.80069576530606,-6.596488977412349
mp-10658,0,label0,trigonal,,15.54046463737473,3.4125626925945305
mp-764274,unknown,unconfirmed_candidate,tetragonal,,11.770343051252684,10.861958650775776
mp-884044,unknown,unconfirmed_candidate,triclinic,,-1.0896877723681726,-2.5317615219436522
mp-1183850,0,label0,tetragonal,,14.614478921898506,-2.3827263923517474
mp-1212063,unknown,unconfirmed_candidate,tetragonal,,7.709416553815307,4.171442656461295
mp-776687,0,label0,orthorhombic,,-3.148508316516267,-1.916142657078133
mp-3474,unknown,unconfirmed_candidate,trigonal,,8.216612257632951,-2.8373659085612832
mp-765199,unknown,unconfirmed_candidate,triclinic,,-3.142611761786508,-0.7033304880007378
mp-1191038,unknown,unconfirmed_candidate,tetragonal,,9.57747971498999,-4.922950913557978
mp-1181939,unknown,unconfirmed_candidate,triclinic,,11.569197673049455,1.0119356186613153
mp-1174179,unknown,unconfirmed_candidate,triclinic,,-2.89594941306979,-5.681803202073652
mp-760078,0,label0,triclinic,,-4.560892966780806,-6.0311286713411185
mp-1016301,0,label0,hexagonal,,2.279778362097023,-4.022791767074946
mp-1521367,0,label0,orthorhombic,,-0.3078918207217747,-8.850061589347924
mp-1245884,unknown,unconfirmed_candidate,triclinic,,16.20144516278981,-1.3957005823054516
mp-924129,0,label0,cubic,,10.16876778601703,-0.9294265575107552
mp-981378,0,label0,cubic,,0.9471701643485808,-1.4629549742951813
mp-2230090,unknown,unconfirmed_candidate,monoclinic,,0.17146397076627906,-4.780682701556206
mp-1218521,0,label0,tetragonal,,0.7572787165845121,-1.412084946196325
mp-2714242,0,label0,triclinic,,-2.649241527502671,-5.049756527033788
mp-2714756,unknown,unconfirmed_candidate,triclinic,,-2.0715749315279446,-6.2511166552187625
mp-1193763,unknown,unconfirmed_candidate,triclinic,,2.1788149983783995,-6.364335234934851
mp-978823,0,label0,cubic,,9.138207989826476,-0.6202995514062479
mp-1041461,unknown,unconfirmed_candidate,monoclinic,,-5.850015130190624,4.23874016997199
mp-1219265,0,label0,trigonal,,0.32790777825856665,-6.107320114509896
mp-603935,unknown,unconfirmed_candidate,monoclinic,,0.04607900220239358,-7.822748571849452
mp-761226,unknown,unconfirmed_candidate,triclinic,,-2.744660186213782,8.113557367687573
mp-1063156,0,label0,trigonal,,-3.744997110419117,1.760765194404435
mp-1325263,unknown,unconfirmed_candidate,monoclinic,,4.888543614108514,-1.384220257461589
mp-759326,0,label0,triclinic,,-7.462108939873147,6.545457876961159
mp-759551,unknown,unconfirmed_candidate,monoclinic,,15.77529520146948,17.402120881758083
mp-1181392,unknown,unconfirmed_candidate,triclinic,,2.5608571094698647,2.5608833413650665
mp-1206633,0,label0,orthorhombic,,2.4088243750407123,-1.1532430674590337
mp-25290,0,label0,triclinic,,-13.986086592274994,-8.155217437641367
mp-1032377,0,label0,tetragonal,,-8.998346778095847,5.057220810322459
mp-31953,unknown,unconfirmed_candidate,triclinic,,-0.7244196456205998,-3.3326125385531196
mp-1216495,0,label0,monoclinic,,8.528357556792612,1.2945499654457464
mp-1226825,unknown,unconfirmed_candidate,orthorhombic,,-0.4506348032366212,1.2876757970450505
mp-758459,unknown,unconfirmed_candidate,monoclinic,,-0.5749649245901338,-0.1368462995608084
mp-1025285,0,label0,monoclinic,,3.651311926149498,1.5213353441757782
mp-1200089,unknown,unconfirmed_candidate,monoclinic,,-3.515228925911586,1.6692102657497507
mp-2713000,0,label0,triclinic,,-0.2278499420649105,-5.542889144210436
mp-1078053,0,label0,tetragonal,,0.32973246285768454,4.553507171301462
mp-19979,0,label0,tetragonal,,8.86350682973375,-0.07467563038898462
mp-505074,unknown,unconfirmed_candidate,tetragonal,,-3.7141889768823866,-4.910577713505619
mp-19084,unknown,unconfirmed_candidate,tetragonal,,-7.1538005137593,1.8584169373455168
mp-1095372,0,label0,monoclinic,,0.08747096479411098,-7.168119240190366
mp-1248269,unknown,unconfirmed_candidate,triclinic,,-9.014416545265906,-0.549102742959068
mp-1517635,0,label0,cubic,,-4.09414520562094,-3.0291530594930762
mp-2218877,unknown,unconfirmed_candidate,monoclinic,,-0.0808108911977179,-4.082674113328094
mp-8514,unknown,unconfirmed_candidate,tetragonal,,-10.14877413419168,2.7131538969722726
mp-1178165,unknown,unconfirmed_candidate,monoclinic,,-8.880165671788156,2.195064533934424
mp-759692,0,label0,monoclinic,,-5.617730556521664,-4.221071991697199
mp-1100935,0,label0,triclinic,,-0.36194281173816734,-4.909842549349232
mp-863026,0,label0,hexagonal,,2.038901341138814,1.6260209156541414
mp-560212,unknown,unconfirmed_candidate,orthorhombic,,-4.452131586333067,-4.760358864280628
mp-772395,unknown,unconfirmed_candidate,monoclinic,,3.166552436671271,4.8268005202351745
mp-1078906,unknown,unconfirmed_candidate,triclinic,,4.839103553218354,-2.0060880062124298
mp-2715013,unknown,unconfirmed_candidate,trigonal,,-4.743926384252568,-0.31962589212360726
mp-2230696,0,label0,triclinic,,-0.578287380254551,-6.7218689670990415
mp-1174326,unknown,unconfirmed_candidate,triclinic,,2.871010749223185,-7.07939465678532
mp-1227544,0,label0,monoclinic,,-12.69222601266313,0.8296283962960018
mp-774663,unknown,unconfirmed_candidate,triclinic,,-3.7200852452413855,4.372668776717571
mp-975913,0,label0,cubic,,-6.830294752193751,-1.1246754342028638
mp-554252,0,label0,cubic,,-9.799766472159977,2.265260916658118
mp-849672,unknown,unconfirmed_candidate,monoclinic,,4.224188286266186,0.8675257411567152
mp-1110900,0,label0,cubic,,5.642398339942419,-5.8749916519324845
mp-1198868,unknown,unconfirmed_candidate,orthorhombic,,-0.9086710475214588,-5.716221831953426
mp-770519,unknown,unconfirmed_candidate,orthorhombic,,-6.821904117562983,-5.644673467178398
mp-1212900,unknown,unconfirmed_candidate,monoclinic,,-1.2034135403934236,3.214680283890008
mp-636331,0,label0,cubic,,2.8638614986014375,-1.5459431084625255
mp-1183728,unknown,unconfirmed_candidate,trigonal,,-4.224781128639567,1.2458852471343071
mp-1186699,0,label0,tetragonal,,8.392011234721002,-0.6023699664417244
mp-8949,unknown,unconfirmed_candidate,hexagonal,,1.3875983220780483,5.244342335275029
mp-768684,unknown,unconfirmed_candidate,trigonal,,-8.131606761763713,-9.179040118751995
mp-1204913,unknown,unconfirmed_candidate,orthorhombic,,-4.397297311028382,-0.36850504303856013
mp-1208015,unknown,unconfirmed_candidate,cubic,,2.569431426231297,3.8546930806048714
mp-567646,unknown,unconfirmed_candidate,tetragonal,,10.689057684091601,12.14939292354585
mp-7540,unknown,unconfirmed_candidate,trigonal,,5.960428451996355,-7.931178996607356
mp-865538,unknown,unconfirmed_candidate,cubic,,0.7214614016435021,-1.665276535483386
mp-1212980,unknown,unconfirmed_candidate,hexagonal,,0.9474175986040478,-7.3110328356487475
mp-540582,unknown,unconfirmed_candidate,orthorhombic,,-0.04023895644542819,-4.407931474830297
mp-752601,unknown,unconfirmed_candidate,monoclinic,,-1.5152948169814486,0.3493516371158272
mp-1192887,unknown,unconfirmed_candidate,orthorhombic,,-0.515302437764106,-2.2612696842493385
mp-1206126,0,label0,tetragonal,,2.3541530643999877,3.3256062656670693
mp-1410408,unknown,unconfirmed_candidate,trigonal,,-0.7240359487771855,0.6449386895998543
mp-1274114,unknown,unconfirmed_candidate,orthorhombic,,-5.63207402308424,8.5342892638633
mp-863395,unknown,unconfirmed_candidate,monoclinic,Co,-0.164642122755005,-3.835013191588306
mp-416,unknown,unconfirmed_candidate,cubic,,12.530706408558519,-3.0107297781358273
mp-8154,unknown,unconfirmed_candidate,orthorhombic,,-12.668629337234385,-0.7342508777985302
mp-7352,unknown,unconfirmed_candidate,orthorhombic,,5.036964409019667,-6.756063860464668
mp-734034,unknown,unconfirmed_candidate,orthorhombic,,-4.023012197378364,-2.752989646564888
mp-997042,0,label0,monoclinic,,5.881949371627002,-1.4103472115355462
mp-766037,unknown,unconfirmed_candidate,triclinic,,-9.068789502146394,0.1317842856281537
mp-1094110,0,label0,monoclinic,,4.231666289994729,4.056414377580651
mp-1210710,unknown,unconfirmed_candidate,orthorhombic,,1.1045340758493474,-1.7231214139298245
mp-752991,unknown,unconfirmed_candidate,monoclinic,,21.16834475718423,18.57078507783672
mp-1103380,0,label0,tetragonal,,-3.472894600600771,-4.420915417740334
mp-35701,unknown,unconfirmed_candidate,orthorhombic,,-15.568846170306905,9.91521226741687
mp-1079430,0,label0,tetragonal,,4.025173510578851,-3.414417238475723
mp-40134,0,label0,trigonal,,-1.1617637968655359,-2.4086298161121
mp-757685,unknown,unconfirmed_candidate,orthorhombic,,4.869100397961416,-6.8751715696333235
mp-780913,unknown,unconfirmed_candidate,orthorhombic,,-7.148799480403657,-5.87364612871742
mp-867368,unknown,unconfirmed_candidate,hexagonal,,14.462850232454038,1.3614304431041901
mp-1292648,unknown,unconfirmed_candidate,monoclinic,,6.257089997208642,4.042623632192662
mp-1183147,0,label0,cubic,,3.1649214579102907,0.7581353633679164
mp-771911,unknown,unconfirmed_candidate,monoclinic,,-0.9509679892416436,13.849809974609883
mp-753387,0,label0,triclinic,,-0.19383947900706033,-3.2752803001452566
mp-18992,unknown,unconfirmed_candidate,cubic,,-2.1566947652380186,-7.039486123411114
mp-735568,unknown,unconfirmed_candidate,monoclinic,,-2.4655478148250403,-4.501837678832473
mp-2714197,unknown,unconfirmed_candidate,triclinic,,1.7523992094453504,-7.394071867684469
mp-777443,0,label0,monoclinic,,-12.521098539685067,4.616869701305831
mp-24758,unknown,unconfirmed_candidate,monoclinic,,-0.17032359359466653,-5.985056622152129
mp-759944,unknown,unconfirmed_candidate,triclinic,,-3.480022555323149,-1.3260191378588857
mp-573,0,label0,monoclinic,,2.7915378459276603,9.19309943127265
mp-1025478,0,label0,orthorhombic,,2.7038812949899196,-2.5617011505069875
mp-1220718,unknown,unconfirmed_candidate,trigonal,,-1.7048188784815466,-6.92780922232218
mp-1105220,0,label0,cubic,,-6.800827960335539,14.94639800209475
mp-981544,0,label0,trigonal,,6.421780201708943,2.4897994669512933
mp-758176,unknown,unconfirmed_candidate,monoclinic,,5.007565769662049,-3.9702103989044115
mp-21053,unknown,unconfirmed_candidate,cubic,,6.891776754389353,3.755010383062981
mp-977535,0,label0,cubic,,3.162874168681265,-2.617284029174277
mp-2229415,unknown,unconfirmed_candidate,triclinic,,14.192248912025867,9.307836122035752
mp-758711,unknown,unconfirmed_candidate,monoclinic,,-6.651393596529765,1.9433190622228302
mp-9090,0,label0,trigonal,,2.0874663023109115,-3.1074011570770033
mp-1182718,unknown,unconfirmed_candidate,monoclinic,,0.6987018727479324,-2.197594551464963
mp-1022965,unknown,unconfirmed_candidate,monoclinic,,-4.452920339777766,1.0689129752215294
mp-758506,unknown,unconfirmed_candidate,monoclinic,,-3.188937014459789,2.4539661753610638
mp-1302349,unknown,unconfirmed_candidate,monoclinic,,-19.18571374206882,9.858236876127528
mp-1041822,unknown,unconfirmed_candidate,triclinic,,6.596594990723569,-5.888951881807268
mp-759451,unknown,unconfirmed_candidate,triclinic,,-0.3897841616284943,-1.0194605082695212
mp-510250,0,label0,trigonal,,-6.275036217040313,5.215728713010108
mp-1175515,0,label0,monoclinic,,-1.280488588539491,-5.887618517675408
mp-1236032,unknown,unconfirmed_candidate,triclinic,,5.054916902954835,0.3435014432485204
mp-2218825,unknown,unconfirmed_candidate,triclinic,,-11.736423571883016,5.8775088630905366
mp-753721,0,label0,trigonal,,8.593726788175315,1.0855696093794762
mp-16687,unknown,unconfirmed_candidate,tetragonal,,3.6523139301978382,-1.295679540662812
mp-1226932,unknown,unconfirmed_candidate,monoclinic,,-1.9356418108111946,-2.3381297183376457
mp-1097348,0,label0,orthorhombic,,12.569710371602895,0.8541841132436652
mp-1186306,0,label0,cubic,,0.6485936688531595,-3.7141928052189357
mp-1209225,unknown,unconfirmed_candidate,orthorhombic,,-7.349790787804693,2.6047460712643264
mp-1044379,unknown,unconfirmed_candidate,monoclinic,,-18.326313099741554,9.441350166523794
mp-1213505,unknown,unconfirmed_candidate,monoclinic,,-7.642685436527053,-7.840364513620569
mp-1290856,unknown,unconfirmed_candidate,triclinic,,-8.9562792224235,-8.145178415195183
mp-1245887,0,label0,orthorhombic,,6.768360468279251,3.9768502004537716
mp-1101579,unknown,unconfirmed_candidate,monoclinic,,3.4919374201793314,-4.817848257729583
mp-3576,0,label0,cubic,,4.223294173446256,-3.969773560255204
mp-1192666,unknown,unconfirmed_candidate,orthorhombic,,5.322589850872838,0.1669437409726875
mp-762988,unknown,unconfirmed_candidate,monoclinic,,-8.13023834951052,0.23325187615131426
mp-1343018,unknown,unconfirmed_candidate,orthorhombic,,-7.902029676370393,1.779246327976285
mp-1216879,0,label0,orthorhombic,,8.679064812373626,1.4035136064723872
mp-1218990,0,label0,trigonal,,6.4627077602258804,-5.529784110571676
mp-567366,unknown,unconfirmed_candidate,hexagonal,,3.28555287628037,0.22732900793167232
mp-29111,unknown,unconfirmed_candidate,orthorhombic,,16.46515526746364,11.234096415188958
mp-1213721,0,label0,orthorhombic,,-4.992243495122377,11.229368720004182
mp-758702,0,label0,triclinic,,0.9978027048820906,-7.63316409712964
mp-1203607,unknown,unconfirmed_candidate,monoclinic,,4.701362877545593,-2.489002208022338
mp-765427,unknown,unconfirmed_candidate,triclinic,,-3.233242294244004,-0.9137742175800092
mp-1222375,unknown,unconfirmed_candidate,orthorhombic,,2.0682241177043537,-4.200933124486131
mp-755016,unknown,unconfirmed_candidate,triclinic,,12.543278079701134,8.886101990509207
mp-756986,0,label0,monoclinic,,-1.1525599963143698,-4.190732003788863
mp-2229,0,label0,cubic,,7.8641282721718095,-1.5232508329868804
mp-1026866,0,label0,hexagonal,,-2.309570658325743,0.21952222853984793
mp-764837,unknown,unconfirmed_candidate,triclinic,,-1.1580742231411065,1.4626445947774762
mp-1228297,unknown,unconfirmed_candidate,hexagonal,,-3.680579363010814,-6.614709232006339
mp-818408,unknown,unconfirmed_candidate,monoclinic,,-4.167617419125055,5.340373881426245
mp-19267,unknown,unconfirmed_candidate,hexagonal,,-2.062077600421201,-6.452761414432999
mp-27904,unknown,unconfirmed_candidate,monoclinic,,16.91328721422794,12.794070746683882
mp-2714686,unknown,unconfirmed_candidate,triclinic,,-6.371010525983493,-2.0334086896263237
mp-1219847,unknown,unconfirmed_candidate,tetragonal,,0.4033126079200926,-3.4865823185340226
mp-1176585,unknown,unconfirmed_candidate,triclinic,,-3.660328708863389,-1.163356506799957
mp-1220963,0,label0,tetragonal,,2.753605370973645,-8.227223977412182
mp-20025,0,label0,tetragonal,,0.1687968445147341,-8.06628729388849
mp-1106121,0,label0,tetragonal,,12.96201234071524,4.735657564977437
mp-698640,unknown,unconfirmed_candidate,tetragonal,,7.100650841956364,-6.354178693358918
mp-770785,unknown,unconfirmed_candidate,cubic,,-8.674163816224912,1.2673675283608077
mp-759590,unknown,unconfirmed_candidate,orthorhombic,Fe,6.0823118455443765,-5.8376576274094525
mp-27849,0,label0,orthorhombic,,1.1588363429602246,1.9999753328575558
mp-753094,0,label0,monoclinic,,2.1118194949092164,-2.161415507922573
mp-1207825,unknown,unconfirmed_candidate,cubic,,6.203174941441649,-1.676936993817824
mp-1220549,unknown,unconfirmed_candidate,orthorhombic,,15.061635490520247,0.7375370107441732
mp-752624,unknown,unconfirmed_candidate,triclinic,,20.074502455292983,19.083828105752392
mp-21269,unknown,unconfirmed_candidate,tetragonal,,2.318392244066697,-3.253742416792374
mp-1095026,unknown,unconfirmed_candidate,tetragonal,,5.3354549286212904,-3.9898438756335715
mp-14093,0,label0,trigonal,,11.393184979024394,3.0329606897014294
mp-541508,unknown,unconfirmed_candidate,orthorhombic,,-4.582208990963984,-0.09846168960557122
mp-1077263,0,label0,monoclinic,,-9.826085987200528,8.76579657670839
mp-1021381,unknown,unconfirmed_candidate,orthorhombic,,-1.5130186095257798,-1.652111697731554
mp-1226023,unknown,unconfirmed_candidate,orthorhombic,,6.535142197337022,-2.9810282017325687
mp-1022642,unknown,unconfirmed_candidate,orthorhombic,,-2.0452632039552725,1.5232161293033535
mp-1028299,0,label0,orthorhombic,,-5.309949340125165,0.5822713444161458
mp-1518014,unknown,unconfirmed_candidate,tetragonal,,-5.831423748279153,-3.696093486281786
mp-2715883,unknown,unconfirmed_candidate,triclinic,,1.6656878246144728,-3.9079231702289015
mp-1154470,unknown,unconfirmed_candidate,cubic,,-8.975018628503609,0.7144520396612819
mp-1212985,unknown,unconfirmed_candidate,orthorhombic,,-0.7557882531250151,-4.9525250954237094
mp-2214725,0,label0,triclinic,,-20.2147950067802,-4.449442177535561
mp-699658,unknown,unconfirmed_candidate,monoclinic,,-9.319256028107429,-4.1061315005851355
mp-759158,unknown,unconfirmed_candidate,orthorhombic,,-1.8986016005131425,2.2675015668867466
mp-1521082,0,label0,cubic,,-14.18983394706052,-5.970827139136954
mp-1195209,unknown,unconfirmed_candidate,orthorhombic,,-0.22145210515974512,-2.463553896781516
mp-38593,unknown,unconfirmed_candidate,tetragonal,,6.744814973563782,-2.893097175293857
mp-1377306,unknown,unconfirmed_candidate,monoclinic,,-11.961821134868654,-2.542423171700573
mp-754881,unknown,unconfirmed_candidate,orthorhombic,,4.533538405578904,-6.3784528883695
mp-754895,unknown,unconfirmed_candidate,monoclinic,V,1.9242107403626143,-1.8376781501694808
mp-759563,unknown,unconfirmed_candidate,monoclinic,,15.880353128353622,17.61045685210203
mp-1208468,unknown,unconfirmed_candidate,cubic,,10.051069683857596,8.65986308197806
mp-1104272,unknown,unconfirmed_candidate,tetragonal,,10.761090243797584,-3.903850156831739
mp-23821,0,label0,triclinic,,-3.2942298045569522,-2.9809729524548185
mp-771782,0,label0,triclinic,,-0.9614414428554809,-0.9106992298178902
mp-1220915,0,label0,triclinic,,-10.524746967030186,2.1317102639279994
mp-1330795,unknown,unconfirmed_candidate,tetragonal,,-3.7075141684974504,-2.269765314314645
mp-753362,unknown,unconfirmed_candidate,orthorhombic,,-2.2813427410137557,2.4332344184661245
mp-705291,unknown,unconfirmed_candidate,monoclinic,,-2.9498041155231505,-6.072952406174645
mp-1023286,unknown,unconfirmed_candidate,orthorhombic,,-6.741754569484151,7.10189601902794
mp-2715087,unknown,unconfirmed_candidate,triclinic,,-1.18045703029399,-4.877672263144083
mp-28449,unknown,unconfirmed_candidate,orthorhombic,,-9.62555315945767,14.816893163889095
mp-1206813,unknown,unconfirmed_candidate,tetragonal,,5.352698712253979,-0.21540215181836686
mp-1202277,unknown,unconfirmed_candidate,monoclinic,,1.444617504312859,-1.6431861391148974
mp-765354,unknown,unconfirmed_candidate,orthorhombic,,-6.78421423229619,-7.009880661108969
mp-1220724,unknown,unconfirmed_candidate,trigonal,,5.852102472763034,-1.601888284760152
mp-2713948,unknown,unconfirmed_candidate,triclinic,,-1.1080201514312442,-1.9581068908499226
mp-2233214,unknown,unconfirmed_candidate,triclinic,,-14.354047776459474,4.227064508020881
mp-6049,0,label0,trigonal,,-0.43258676808111574,-8.427773165742247
mp-2230225,unknown,unconfirmed_candidate,triclinic,,6.228648862393419,3.0860390758865925
mp-16163,unknown,unconfirmed_candidate,monoclinic,,-31.58458658817397,0.5273250895393602
mp-1184610,0,label0,cubic,,-8.687806618225782,-5.110701168666665
mp-752628,unknown,unconfirmed_candidate,orthorhombic,,-4.87898944266561,-2.8848218849939933
mp-2215792,unknown,unconfirmed_candidate,triclinic,,-1.5727212094269447,-3.8444223423890485
mp-1264966,unknown,unconfirmed_candidate,triclinic,,-26.766215777483502,18.990799448838732
mp-759203,unknown,unconfirmed_candidate,monoclinic,,11.881419571490355,3.3951121498070584
mp-26143,unknown,unconfirmed_candidate,monoclinic,,-3.740716890414003,-3.341701476421971
mp-684768,unknown,unconfirmed_candidate,cubic,,-8.61370442113872,-5.139576983250464
mp-1199924,unknown,unconfirmed_candidate,monoclinic,,-3.2730023552436656,5.359878690391966
mp-1211062,unknown,unconfirmed_candidate,orthorhombic,,11.47971844031731,0.7890843491342956
mp-780331,unknown,unconfirmed_candidate,orthorhombic,,-1.0142900205099252,-1.2079804447848552
mp-1226226,0,label0,orthorhombic,,-0.5748283892611354,-3.7484620347101103
mp-1194343,unknown,unconfirmed_candidate,triclinic,,-2.012956602171972,7.411333082064708
mp-1182822,0,label0,monoclinic,,10.765505851680722,0.2548758838614731
mp-1211676,0,label0,cubic,,9.370062874089395,-3.856622144292503
mp-765352,unknown,unconfirmed_candidate,monoclinic,,-2.651717395860757,-1.32371726909982
mp-1032137,0,label0,tetragonal,,2.552346914757308,3.8996589839859297
mp-773199,unknown,unconfirmed_candidate,monoclinic,,5.188096224863701,-1.620692013314292
mp-1349907,unknown,unconfirmed_candidate,monoclinic,,-14.215347591915283,-7.6305079654418435
mp-1233262,unknown,unconfirmed_candidate,monoclinic,,-4.001428977302261,-6.1435922258989635
mp-1177174,unknown,unconfirmed_candidate,orthorhombic,,-10.280119703775,-3.25730455939868
mp-980189,0,label0,cubic,,7.028628707572079,5.93091846490152
mp-1197238,unknown,unconfirmed_candidate,monoclinic,,-9.34261049701928,0.6506529922024527
mp-1239237,unknown,unconfirmed_candidate,orthorhombic,,8.419002613409512,-5.212700785631203
mp-777806,unknown,unconfirmed_candidate,monoclinic,,-4.966677558772709,4.2816953080117095
mp-1208809,unknown,unconfirmed_candidate,triclinic,,-11.785450311258085,-0.9067705748570241
mp-1035738,0,label0,orthorhombic,,2.8310085011810244,-2.2499595240250336
mp-11818,0,label0,hexagonal,,17.681659765692114,5.115680015193469
mp-777471,unknown,unconfirmed_candidate,orthorhombic,,-9.161509139836884,5.2398663953596625
mp-18350,unknown,unconfirmed_candidate,tetragonal,,5.192386374555474,-1.9233698837616835
mp-1207195,0,label0,cubic,,1.9988195980246246,-1.4087121206277526
mp-557158,0,label0,trigonal,,-13.915574951849585,13.782860137136844
mp-1186268,unknown,unconfirmed_candidate,hexagonal,,-3.639840918868906,14.081385095233152
mp-1094118,0,label0,cubic,,-0.3150297506876072,-7.542562448379256
mp-753749,unknown,unconfirmed_candidate,orthorhombic,,-4.12035223990911,-2.881041164063477
mp-1206532,0,label0,tetragonal,,2.2066427421309385,0.8825540022250635
mp-10284,0,label0,orthorhombic,,12.671406448731833,2.514677594898732
mp-1232110,unknown,unconfirmed_candidate,orthorhombic,,3.2588838316584354,-2.1710783435210796
mp-1193662,unknown,unconfirmed_candidate,orthorhombic,,5.4173044780903865,-6.085001809902234
mp-1110733,0,label0,cubic,,1.1183841621203712,0.8071824227017252
mp-19897,0,label0,tetragonal,,11.66622359033968,3.8727836049029456
mp-781948,unknown,unconfirmed_candidate,orthorhombic,,1.9968909869459068,-5.272471591529019
mp-1178817,0,label0,triclinic,,1.182263609801229,-2.2240083774180253
mp-602355,unknown,unconfirmed_candidate,monoclinic,,-7.25596286187001,-8.425155598403492
mp-1209733,unknown,unconfirmed_candidate,trigonal,,6.936991549786596,-5.017659453101087
mp-738365,unknown,unconfirmed_candidate,monoclinic,,-10.072359396565226,-6.207130131485455
mp-1213628,unknown,unconfirmed_candidate,orthorhombic,,13.473183008729233,1.4915581312606356
mp-866184,unknown,unconfirmed_candidate,hexagonal,,6.939116199043779,-1.2861960930293534
mp-571575,unknown,unconfirmed_candidate,triclinic,,1.6255693013459336,-1.6846940694250137
mp-698583,unknown,unconfirmed_candidate,triclinic,,-14.150955057724701,-3.738477774409356
mp-1185984,0,label0,cubic,,6.387400869720107,-5.309872244051226
mp-26384,unknown,unconfirmed_candidate,triclinic,,-1.427446936399619,7.3349874262147345
mp-557081,unknown,unconfirmed_candidate,hexagonal,,-1.6499014145946092,-7.551946118237206
mp-2228966,unknown,unconfirmed_candidate,triclinic,,16.586120542536985,10.163019164996157
mp-646670,unknown,unconfirmed_candidate,trigonal,,-7.836621875952101,2.177797693435579
mp-2216105,unknown,unconfirmed_candidate,triclinic,,0.8046081564983325,16.65862635409604
mp-1908,unknown,unconfirmed_candidate,orthorhombic,,5.82162453786388,4.149168973866551
mp-1184515,unknown,unconfirmed_candidate,hexagonal,,16.901945712140176,-1.5216124502174555
mp-1666748,unknown,unconfirmed_candidate,triclinic,,-15.99992156033018,-1.2761725483769197
mp-7942,0,label0,trigonal,,-0.31657261191417163,-2.7816867130007754
mp-1096955,0,label0,cubic,,-2.2126078978282244,-8.386394451930146
mp-754315,unknown,unconfirmed_candidate,triclinic,,-4.206633065555156,-5.457392269058719
mp-18860,unknown,unconfirmed_candidate,tetragonal,,-1.9320468784343632,-3.80284217116718
mp-631319,0,label0,cubic,,1.6045806228707669,-4.7186960307434465
mp-2220209,unknown,unconfirmed_candidate,triclinic,,2.086918296169415,3.842522384180011
mp-1213234,unknown,unconfirmed_candidate,triclinic,,3.986399110910204,-7.024173739479597
mp-1213940,0,label0,tetragonal,,1.2363521054146815,1.1718604233875816
mp-942704,unknown,unconfirmed_candidate,monoclinic,,-8.804312055540155,-3.877038773064502
mp-542951,0,label0,cubic,,5.679602144342672,-2.2959101094148178
mp-1097083,0,label0,orthorhombic,,2.8189815113327974,-0.8558959061320515
mp-1207773,unknown,unconfirmed_candidate,orthorhombic,,5.351083111450048,-1.1005818978807582
mp-7911,unknown,unconfirmed_candidate,tetragonal,,5.334069340144858,-5.503246747726111
mp-758986,0,label0,monoclinic,,0.4248802237201623,-2.7639965465978378
mp-2230605,unknown,unconfirmed_candidate,monoclinic,,-10.576976973181456,3.2556823689809455
mp-504570,0,label0,monoclinic,,-0.5209078443508091,-2.68577918136611
mp-1218043,unknown,unconfirmed_candidate,trigonal,,6.230985564281443,-0.911558001744261
mp-1102390,unknown,unconfirmed_candidate,orthorhombic,,1.8151485525418813,2.7442766549047164
mp-1026535,0,label0,hexagonal,,-4.975584522241391,-0.013358378532934978
mp-14457,unknown,unconfirmed_candidate,cubic,,-5.104929704854442,0.14752935911473486
mp-757480,0,label0,triclinic,,3.6370301028648413,-1.1834442687489144
mp-34770,unknown,unconfirmed_candidate,tetragonal,,3.4227459815974495,3.9048831024028807
mp-1185296,0,label0,hexagonal,,6.289891075136971,-0.2480441594306022
mp-582540,unknown,unconfirmed_candidate,monoclinic,,-0.5718674656137175,-4.109987250530343
mp-1214608,unknown,unconfirmed_candidate,monoclinic,,-12.322706442518424,-3.718061281382777
mp-19864,0,label0,orthorhombic,,-15.87019667902235,-0.11097732955078143
mp-1228907,unknown,unconfirmed_candidate,tetragonal,,1.3231094892979165,-8.071489978392961
mp-16621,unknown,unconfirmed_candidate,trigonal,,-3.10487454317882,-4.474922307634229
mp-1202750,0,label0,hexagonal,,7.000862939366076,-0.008974455412857907
mp-1163922,unknown,unconfirmed_candidate,cubic,,-12.895068505910665,-0.002749176316090285
mp-1519011,unknown,unconfirmed_candidate,orthorhombic,,-16.136517025328402,-3.3076938888776564
mp-1215752,unknown,unconfirmed_candidate,orthorhombic,,-12.150464457042293,7.98882308357539
mp-675130,unknown,unconfirmed_candidate,triclinic,,6.0831605289204855,-0.9764072089419251
mp-1006146,0,label0,trigonal,,6.0086170143960285,-3.656730484365845
mp-1517190,0,label0,cubic,,8.304621688779527,-2.5976629650276735
mp-1224703,unknown,unconfirmed_candidate,monoclinic,,-3.505517621095848,25.666057576076273
mp-18825,0,label0,tetragonal,,-11.078145257930526,-9.21410294809732
mp-555779,unknown,unconfirmed_candidate,trigonal,,-3.093155465392204,-2.7352394472982358
mp-556255,unknown,unconfirmed_candidate,orthorhombic,,-4.536193990694471,-0.6960194540675424
mp-1517137,0,label0,orthorhombic,,-4.886123595003799,-3.7232556888596307
mp-1220161,unknown,unconfirmed_candidate,tetragonal,,-6.42464985760116,5.544746297489734
mp-1200300,unknown,unconfirmed_candidate,monoclinic,,-5.348217699071519,0.5278301258657656
mp-769616,unknown,unconfirmed_candidate,monoclinic,,-1.8540776999608966,-3.832067942609214
mp-542909,unknown,unconfirmed_candidate,cubic,,9.062078772924027,-6.649691547444739
mp-23183,0,label0,hexagonal,,-7.093014285430353,13.731587792302719
mp-1217798,unknown,unconfirmed_candidate,triclinic,,17.623337016781566,0.29811590183080483
mp-704944,unknown,unconfirmed_candidate,monoclinic,,7.987557816352943,0.3313124236453433
mp-1229263,0,label0,triclinic,,3.667987417843129,-2.069701331230979
mp-866025,0,label0,monoclinic,,5.207961157436184,-2.6975606570204373
mp-1208519,unknown,unconfirmed_candidate,tetragonal,,12.977908766670321,0.7158325626645698
mp-1522096,0,label0,cubic,,-8.60913233595296,1.9635003224314787
mp-1219147,unknown,unconfirmed_candidate,trigonal,,-0.16432575724273235,-3.4414127841574995
mp-2714831,0,label0,triclinic,,-0.32703973094248795,-4.6541511037305145
mp-2217558,unknown,unconfirmed_candidate,triclinic,,-4.318016835477952,-1.6294174305418494
mp-1197280,0,label0,monoclinic,,-5.71185894146679,-2.5880411986301635
mp-1185417,0,label0,cubic,,-17.092891922647922,-5.619790964942782
mp-1207511,unknown,unconfirmed_candidate,orthorhombic,,20.000252753511173,5.057290909319562
mp-31067,0,label0,hexagonal,,-6.161565176881357,-10.111559229814368
mp-1446026,0,label0,hexagonal,,-3.943433627232565,-9.802859481021883
mp-706469,unknown,unconfirmed_candidate,triclinic,,-4.1045752833618785,0.844926545698474
mp-1265975,unknown,unconfirmed_candidate,triclinic,,-6.985637786119284,2.106895894039738
mp-777778,unknown,unconfirmed_candidate,monoclinic,,-1.0335006854293596,-3.527647583296762
mp-1222528,unknown,unconfirmed_candidate,trigonal,,1.1868808463112686,-7.944875794770537
mp-559680,unknown,unconfirmed_candidate,monoclinic,,-2.4927504601060626,-4.293209648843565
mp-1221432,0,label0,monoclinic,,3.1620951751030884,0.7441522508698313
mp-1229227,unknown,unconfirmed_candidate,tetragonal,,7.803921153126229,-0.4373138537924852
mp-637614,0,label0,trigonal,,0.9680959454670877,-6.015698215892213
mp-1217680,0,label0,tetragonal,,9.594199174881464,1.6283844703963517
mp-1176900,unknown,unconfirmed_candidate,trigonal,,-4.18404083096247,-0.615850544547623
mp-1104372,0,label0,trigonal,,11.401024602740916,-1.800629331800831
mp-1212013,unknown,unconfirmed_candidate,orthorhombic,,-3.2725568404709726,-2.1768564577043374
mp-1207460,unknown,unconfirmed_candidate,tetragonal,,1.3504087140485552,-1.2719649383820268
mp-865080,0,label0,cubic,,10.069276617236053,-4.754937879006599
mp-1111673,0,label0,cubic,,-0.48992817301505553,-2.423847964552074
mp-1043448,unknown,unconfirmed_candidate,monoclinic,,-3.415343651305001,5.044753346182134
mp-1210336,unknown,unconfirmed_candidate,hexagonal,,-1.0012470148769914,-4.603891377071788
mp-1227739,unknown,unconfirmed_candidate,tetragonal,,0.5345896736875986,-5.219789583312469
mp-561461,0,label0,cubic,,-2.6310622927776706,7.313727240946346
mp-676881,unknown,unconfirmed_candidate,triclinic,,4.417773169310669,-6.196634057527422
mp-1043251,0,label0,orthorhombic,,-7.617643857697068,-3.692772868917375
mp-1100524,0,label0,triclinic,,3.372566644975654,-7.06557919884264
mp-1178443,unknown,unconfirmed_candidate,monoclinic,,-11.538614663881258,0.5190735228824295
mp-1197024,unknown,unconfirmed_candidate,orthorhombic,,-4.309025215262402,-3.9984257670190964
mp-1006226,unknown,unconfirmed_candidate,orthorhombic,,7.937023961979527,-2.5859790709359487
mp-775915,unknown,unconfirmed_candidate,monoclinic,,-2.161716298987873,-0.7488618704211056
mp-1094481,unknown,unconfirmed_candidate,hexagonal,,3.8392333447477185,-0.5050639132813757
mp-758823,unknown,unconfirmed_candidate,orthorhombic,,-0.3586732815396907,-3.6730286791779605
mp-979985,0,label0,hexagonal,,5.246193269095082,-4.756875931205105
mp-758407,unknown,unconfirmed_candidate,orthorhombic,,-1.3011677557572163,-7.155647928124031
mp-1099868,unknown,unconfirmed_candidate,triclinic,,-0.8957994519731862,-6.488702278270559
mp-34783,unknown,unconfirmed_candidate,orthorhombic,,-0.9387077816653857,-7.370809565983871
mp-2218227,0,label0,triclinic,,-14.39525649566879,-3.2796627160862304
mp-1519641,unknown,unconfirmed_candidate,orthorhombic,,-19.02197250529087,-3.839148219164528
mp-1094330,0,label0,orthorhombic,,6.964246455647645,-2.508844944706583
mp-510541,0,label0,monoclinic,,-12.428758554399923,-8.294235728512636
mp-771828,unknown,unconfirmed_candidate,tetragonal,,0.7736459366132564,-7.625668568323569
mp-1217891,0,label0,tetragonal,,1.867962574016012,-5.263282627039404
mp-849754,unknown,unconfirmed_candidate,monoclinic,,1.7914447593531193,-3.188069042104246
mp-1044202,unknown,unconfirmed_candidate,orthorhombic,,-14.61928908651987,0.7388308825749519
mp-758667,unknown,unconfirmed_candidate,tetragonal,,11.663139209294538,3.0642679305007086
mp-770903,unknown,unconfirmed_candidate,triclinic,,-0.29815260453272074,-5.788090840357812
mp-754766,0,label0,monoclinic,,-7.658941818417599,5.503032814198217
mp-1222092,unknown,unconfirmed_candidate,monoclinic,,2.315366474306199,-4.984625564353381
mp-22652,unknown,unconfirmed_candidate,monoclinic,,12.616777157266647,7.629189843294228
mp-1223298,unknown,unconfirmed_candidate,monoclinic,,11.682364104085305,2.745493884894884
mp-772407,unknown,unconfirmed_candidate,triclinic,,-3.5923964293618624,-1.0345316230783865
mp-1519196,unknown,unconfirmed_candidate,orthorhombic,,-9.036985561111283,-4.832924557661276
mp-1224279,0,label0,trigonal,,3.808012698982548,0.7175399844347439
mp-1185415,0,label0,cubic,,7.430370015243184,-1.3546217685805289
mp-850936,unknown,unconfirmed_candidate,monoclinic,,13.918753378908754,9.311409970398564
mp-1218609,unknown,unconfirmed_candidate,orthorhombic,,-7.7346032966396265,8.057137006449977
mp-1216255,0,label0,monoclinic,,4.951077978335425,-2.619149389884438
mp-1185094,0,label0,cubic,,9.7156480718013,-3.7078768381745384
mp-583030,0,label0,cubic,,3.5618713065327885,-2.8831526563393552
mp-1018692,0,label0,tetragonal,,3.816587805563781,3.9264659117749083
mp-663963,unknown,unconfirmed_candidate,triclinic,,-0.012348938281835586,-3.5243970013452888
mp-1213379,0,label0,monoclinic,,-10.853108225847723,-7.709025007442641
mp-1206296,0,label0,monoclinic,,6.660395862445133,0.6941866063936111
mp-1247191,0,label0,monoclinic,,-12.823845553367462,1.150172461855476
mp-1026864,0,label0,hexagonal,,-2.493045702099362,-1.078155180124746
mp-754461,unknown,unconfirmed_candidate,triclinic,,8.48980814416133,2.4899941685128333
mp-1221052,unknown,unconfirmed_candidate,hexagonal,,1.5150421842020805,3.171191804692082
mp-1217467,0,label0,hexagonal,,-7.2528803093856204,21.917144061246066
mp-866001,0,label0,cubic,,4.316956852149962,-1.8059047530075656
mp-1182732,unknown,unconfirmed_candidate,monoclinic,,-3.813378662415708,-6.0707884221109065
mp-25977,unknown,unconfirmed_candidate,orthorhombic,,1.179353703162306,4.395525181266613
mp-1202063,unknown,unconfirmed_candidate,monoclinic,,-2.1800541170530856,-4.385932348799486
mp-1232053,unknown,unconfirmed_candidate,orthorhombic,,5.715965914569125,-3.9028009816722538
mp-1212354,0,label0,cubic,,-1.9954372948830965,-1.3186976732868487
mp-1105361,0,label0,monoclinic,,-10.315004423318964,-4.618580096369204
mp-1187806,0,label0,cubic,,13.638681093232556,-0.3707995187764155
mp-1212140,unknown,unconfirmed_candidate,cubic,,-2.6337362828316273,-5.145893850856188
mp-1178005,unknown,unconfirmed_candidate,monoclinic,,6.15953612000388,-7.2790368342984575
mp-754841,unknown,unconfirmed_candidate,tetragonal,,1.704742086540005,-2.9173558927376835
mp-1177681,unknown,unconfirmed_candidate,triclinic,,-3.2006094146048873,8.888056846324265
mp-1516757,0,label0,cubic,,-1.2552389095960095,-3.733896151444183
mp-775301,unknown,unconfirmed_candidate,orthorhombic,,-6.609732386729998,-3.3410837260078843
mp-2232238,unknown,unconfirmed_candidate,monoclinic,,-4.416325023104129,2.872234872563631
mp-1041482,unknown,unconfirmed_candidate,orthorhombic,,-0.8059124649385971,1.3721372369176095
mp-581733,0,label0,tetragonal,,18.377252939703453,-0.15461072793485897
mp-776577,unknown,unconfirmed_candidate,monoclinic,,11.840861413591767,6.412875328945688
mp-767269,0,label0,triclinic,,-7.469578269946954,-0.3885650114988728
mp-1523149,0,label0,cubic,,-13.07749020874332,-5.2320650371719495
mp-1208861,unknown,unconfirmed_candidate,hexagonal,,15.920926636488199,1.025174511733809
mp-1037415,0,label0,tetragonal,,0.9355561349598958,-1.2148834411773102
mp-775202,0,label0,trigonal,,5.536785471141613,-0.513207202836842
mp-756651,unknown,unconfirmed_candidate,monoclinic,,-1.0676473222014238,-3.889080879098474
mp-1233211,unknown,unconfirmed_candidate,monoclinic,,-6.101106369026926,-3.659769077942226
mp-758958,unknown,unconfirmed_candidate,triclinic,,3.9731568026274893,12.936801497606002
mp-1183176,0,label0,cubic,,-31.38975473168052,29.25292389866588
mp-780128,unknown,unconfirmed_candidate,orthorhombic,,20.33611802189146,18.33708196410426
mp-24347,unknown,unconfirmed_candidate,monoclinic,,-1.5528840594343762,-4.683638775623651
mp-1048438,0,label0,tetragonal,,-13.210207789453122,4.339059382173829
mp-666157,unknown,unconfirmed_candidate,triclinic,,-1.1892322035341678,-4.997508143765183
mp-1215540,unknown,unconfirmed_candidate,orthorhombic,,-0.6125967792175722,1.431536745796901
mp-1224256,0,label0,triclinic,,-4.016186482870637,6.506396193766864
mp-1096431,unknown,unconfirmed_candidate,triclinic,,5.379607245829517,-2.144045109792655
mp-760773,unknown,unconfirmed_candidate,triclinic,,-4.104176156150114,-0.34339607812236395
mp-743715,unknown,unconfirmed_candidate,monoclinic,,-4.174122547762536,-1.4656807905451998
mp-1348043,unknown,unconfirmed_candidate,monoclinic,,-0.2092890188807921,0.4216302370236278
mp-770876,0,label0,triclinic,,-2.624377163999249,-1.6932699780379519
mp-756782,0,label0,trigonal,,1.8405657602643437,-2.474944293150756
mp-31118,unknown,unconfirmed_candidate,orthorhombic,,-7.1114932609858705,-3.8510970133609277
mp-1222987,0,label0,trigonal,,5.528473727965238,-5.952318651881237
mp-775130,0,label0,monoclinic,,3.2313823334249907,-7.334753581340651
mp-1095887,0,label0,monoclinic,,1.8015023671045576,-3.0829947316514374
mp-1040986,unknown,unconfirmed_candidate,trigonal,,-19.44031837551109,13.348895521205833
mp-756758,unknown,unconfirmed_candidate,monoclinic,,-2.441828567344576,-4.952806332573516
mp-15791,0,label0,trigonal,,1.1626643357819475,-5.405655596567179
mp-759094,unknown,unconfirmed_candidate,triclinic,,-0.60043025452838,8.322279581237222
mp-1209606,unknown,unconfirmed_candidate,orthorhombic,,4.020316531535332,-0.4748939645054264
mp-559129,unknown,unconfirmed_candidate,monoclinic,,-7.933955386331945,-6.6933359841065325
mp-1100553,0,label0,triclinic,,3.9008253963817445,-7.5825887786345145
mp-1235834,0,label0,tetragonal,,-4.43745639416403,-1.2493650843335793
mp-10857,unknown,unconfirmed_candidate,tetragonal,,7.4044851229544175,-5.784726544035717
mp-764583,unknown,unconfirmed_candidate,triclinic,,9.480068806376329,1.9187114541336392
mp-772267,unknown,unconfirmed_candidate,monoclinic,,-4.693986929812574,-3.515940966587255
mp-1179270,unknown,unconfirmed_candidate,triclinic,,-6.219387802981338,-2.5858649573043326
mp-1104798,unknown,unconfirmed_candidate,tetragonal,,2.195629001707438,-4.990954958040186
mp-1097409,0,label0,orthorhombic,,11.497148251307838,-0.7959891834876984
mp-1018742,0,label0,hexagonal,,-0.7059437247883196,-2.1028731868556587
mp-1194946,0,label0,monoclinic,,-12.662139072361239,3.3459192143822385
mp-1199675,unknown,unconfirmed_candidate,monoclinic,,1.375202281064169,-1.604612522830978
mp-648164,0,label0,triclinic,,6.628207978675121,8.73523091471975
mp-752635,0,label0,monoclinic,,-9.921038635619809,-3.5036022570699767
mp-26155,unknown,unconfirmed_candidate,monoclinic,,-0.5613494398871985,-1.2759941758546134
mp-1095749,0,label0,orthorhombic,,-1.1054581707448818,0.19831488939340502
mp-1222853,0,label0,tetragonal,,2.326731939093637,-2.1681536584785697
mp-1064667,0,label0,cubic,,5.664375461998253,1.9668724331882927
mp-1177194,unknown,unconfirmed_candidate,triclinic,,-3.1748015078087555,0.3745930303997689
mp-865272,0,label0,triclinic,,-2.593040292441273,-1.776072231753803
mp-26546,unknown,unconfirmed_candidate,triclinic,,-2.528229834332148,5.0680631103360945
mp-1208420,unknown,unconfirmed_candidate,tetragonal,,11.136852374662457,4.615598462516132
mp-1044893,unknown,unconfirmed_candidate,trigonal,,6.625719845244092,15.522184148128435
mp-777990,unknown,unconfirmed_candidate,trigonal,,6.22488917362403,-4.799028558853953
mp-1394404,unknown,unconfirmed_candidate,trigonal,,3.477123992607307,14.528097002694665
mp-1213294,unknown,unconfirmed_candidate,monoclinic,,-2.0070026127138547,-4.152717663877969
mp-2232825,unknown,unconfirmed_candidate,triclinic,,-11.499598442678746,1.9577174802893929
mp-1080371,unknown,unconfirmed_candidate,monoclinic,,5.845496087117779,-2.608202915388434
mp-1213237,unknown,unconfirmed_candidate,trigonal,,6.593344612092956,-5.177973327357474
mp-559242,unknown,unconfirmed_candidate,orthorhombic,,2.5635076240863626,-5.339935011460732
mp-22027,0,label0,cubic,,10.999749715780721,-0.1391242987914474
mp-861968,unknown,unconfirmed_candidate,tetragonal,,2.3959762496663792,0.27299806604159826
mp-1222844,0,label0,trigonal,,-38.079341140303264,13.157807344821837
mp-23955,unknown,unconfirmed_candidate,triclinic,,-0.9079726728967756,-6.386161435409582
mp-755228,unknown,unconfirmed_candidate,triclinic,,7.082880699285527,2.675930370682515
mp-1097292,0,label0,orthorhombic,,10.605280982354333,0.8995306976308051
mp-1212803,unknown,unconfirmed_candidate,orthorhombic,,6.068179782211407,-0.029466388138637
mp-1215936,0,label0,monoclinic,,7.149569206847408,-2.2887649098935032
mp-557552,unknown,unconfirmed_candidate,orthorhombic,,9.785670160245818,-0.8480570217009848
mp-557308,unknown,unconfirmed_candidate,trigonal,,-3.0948116734696427,-2.7387246451789498
mp-551900,0,label0,tetragonal,,4.405681233238733,3.69112365540256
mp-557348,unknown,unconfirmed_candidate,triclinic,,-2.99899944973615,1.0932786981060865
mp-6345,unknown,unconfirmed_candidate,hexagonal,,-1.0330682159236666,-8.100781753859643
mp-1247560,unknown,unconfirmed_candidate,triclinic,,3.921663556145008,8.330014249746561
mp-1229029,0,label0,tetragonal,,9.561688590954654,-4.90018844752921
mp-1211847,unknown,unconfirmed_candidate,orthorhombic,,8.320410073164437,-5.370182826398013
mp-999088,0,label0,orthorhombic,,1.3190925911547993,1.8436256921461087
mp-780181,unknown,unconfirmed_candidate,monoclinic,,-8.159485113467756,-7.219625581772169
mp-1225795,0,label0,monoclinic,,-0.6537510230556585,-6.591084040832085
mp-555949,0,label0,monoclinic,,0.9562861878452047,2.7903353987042046
mp-1225961,unknown,unconfirmed_candidate,orthorhombic,,2.629079564651665,-1.2223724303121912
mp-1383517,unknown,unconfirmed_candidate,orthorhombic,,-14.740106941774386,6.391802942679199
mp-1221775,unknown,unconfirmed_candidate,monoclinic,,3.1801599585078204,-0.9011974353471608
mp-510544,unknown,unconfirmed_candidate,orthorhombic,,-10.71613787731987,-5.623638506546799
mp-1397348,0,label0,monoclinic,,1.7465361392885725,2.4875248521716493
mp-1873,unknown,unconfirmed_candidate,tetragonal,,-0.9016524937128167,4.39287726614193
mp-754373,unknown,unconfirmed_candidate,orthorhombic,Fe,-2.842298185817441,-1.258248376936102
mp-1185076,0,label0,cubic,,13.998705684386255,-0.22422344004652572
mp-758474,0,label0,triclinic,,-0.4767940418350989,0.57124305783395
mp-6917,unknown,unconfirmed_candidate,hexagonal,,7.484107946986237,-0.18104912309365062
mp-1195823,unknown,unconfirmed_candidate,orthorhombic,,9.230528974587958,-6.067019911466343
mp-26095,unknown,unconfirmed_candidate,orthorhombic,,-0.933419788814092,-4.188358510882674
mp-1103036,0,label0,tetragonal,,0.3051781873957964,-4.578842043410999
mp-1042703,0,label0,cubic,,7.086070467793023,5.358704746201749
mp-20288,unknown,unconfirmed_candidate,hexagonal,,7.300406123830861,0.20068037985420162
mp-753010,unknown,unconfirmed_candidate,tetragonal,,2.9394983518424347,-8.478757240091728
mp-4911,0,label0,tetragonal,,2.5171148095943927,0.11657779691727299
mp-771290,unknown,unconfirmed_candidate,hexagonal,,-14.681849830276903,2.437742719234514
mp-766597,unknown,unconfirmed_candidate,triclinic,,-1.721755628998558,-1.872465589100699
mp-1217081,0,label0,tetragonal,,2.9955892170490124,-3.594356097669859
mp-865436,unknown,unconfirmed_candidate,cubic,,5.128313181050563,2.8558219642210823
mp-1180807,1,label1,orthorhombic,Mn,9.124189363374313,-3.9920619726079227
mp-1021341,unknown,unconfirmed_candidate,orthorhombic,,-0.7518403129485343,0.2870634815869444
mp-1093944,0,label0,orthorhombic,,-2.6963408317609883,-2.3670871157557922
mp-19376,1,label1,trigonal,Mn;Ti,7.402783453375321,-4.069323153058113
mp-13271,unknown,unconfirmed_candidate,orthorhombic,,5.351184183273157,2.1119499177136127
mp-4131,0,label0,tetragonal,,7.012274230133606,1.5501863411687289
mp-1211297,0,label0,monoclinic,,-5.580406920680456,-8.716274222123513
mp-759060,unknown,unconfirmed_candidate,triclinic,,8.305939330900113,0.9927007933244028
mp-1110663,0,label0,cubic,,-6.351236109473135,20.62905034485173
mp-505098,unknown,unconfirmed_candidate,monoclinic,,-7.3922760075609375,-3.770060764980073
mp-1202952,unknown,unconfirmed_candidate,hexagonal,,-2.906600063482326,-4.29440145500096
mp-1206013,0,label0,orthorhombic,,3.8462765052297634,0.5333485429785938
mp-753027,unknown,unconfirmed_candidate,trigonal,,-1.2381789108119001,-0.731523478811404
mp-20684,0,label0,cubic,,4.403350326130015,-0.9222678684789187
mp-780140,unknown,unconfirmed_candidate,hexagonal,,-2.8948051965153674,-6.897705147031136
mp-775127,0,label0,trigonal,,-18.72753466317682,7.027335768903651
mp-2230850,0,label0,triclinic,,-8.611974522665427,11.173145231775994
mp-757514,unknown,unconfirmed_candidate,monoclinic,,3.576059695465462,-5.8994613157580496
mp-781009,unknown,unconfirmed_candidate,triclinic,,-2.585506504800051,-4.701661724248005
mp-673636,unknown,unconfirmed_candidate,cubic,,-0.9725220362116573,-5.983065596280207
mp-1080742,unknown,unconfirmed_candidate,tetragonal,,-6.623458826691689,-0.3767847946521137
mp-779432,unknown,unconfirmed_candidate,monoclinic,,-3.1815326688026992,-1.4238212468748372
mp-2230455,unknown,unconfirmed_candidate,triclinic,,-1.5750790161485106,6.864871670194113
mp-2219734,unknown,unconfirmed_candidate,triclinic,,-1.1492474947436975,-4.323926676152663
mp-1094382,unknown,unconfirmed_candidate,orthorhombic,,7.574614428821455,-2.6941166349733265
mp-1186612,0,label0,hexagonal,,-10.348574972960531,7.806756564171991
mp-1228924,0,label0,trigonal,,0.8343045943891525,-2.1824387428776557
mp-1181843,unknown,unconfirmed_candidate,monoclinic,,-1.3235766283974542,0.1393090165748596
mp-1203735,unknown,unconfirmed_candidate,orthorhombic,,8.251310233400309,-3.046995053544995
mp-1224901,0,label0,hexagonal,,17.089388327396335,7.035397316729114
mp-683992,unknown,unconfirmed_candidate,triclinic,,6.994644562457639,0.8211208796548881
mp-6912,unknown,unconfirmed_candidate,hexagonal,,6.7921894349708865,-9.544269624790413
mp-1225617,unknown,unconfirmed_candidate,orthorhombic,,8.270391435106259,-1.722870052539907
mp-2714628,0,label0,triclinic,,-2.63329377851203,-4.890209684546338
mp-567317,0,label0,monoclinic,,-13.256861061874076,0.6062168258929965
mp-1201630,unknown,unconfirmed_candidate,monoclinic,,-3.396533358025721,-3.235248938941414
mp-766424,unknown,unconfirmed_candidate,monoclinic,,1.6432651199677402,7.122568194311214
mp-1239205,unknown,unconfirmed_candidate,monoclinic,,-15.179666170031787,10.603266910149856
mp-1522331,unknown,unconfirmed_candidate,orthorhombic,,-13.353051097153582,-6.237113463011569
mp-10279,0,label0,cubic,,8.233368966751836,-0.9264927759758912
mp-1376265,unknown,unconfirmed_candidate,monoclinic,,1.0722745033790986,3.0249664548985287
mp-759193,unknown,unconfirmed_candidate,monoclinic,,16.782101104040063,17.38203039504994
mp-725837,0,label0,triclinic,,-2.581473630089871,-5.0933535667064564
mp-1018770,0,label0,monoclinic,,-0.43555114635135084,-0.47921999207133936
mp-1223287,0,label0,orthorhombic,,10.353449669431125,-0.004441971185727311
mp-684707,unknown,unconfirmed_candidate,monoclinic,,-13.988674693457561,21.720915284364917
mp-759897,unknown,unconfirmed_candidate,tetragonal,,10.93353713928182,3.315437025735733
mp-569344,0,label0,tetragonal,,13.24495122916927,0.19553367913049158
mp-1102345,unknown,unconfirmed_candidate,trigonal,,8.569937981678802,-1.3232775701645476
mp-640159,unknown,unconfirmed_candidate,orthorhombic,,9.817323752328798,1.1928258858416356
mp-1032809,0,label0,tetragonal,,-4.044293913613952,2.2598802316564814
mp-1193774,unknown,unconfirmed_candidate,orthorhombic,,2.706480688694757,15.166356158846224
mp-676002,0,label0,triclinic,,-7.999883107798951,16.608039129663393
mp-1246319,unknown,unconfirmed_candidate,monoclinic,,10.124453698861538,-2.745736646596196
mp-859103,unknown,unconfirmed_candidate,monoclinic,,-0.3240814281492348,7.312666110925772
mp-1247380,0,label0,trigonal,,3.0547382967353762,1.9618191935928913
mp-1048505,unknown,unconfirmed_candidate,monoclinic,,-14.859101813466552,12.102656754469084
mp-762240,unknown,unconfirmed_candidate,monoclinic,,-2.8677636787402356,-4.944590970147562
mp-861603,unknown,unconfirmed_candidate,orthorhombic,,4.049379711240647,-5.82294219866329
mp-2224784,0,label0,trigonal,,1.3187358617471077,-1.1504548279547002
mp-1093651,0,label0,orthorhombic,,-5.994371754265725,5.664441812435836
mp-760222,unknown,unconfirmed_candidate,monoclinic,,-7.294836537540615,-5.460318890962064
mp-1245443,0,label0,monoclinic,,2.8687915822304504,13.09343197688333
mp-555358,0,label0,monoclinic,,10.33697516007249,-5.468539331801201
mp-774726,unknown,unconfirmed_candidate,triclinic,,-3.3151303972840367,-2.1367700090171127
mp-2714325,unknown,unconfirmed_candidate,triclinic,,-0.07953247035482036,-5.168126451717679
mp-1178316,unknown,unconfirmed_candidate,triclinic,,5.5544830344335985,-7.08452191285722
mp-1193296,unknown,unconfirmed_candidate,orthorhombic,,-2.258659481187234,-5.767017971837335
mp-1394733,unknown,unconfirmed_candidate,trigonal,,-0.5433025222177044,7.285111542993786
mp-1183999,0,label0,cubic,,11.461898674082747,-1.097001004794837
mp-754728,unknown,unconfirmed_candidate,orthorhombic,,-13.23231568004175,-1.3693951705368317
mp-1274900,unknown,unconfirmed_candidate,triclinic,,-1.9846958166563446,-8.174491858256138
mp-1213877,unknown,unconfirmed_candidate,orthorhombic,,-0.2763620145220749,-2.3246911112980424
mp-762679,unknown,unconfirmed_candidate,triclinic,,0.16473233595964132,-9.52077456057702
mp-1022659,unknown,unconfirmed_candidate,orthorhombic,,-2.689015656380473,3.9013144290490835
mp-849300,unknown,unconfirmed_candidate,monoclinic,,18.335154566698098,18.963007631965684
mp-1025457,0,label0,tetragonal,,4.549386045024779,-4.8199327786943265
mp-726709,0,label0,cubic,,-11.839827670815957,24.843451882783366
mp-761067,unknown,unconfirmed_candidate,orthorhombic,,0.9452579951478803,-3.9959436879879515
mp-23366,unknown,unconfirmed_candidate,orthorhombic,,4.782336117144153,-2.0982682932121737
mp-1102399,unknown,unconfirmed_candidate,triclinic,,-11.84777778648099,17.001319952948617
mp-5173,0,label0,tetragonal,,3.9647737230103406,-1.3165977170918097
mp-2224771,unknown,unconfirmed_candidate,triclinic,,11.680048615280134,10.46084201959334
mp-1192576,unknown,unconfirmed_candidate,triclinic,,-1.0635620933909316,1.0486399461401632
mp-13364,unknown,unconfirmed_candidate,hexagonal,,9.050982379118043,1.2795501391251953
mp-1246769,0,label0,orthorhombic,,-7.299986055147553,-1.6234006182283185
mp-1203443,unknown,unconfirmed_candidate,orthorhombic,,14.406590142032748,6.650352522969481
mp-631335,0,label0,cubic,,-1.2619449151672768,0.48431921535738454
mp-2219069,unknown,unconfirmed_candidate,orthorhombic,,-6.208978511280904,-5.0936914981007
mp-1032382,0,label0,tetragonal,,-0.8796630961732994,1.6671603313568149
mp-1180155,unknown,unconfirmed_candidate,monoclinic,,-0.6474246042236302,-1.6639695121452842
mp-756886,unknown,unconfirmed_candidate,orthorhombic,,-8.56709970522638,-4.38817716421249
mp-1225328,unknown,unconfirmed_candidate,orthorhombic,,6.491491622195458,-0.9899336652170057
mp-771754,unknown,unconfirmed_candidate,orthorhombic,,5.040772204042925,-2.1120663577431493
mp-1189753,0,label0,tetragonal,,-4.573786445039115,24.190827005868638
mp-769500,unknown,unconfirmed_candidate,triclinic,,-2.162408222517726,-0.733665578267825
mp-1080767,0,label0,tetragonal,,7.971007922752484,-0.5555587219552791
mp-1076932,0,label0,orthorhombic,,-3.4379740315187846,-5.9337155056898965
mp-1190472,unknown,unconfirmed_candidate,orthorhombic,,-1.232796649951716,-4.44081528748138
mp-1281202,unknown,unconfirmed_candidate,monoclinic,,-0.14097679348034475,7.226413605669549
mp-775445,unknown,unconfirmed_candidate,triclinic,,8.284055427934474,-2.0447194935483637
mp-26647,unknown,unconfirmed_candidate,monoclinic,,-2.6939537632295334,-2.4981921032349312
mp-2217551,0,label0,triclinic,,-1.9381793491427253,0.5221725465966749
mp-1237949,0,label0,monoclinic,,0.8613265462911777,-5.276285741922241
mp-554698,unknown,unconfirmed_candidate,orthorhombic,,-4.116806872012209,-5.894115331659249
mp-2230541,unknown,unconfirmed_candidate,triclinic,,3.3326315464359,-2.290311085565742
mp-559970,unknown,unconfirmed_candidate,triclinic,,-4.438986021796733,-2.320354103387343
mp-695985,unknown,unconfirmed_candidate,tetragonal,,-1.9128407490990185,-4.830153541927974
mp-1208671,unknown,unconfirmed_candidate,orthorhombic,,-1.5047346277553224,-5.691213014647442
mp-1185971,0,label0,cubic,,7.642011445516479,-2.76969173607994
mp-1028394,0,label0,hexagonal,,-2.2409063970707273,0.7869743631459016
mp-1188256,unknown,unconfirmed_candidate,orthorhombic,,-2.789700365849228,10.281484218850164
mp-30178,unknown,unconfirmed_candidate,cubic,,3.022407289469921,-6.908110560765206
mp-8132,0,label0,trigonal,,2.193799277136783,2.9085781903339942
mp-568891,0,label0,cubic,,9.065202607971932,-1.0217146295069277
mp-1176881,unknown,unconfirmed_candidate,triclinic,,-4.1270014956530225,-0.7058171228211627
mp-1191852,0,label0,cubic,,1.8767571848963307,-6.177777307843858
mp-978824,0,label0,cubic,,9.605879551528952,1.1119161073576436
mp-31603,unknown,unconfirmed_candidate,monoclinic,,-0.5411392575656961,1.6432817468347594
mp-755649,unknown,unconfirmed_candidate,monoclinic,,0.5567042750128657,-4.984138252086719
mp-568,0,label0,tetragonal,,13.155929367842223,-3.41862554622554
mp-1194023,unknown,unconfirmed_candidate,monoclinic,,-9.69791798434333,2.7995502667621217
mp-758505,0,label0,triclinic,,1.182725333249973,-3.9935972335208145
mp-757256,unknown,unconfirmed_candidate,triclinic,,-1.856460791100151,-5.444478877469933
mp-1041922,unknown,unconfirmed_candidate,orthorhombic,,-16.30745602336028,15.019168075731894
mp-1185304,0,label0,cubic,,-3.358167492973376,-2.7524111034074235
mp-2233579,unknown,unconfirmed_candidate,triclinic,,6.609991257335606,7.994800442137521
mp-656884,0,label0,triclinic,,12.657276828562981,3.7283189703149517
mp-767717,unknown,unconfirmed_candidate,monoclinic,,-5.320331505891016,-3.043531145632489
mp-1195801,unknown,unconfirmed_candidate,monoclinic,,-4.188881998877697,0.20115953472912906
mp-2222947,0,label0,trigonal,,0.41880689220564093,-3.837744016632433
mp-819752,unknown,unconfirmed_candidate,triclinic,,0.5163783507200961,-3.794728848637975
mp-1208313,0,label0,orthorhombic,,5.68619232363449,-1.5154108730740816
mp-22638,unknown,unconfirmed_candidate,cubic,,2.6483869252642833,8.15739101525299
mp-691115,unknown,unconfirmed_candidate,monoclinic,,-16.594913226070048,0.5129976809663042
mp-562419,unknown,unconfirmed_candidate,trigonal,,-6.623986217368714,0.1506514616828447
mp-1197236,unknown,unconfirmed_candidate,hexagonal,,7.582688962194537,1.7020951525798296
mp-1100504,0,label0,triclinic,,3.256770878913411,-7.116670207897295
mp-1235478,0,label0,trigonal,,-4.569564424552265,1.134813222384924
mp-1233044,unknown,unconfirmed_candidate,triclinic,,-7.325867330936749,1.2221698280127633
mp-19327,unknown,unconfirmed_candidate,orthorhombic,,-4.580322412303385,16.091606835533273
mp-1778883,unknown,unconfirmed_candidate,triclinic,,-9.924527523042865,11.099937385217874
mp-1176948,unknown,unconfirmed_candidate,triclinic,,-3.570601511141806,-0.4526516427268277
mp-1217874,unknown,unconfirmed_candidate,hexagonal,,-3.8916609112823366,-5.059862595758405
mp-22247,unknown,unconfirmed_candidate,orthorhombic,,9.335944877501374,4.835142259440694
mp-781504,unknown,unconfirmed_candidate,monoclinic,,-3.1204052537376334,-3.658599169916336
mp-754747,unknown,unconfirmed_candidate,triclinic,,-8.197485007543452,9.584572447722149
mp-604908,unknown,unconfirmed_candidate,tetragonal,,5.81241491066084,-3.1378949599042283
mp-1233019,unknown,unconfirmed_candidate,triclinic,,4.298628724565432,8.450906862791157
mp-697331,unknown,unconfirmed_candidate,monoclinic,,1.5043667400546106,-3.934091079412905
mp-11155,0,label0,hexagonal,,-9.485441443125275,0.8520029822235564
mp-771021,unknown,unconfirmed_candidate,triclinic,,-4.110147354681871,-2.473555826821576
mp-761322,unknown,unconfirmed_candidate,triclinic,,-1.6947445648173485,5.960710678326382
mp-757105,unknown,unconfirmed_candidate,trigonal,,-11.880361956163714,2.1920727764650287
mp-20133,0,label0,tetragonal,,11.062996701317209,-1.7344677809241436
mp-778512,unknown,unconfirmed_candidate,orthorhombic,,-4.653922164033855,14.573734539835538
mp-1183496,unknown,unconfirmed_candidate,tetragonal,,-25.487280162986956,4.083711872044827
mp-1823,unknown,unconfirmed_candidate,hexagonal,,5.872231087573821,-2.8581044436953498
mp-1232849,unknown,unconfirmed_candidate,monoclinic,,9.532705544713277,-1.656570372632066
mp-643066,unknown,unconfirmed_candidate,monoclinic,,-1.3259020171668858,-7.743995978064275
mp-1210725,unknown,unconfirmed_candidate,monoclinic,,1.348142159415417,-5.096159030401765
mp-1214596,unknown,unconfirmed_candidate,monoclinic,,-10.641502160439256,-3.497075647799985
mp-770823,0,label0,monoclinic,,-2.0076431196488436,2.6942557524071127
mp-1044937,unknown,unconfirmed_candidate,orthorhombic,,-1.7321975690303084,0.5650160912180233
mp-558952,unknown,unconfirmed_candidate,orthorhombic,,1.8736474986950356,16.415310895632555
mp-1216178,unknown,unconfirmed_candidate,trigonal,,4.131980611054631,-3.396058145382142
mp-1188996,unknown,unconfirmed_candidate,hexagonal,,12.177796602274977,-1.7477731962690193
mp-1178874,unknown,unconfirmed_candidate,monoclinic,,-9.245787924022288,-3.9334595651539335
mp-1214703,unknown,unconfirmed_candidate,monoclinic,,-5.6721856092344005,-3.205125269041419
mp-1023485,unknown,unconfirmed_candidate,orthorhombic,,-3.1195184633123283,-1.1585203664143329
mp-1210183,unknown,unconfirmed_candidate,orthorhombic,,3.9755438380086865,-4.903402745951789
mp-1216227,unknown,unconfirmed_candidate,orthorhombic,,18.23884750733004,2.273155933617737
mp-865202,0,label0,cubic,,-1.5283064132789335,7.162256724977876
mp-865277,0,label0,cubic,,12.43532242759699,-1.039317977780236
mp-753410,unknown,unconfirmed_candidate,monoclinic,,10.46377992777844,14.184410777988582
mp-1196472,unknown,unconfirmed_candidate,orthorhombic,,-1.9215617274141366,-3.014082928151609
mp-698317,unknown,unconfirmed_candidate,orthorhombic,,-1.7556119181053589,-3.78949513560071
mp-1521569,unknown,unconfirmed_candidate,triclinic,,-17.342776190017034,-4.020006274165304
mp-20197,unknown,unconfirmed_candidate,hexagonal,,3.6153223799244607,-1.5095468860507637
mp-567389,0,label0,cubic,,1.9253563382975187,-4.388677595343319
mp-34472,unknown,unconfirmed_candidate,tetragonal,,4.112847137635189,-0.9839860060939181
mp-773086,unknown,unconfirmed_candidate,monoclinic,,5.965282687386189,-4.487207099500031
mp-1102979,0,label0,triclinic,,-7.251958214683778,-8.430335392849607
mp-27912,0,label0,trigonal,,-0.6708263528169915,4.67696212736098
mp-2217908,0,label0,trigonal,,3.503680728828529,-1.811374243854397
mp-2210635,0,label0,monoclinic,,-8.251228948964005,-5.61459953828618
mp-1181604,unknown,unconfirmed_candidate,triclinic,,1.0960392804350079,-4.467844196999998
mp-1221133,0,label0,monoclinic,,-17.183930344429797,10.166908274667577
mp-1045989,0,label0,tetragonal,,-0.48005357640549917,-0.2183230857412397
mp-1036412,0,label0,tetragonal,,0.9073474683800633,-1.5398813783012528
mp-1219289,0,label0,tetragonal,,6.307597658137306,-0.03665151585245496
mp-30734,unknown,unconfirmed_candidate,hexagonal,,3.9113309696830267,0.9160780544664426
mp-1235036,0,label0,triclinic,,-0.2502422854902875,-6.776351097854084
mp-1211833,unknown,unconfirmed_candidate,monoclinic,,-6.908371883934777,-8.690229574389198
mp-1209886,unknown,unconfirmed_candidate,hexagonal,,8.205614600562576,7.159565577816
mp-1173238,unknown,unconfirmed_candidate,monoclinic,,-1.4434143691211254,4.9739790634526635
mp-559250,unknown,unconfirmed_candidate,orthorhombic,,-5.90891858982938,0.6720642823559331
mp-2725,0,label0,cubic,,13.314976069600494,7.262275090189778
mp-761285,0,label0,monoclinic,,-19.93810586328565,0.3360778756056888
mp-9028,unknown,unconfirmed_candidate,trigonal,,-4.805360450665805,2.4972480500285457
mp-1198567,0,label0,monoclinic,,-9.672985780301623,-3.128422526817504
mp-723480,unknown,unconfirmed_candidate,monoclinic,,-2.1742676548130575,-2.6779893470833933
mp-1520933,unknown,unconfirmed_candidate,orthorhombic,,-11.37469558483643,-4.0211681175103084
mp-1197289,unknown,unconfirmed_candidate,orthorhombic,,2.438374431577998,-1.151824115138723
mp-1102053,unknown,unconfirmed_candidate,orthorhombic,,-0.9902067729728223,3.627278166557055
mp-743517,unknown,unconfirmed_candidate,monoclinic,,-4.182945472591982,-8.96432694567232
mp-1079685,unknown,unconfirmed_candidate,tetragonal,,10.745017029573571,7.4063173829748585
mp-1045656,0,label0,cubic,,7.9706219950210855,5.076052253879801
mp-1021680,unknown,unconfirmed_candidate,orthorhombic,,-0.8455051848688626,0.6604372315389249
mp-505659,unknown,unconfirmed_candidate,monoclinic,,1.871507963848419,2.382362899866095
mp-759484,unknown,unconfirmed_candidate,orthorhombic,,3.640630967425942,0.6444466236068891
mp-766360,unknown,unconfirmed_candidate,trigonal,,7.967275036087901,0.9407823834706477
mp-1208811,0,label0,tetragonal,,4.858969423211249,0.25997584577912747
mp-1174296,unknown,unconfirmed_candidate,triclinic,,4.533791233461262,-7.602938101787666
mp-861293,unknown,unconfirmed_candidate,triclinic,,2.8830086341199745,-5.410993171191189
mp-1226776,0,label0,trigonal,,-17.28116565361296,-3.1638554176509164
mp-1274766,unknown,unconfirmed_candidate,orthorhombic,,-3.1275996018275407,2.391798158755144
mp-1210778,unknown,unconfirmed_candidate,orthorhombic,,-4.506761508464265,-1.0689491749680364
mp-1218384,0,label0,hexagonal,,13.297400212373848,1.9958657406149598
mp-1103677,0,label0,orthorhombic,,-4.967929350573424,-0.2984587794436955
mp-25825,unknown,unconfirmed_candidate,monoclinic,,-17.082465762734515,19.856581442210324
mp-754104,unknown,unconfirmed_candidate,monoclinic,,0.6694805840505254,-5.297387413290965
mp-768501,unknown,unconfirmed_candidate,trigonal,,-1.443712863793305,-5.396752810498098
mp-767781,unknown,unconfirmed_candidate,triclinic,,9.395603069293388,-3.0704627378137115
mp-1147658,unknown,unconfirmed_candidate,trigonal,,5.37246353994251,-1.1313233624686205
mp-866711,unknown,unconfirmed_candidate,monoclinic,,3.086697932439087,3.473725392587564
mp-7329,0,label0,trigonal,,5.577991796692832,-6.78768509383128
mp-1274857,0,label0,triclinic,,-4.370999820570233,3.492923034452094
mp-1349371,unknown,unconfirmed_candidate,triclinic,,-1.2585455002001495,0.8911410311989343
mp-1021959,unknown,unconfirmed_candidate,orthorhombic,,1.74066147774111,-0.06311537188543426
mp-1219870,unknown,unconfirmed_candidate,orthorhombic,,-11.8641160940968,-5.605050797802971
mp-1522933,0,label0,cubic,,-8.203386282155478,-6.729487191041677
mp-1226632,unknown,unconfirmed_candidate,orthorhombic,,8.309095930906418,-1.7829018228206372
mp-1185124,0,label0,tetragonal,,9.75580619323582,-2.4735315625423
mp-1203734,unknown,unconfirmed_candidate,orthorhombic,,-3.4578627668142516,-5.971137863635256
mp-758063,unknown,unconfirmed_candidate,monoclinic,,-1.4007454423936245,-4.084203772420818
mp-1522946,0,label0,cubic,,-7.955490815829354,-6.474763592162102
mp-1042514,unknown,unconfirmed_candidate,hexagonal,,4.990984750844577,-3.25434566311597
mp-2713108,0,label0,triclinic,,-2.03807590659072,-5.906889080752615
mp-1220112,unknown,unconfirmed_candidate,monoclinic,,16.090733542683214,1.2498333694177823
mp-1638691,unknown,unconfirmed_candidate,triclinic,,-13.098102000819992,2.4347027540749373
mp-1227060,0,label0,tetragonal,,-25.43543755874383,8.540541463403404
mp-26913,unknown,unconfirmed_candidate,triclinic,,-8.412121457845991,9.6133852495756
mp-17460,unknown,unconfirmed_candidate,monoclinic,,9.66973961241354,5.099857984044569
mp-771362,0,label0,trigonal,,-5.176142471147056,4.2990782493862625
mp-1041168,unknown,unconfirmed_candidate,monoclinic,,-4.419159638101117,2.1304582135774837
mp-757071,unknown,unconfirmed_candidate,monoclinic,,1.7291038843736857,0.4434955265784595
mp-1232979,unknown,unconfirmed_candidate,monoclinic,,3.863757635155487,-5.33916951833063
mp-1177304,unknown,unconfirmed_candidate,monoclinic,,3.125690413884943,-6.68351914476353
mp-1204171,unknown,unconfirmed_candidate,cubic,,1.1839314828591334,3.354968200149262
mp-1346119,unknown,unconfirmed_candidate,orthorhombic,,-3.6575495111035927,1.8690237674914982
mp-773131,unknown,unconfirmed_candidate,triclinic,,-4.561540987443173,-8.167672598036972
mp-1193216,unknown,unconfirmed_candidate,cubic,,1.874301342675551,-5.250770877836789
mp-1247154,0,label0,trigonal,,-1.964828021040244,-3.9362794796889258
mp-1202459,0,label0,triclinic,,-0.4712886853613085,-3.0050844096820253
mp-7778,0,label0,trigonal,,2.7276475746281967,-0.964760048928408
mp-1226599,0,label0,orthorhombic,,-1.7557331919118155,8.136379040622622
mp-1206008,unknown,unconfirmed_candidate,orthorhombic,,9.110341723482149,-0.5757032980252319
mp-1214361,unknown,unconfirmed_candidate,monoclinic,,-8.943012152955895,1.0007029284076872
mp-2216570,unknown,unconfirmed_candidate,triclinic,,-1.875355407004669,8.183035617712434
mp-862485,0,label0,cubic,,1.0668757243359934,-3.4061997478457737
mp-697758,unknown,unconfirmed_candidate,monoclinic,,-3.9103661436975585,-1.4270091504906475
mp-1289227,unknown,unconfirmed_candidate,triclinic,,-9.567170106952656,-1.836494319093795
mp-1233513,unknown,unconfirmed_candidate,triclinic,,-4.533568409572805,-7.140772634381978
mp-1235198,unknown,unconfirmed_candidate,triclinic,,-10.775813221124714,-1.1804198404791215
mp-1200913,0,label0,monoclinic,,-6.988183668068203,-2.071124313291774
mp-1516385,0,label0,cubic,,-12.514280373275685,-5.437898232949069
mp-772033,unknown,unconfirmed_candidate,monoclinic,,-12.254641480762775,-3.8248065741142785
mp-1319322,unknown,unconfirmed_candidate,triclinic,,-8.958673970808483,-8.212447970018461
mp-1176442,unknown,unconfirmed_candidate,triclinic,,-6.70371175299416,4.07216369085576
mp-1190720,unknown,unconfirmed_candidate,hexagonal,,7.583192544562788,3.2670255650989724
mp-1103008,unknown,unconfirmed_candidate,orthorhombic,,10.441318679259997,-3.336036243837526
mp-1220629,unknown,unconfirmed_candidate,trigonal,,1.679744219257291,-2.85596168496987
mp-582028,0,label0,cubic,,1.667165255500425,-4.728959320098701
mp-1199651,unknown,unconfirmed_candidate,orthorhombic,,4.83634617197429,-4.785387390898034
mp-559817,unknown,unconfirmed_candidate,monoclinic,,4.781227495228137,-6.386742962664611
mp-1232179,unknown,unconfirmed_candidate,orthorhombic,,5.964110619320122,-4.62003201963547
mp-8719,0,label0,orthorhombic,,3.9218725154913248,-7.44893653274373
mp-2216241,unknown,unconfirmed_candidate,triclinic,,5.283486343804546,4.013713709426646
mp-16852,unknown,unconfirmed_candidate,cubic,,-7.529593598916708,6.618995219026896
mp-1213406,unknown,unconfirmed_candidate,monoclinic,,9.751141299210486,9.017606695047824
mp-12054,unknown,unconfirmed_candidate,orthorhombic,,-22.10287480409378,12.56691108869607
mp-568136,unknown,unconfirmed_candidate,trigonal,,4.722706134048879,-2.2464289603793723
mp-1187466,0,label0,cubic,,4.370816576728698,-2.3358592414467125
mp-1048266,unknown,unconfirmed_candidate,monoclinic,,-5.34546438018981,3.3880379600098927
mp-559685,unknown,unconfirmed_candidate,orthorhombic,,1.408256328905125,-6.065197858185407
mp-1215736,unknown,unconfirmed_candidate,triclinic,,2.811332417964387,-6.0873255361965555
mp-978267,0,label0,cubic,,-4.678763622140341,0.43470654270332787
mp-644483,0,label0,cubic,,6.760620331193705,-2.0316186382236356
mp-756042,unknown,unconfirmed_candidate,orthorhombic,,10.037049414794467,6.4927488342827715
mp-758461,unknown,unconfirmed_candidate,monoclinic,,11.926912204821459,10.206000348740261
mp-1182377,unknown,unconfirmed_candidate,monoclinic,,4.1198376838126745,-7.875134907205121
mp-1185503,0,label0,cubic,,8.73968244715623,-2.482723357015427
mp-510598,unknown,unconfirmed_candidate,orthorhombic,,-4.426583863984881,-3.033193402746063
mp-1650669,unknown,unconfirmed_candidate,triclinic,,2.9172321402376227,-7.026604822477543
mp-1219905,unknown,unconfirmed_candidate,monoclinic,,0.2289069561530539,6.821233582621016
mp-1222313,0,label0,tetragonal,,3.6089231772253516,-6.071011618835236
mp-362,0,label0,trigonal,,-0.551779906706571,6.718229521450727
mp-1029763,unknown,unconfirmed_candidate,orthorhombic,,0.08034223535649332,1.7318890175179718
mp-759925,unknown,unconfirmed_candidate,orthorhombic,,-2.147416422075416,-4.550761306915154
mp-756392,unknown,unconfirmed_candidate,monoclinic,,5.170894825332297,-2.5971960248709536
mp-1185441,0,label0,cubic,,-1.8484594512861072,0.7733905689590195
mp-1518052,unknown,unconfirmed_candidate,orthorhombic,,-11.896541059233595,-6.622107067924826
mp-1104655,0,label0,orthorhombic,,-7.327400438177367,2.4172446762682505
mp-2218549,unknown,unconfirmed_candidate,triclinic,,11.937834295099048,15.684867222481909
mp-866201,unknown,unconfirmed_candidate,hexagonal,,7.648059355128526,-1.7228193781632086
mp-1323707,unknown,unconfirmed_candidate,triclinic,,16.00743842227696,9.502936344465827
mp-28402,0,label0,cubic,,3.407804902733959,-5.36793611049235
mp-631551,0,label0,cubic,,4.039772910023668,-6.114571302268102
mp-640578,unknown,unconfirmed_candidate,hexagonal,,-1.3471877805571317,-0.057746784128401174
mp-1219428,unknown,unconfirmed_candidate,tetragonal,,-2.165960753198597,0.23769002195874123
mp-762493,unknown,unconfirmed_candidate,triclinic,,-1.7720691900848031,4.006299508864508
mp-780320,unknown,unconfirmed_candidate,triclinic,,-7.07718938170121,5.262950661108722
mp-1221842,0,label0,orthorhombic,,-8.11955562702968,-6.009281537364927
mp-2229137,0,label0,triclinic,,-3.4318366282353523,-8.799704726133523
mp-1103886,unknown,unconfirmed_candidate,monoclinic,,-39.27773743545436,10.382412589753674
mp-1245392,unknown,unconfirmed_candidate,triclinic,,-1.1860148612754031,-4.7489856497443785
mp-772586,unknown,unconfirmed_candidate,monoclinic,,-5.104279922297039,-6.9639907615975165
mp-1016902,0,label0,cubic,,6.208861470842198,1.4404675701201128
mp-1199897,0,label0,triclinic,,-3.517255163142959,-3.7815146909382946
mp-7930,unknown,unconfirmed_candidate,hexagonal,,17.71295833179082,-0.36059032604108054
mp-1175360,0,label0,monoclinic,,4.424170608706806,-7.673986849164429
mp-2715991,unknown,unconfirmed_candidate,triclinic,,-1.8774556796020718,-3.682128102453742
mp-1192234,unknown,unconfirmed_candidate,orthorhombic,,12.126282589469447,6.80101085715582
mp-1206565,unknown,unconfirmed_candidate,tetragonal,,8.854489182169695,-3.865257160545424
mp-1104458,0,label0,tetragonal,,-5.387005872975507,-2.9858400412883714
mp-1247611,unknown,unconfirmed_candidate,monoclinic,,6.415882661822412,1.5974272611592504
mp-19271,unknown,unconfirmed_candidate,hexagonal,,-1.81198407015928,-8.20496670597737
mp-780184,unknown,unconfirmed_candidate,monoclinic,,-9.526577883091573,-7.789981981850623
mp-11404,0,label0,orthorhombic,,-13.025155284381952,6.662274447060092
mp-769118,unknown,unconfirmed_candidate,orthorhombic,,10.015872213523071,-2.3924851818708586
mp-1222142,0,label0,trigonal,,3.569074697598456,-2.5958173480192563
mp-1079447,0,label0,monoclinic,,14.663115040483717,11.297701101453299
mp-530141,unknown,unconfirmed_candidate,tetragonal,,-4.713137240297581,-4.9285005408910365
mp-1650011,unknown,unconfirmed_candidate,monoclinic,,-5.434383114830855,-4.5778720003270745
mp-754775,unknown,unconfirmed_candidate,triclinic,,6.835938501251457,6.9611667577810294
mp-1205508,0,label0,cubic,,4.825743535817516,3.7312933371332093
mp-557589,unknown,unconfirmed_candidate,orthorhombic,,3.905250419126551,1.7796205435380728
mp-637292,0,label0,trigonal,,-3.3074101337531268,-1.4761027711212726
mp-31756,0,label0,cubic,,-7.259563575536422,-4.026730899371833
mp-1104104,0,label0,tetragonal,,-0.6688290836105928,-0.2741846906299479
mp-540915,unknown,unconfirmed_candidate,orthorhombic,,9.225828486279184,6.186640456763477
mp-657233,unknown,unconfirmed_candidate,orthorhombic,,1.7311542022614468,-2.420941551736677
mp-17188,unknown,unconfirmed_candidate,cubic,,-1.9880265981182568,-4.697355174528907
mp-1228573,unknown,unconfirmed_candidate,monoclinic,,-15.82892693299037,-2.0892996223671894
mp-1071163,0,label0,hexagonal,,3.0580499297936967,0.09521102504150036
mp-1173021,unknown,unconfirmed_candidate,orthorhombic,,-2.393663974716233,-6.327979482840778
mp-1201350,unknown,unconfirmed_candidate,orthorhombic,,-5.021922337996717,-4.571441344732428
mp-2231262,unknown,unconfirmed_candidate,monoclinic,,2.1722493537551344,7.558916670264498
mp-776659,unknown,unconfirmed_candidate,triclinic,,2.3370334778466315,5.582003161776065
mp-29308,unknown,unconfirmed_candidate,tetragonal,,3.965538544833546,-5.641632111770836
mp-1181522,0,label0,tetragonal,,6.088926132106463,1.9883653502828587
mp-19875,0,label0,tetragonal,,7.062973802457865,-0.05704274419418098
mp-763211,unknown,unconfirmed_candidate,triclinic,,-0.7093289379620416,5.216240685447723
mp-1653728,unknown,unconfirmed_candidate,triclinic,,-3.0854937251960983,-6.081364091573526
mp-1105256,unknown,unconfirmed_candidate,tetragonal,,6.790341048364683,-6.322527965093666
mp-2241417,unknown,unconfirmed_candidate,orthorhombic,,1.4179154258056634,-5.089619921967797
mp-1197890,unknown,unconfirmed_candidate,orthorhombic,,0.7099202953438528,-1.9050634345508541
mp-1207866,unknown,unconfirmed_candidate,monoclinic,,4.343237572641385,4.957188906249673
mp-999290,0,label0,orthorhombic,,0.5751183083517475,2.178249502052026
mp-1047504,unknown,unconfirmed_candidate,triclinic,,3.120932951575176,-6.640940952729483
mp-1097208,0,label0,orthorhombic,,6.206706695937989,-0.25773808946431487
mp-1464,unknown,unconfirmed_candidate,hexagonal,,5.663011078350289,2.350612067103537
mp-1048396,unknown,unconfirmed_candidate,monoclinic,,-1.7406043985491806,1.0817695121496733
mp-757405,unknown,unconfirmed_candidate,orthorhombic,,-3.4415477347046846,4.213306997972705
mp-626489,unknown,unconfirmed_candidate,monoclinic,,-5.40479050139022,-3.3403250675689833
mp-655446,0,label0,triclinic,,2.8215833378108535,-5.333390416293922
mp-561426,unknown,unconfirmed_candidate,orthorhombic,,3.959448255559323,-7.183632263076117
mp-1517628,0,label0,cubic,,-13.972497492925498,-5.879863796342157
mp-1177904,unknown,unconfirmed_candidate,monoclinic,,-5.869714129326663,-3.946071194951058
mp-759371,unknown,unconfirmed_candidate,triclinic,,-1.8348211779344474,6.734233309887291
mp-1028338,0,label0,hexagonal,,-1.3892715796077226,-2.0158546544721254
mp-679936,unknown,unconfirmed_candidate,triclinic,,2.3558366884332855,5.445360114579874
mp-2218235,0,label0,trigonal,,-10.22466021684269,-4.017656310610835
mp-1104450,0,label0,orthorhombic,,-9.06063320571974,-1.7283393251107277
mp-2712993,unknown,unconfirmed_candidate,triclinic,,0.45077957052088635,-4.813924986400847
mp-1189887,unknown,unconfirmed_candidate,orthorhombic,,11.764357474266069,1.9005978424852579
mp-1192985,0,label0,monoclinic,,-2.945802782712118,9.621377046871402
mp-805821,unknown,unconfirmed_candidate,triclinic,,4.631653907044134,3.3080587851137437
mp-1173524,unknown,unconfirmed_candidate,orthorhombic,,4.54927890461931,0.3406197199682275
mp-696114,0,label0,trigonal,,-4.63822329363493,4.647163962311463
mp-1179384,0,label0,monoclinic,,10.713996864049859,-2.6581651878491677
mp-19749,0,label0,cubic,,6.224035574429459,-1.5325105619423809
mp-1077953,unknown,unconfirmed_candidate,tetragonal,,15.176448685943031,7.0484966033212295
mp-1207326,0,label0,triclinic,,-8.02310208808904,5.646319230588055
mp-1025491,0,label0,monoclinic,,11.749587846731291,-1.2009263682097426
mp-997161,0,label0,trigonal,,-3.121752888171784,-4.428784784671514
mp-2224758,0,label0,triclinic,,-3.392452065733689,-2.1273965999053406
mp-1275975,unknown,unconfirmed_candidate,orthorhombic,,-3.8487576987482157,4.2736670866480715
mp-1207695,0,label0,hexagonal,,-15.351757538740365,9.514437143039654
mp-1043512,unknown,unconfirmed_candidate,orthorhombic,,0.5984877826543773,5.061417494389296
mp-860886,0,label0,monoclinic,,3.3225329597703137,-7.727427601977366
mp-1193394,unknown,unconfirmed_candidate,monoclinic,,6.758311529981274,-1.8821376913438073
mp-776816,unknown,unconfirmed_candidate,orthorhombic,,-9.480677918970493,3.8469431691644793
mp-1105026,unknown,unconfirmed_candidate,orthorhombic,,3.432230051041211,2.7973371665036524
mp-561026,unknown,unconfirmed_candidate,triclinic,,2.9012946487071076,-4.9889882080110155
mp-1207558,unknown,unconfirmed_candidate,orthorhombic,,1.3787458136732198,-2.122264972240023
mp-2713051,unknown,unconfirmed_candidate,triclinic,,0.35478304580572484,-7.446754249855108
mp-1519033,0,label0,cubic,,-4.700749857022981,-4.3780857609508
mp-1369302,unknown,unconfirmed_candidate,cubic,,-13.257636211408318,-0.2855658331040374
mp-571648,0,label0,cubic,,7.090440200220451,14.884162504140246
mp-865045,0,label0,hexagonal,,5.842591583426531,-5.52506222154561
mp-1217111,0,label0,tetragonal,,1.9923556697301947,-3.8775947350803364
mp-1213695,unknown,unconfirmed_candidate,monoclinic,,7.516253400074772,-0.9649394903377129
mp-766878,0,label0,triclinic,,0.8559509665572378,0.6272068030924025
mp-651160,unknown,unconfirmed_candidate,triclinic,,-0.8031491388276102,7.8465540486784455
mp-1226766,unknown,unconfirmed_candidate,orthorhombic,,0.315196832658998,-0.6785661956924365
mp-1291989,unknown,unconfirmed_candidate,triclinic,,-1.0061565749338754,0.8950027302202308
mp-759032,unknown,unconfirmed_candidate,monoclinic,,-2.1006346690030924,-1.7431095378944317
mp-2228847,0,label0,triclinic,,3.8004634536599102,-5.820289126091904
mp-2714841,0,label0,triclinic,,1.1223507216030804,-7.629914929170397
mp-1233159,unknown,unconfirmed_candidate,triclinic,,16.346845440161584,12.669098589771647
mp-1286841,0,label0,monoclinic,,3.304119922129205,-1.1487242040137495
mp-867962,unknown,unconfirmed_candidate,triclinic,,-3.181755014982947,1.2090611136598177
mp-1028093,0,label0,orthorhombic,,-5.725845709250674,2.7000814189909548
mp-1033378,0,label0,tetragonal,,-4.203484079953501,2.548558875830505
mp-2714964,unknown,unconfirmed_candidate,triclinic,,-2.651389195363805,-5.137082267446177
mp-1213934,unknown,unconfirmed_candidate,cubic,,8.15616079873616,-1.5147234478135605
mp-1247656,0,label0,tetragonal,,-8.991739643428321,10.114471883107413
mp-775273,unknown,unconfirmed_candidate,trigonal,,1.283521782215768,3.8493065903988146
mp-20376,0,label0,monoclinic,,-7.493019796446003,-2.823951175945078
mp-1205381,unknown,unconfirmed_candidate,triclinic,,8.010006231027873,0.5094348098709851
mp-1224884,unknown,unconfirmed_candidate,monoclinic,,3.1277972902704896,-2.2091638176725557
mp-768333,unknown,unconfirmed_candidate,hexagonal,,-2.010825247219561,-6.603526902025267
mp-1228919,0,label0,orthorhombic,,17.827077643110275,0.3773204272308526
mp-700127,unknown,unconfirmed_candidate,monoclinic,,5.768737282927216,-9.30590769337855
mp-766727,unknown,unconfirmed_candidate,monoclinic,,5.23766035889653,-0.5795428369296545
mp-12527,0,label0,trigonal,,2.711371300860936,2.086059731764845
mp-1038045,0,label0,tetragonal,,1.1765467197461277,-1.8407775466640448
mp-558886,0,label0,trigonal,,-6.447778278607924,-5.106422302084523
mp-1078674,0,label0,hexagonal,,0.3820154983965196,5.366104568481642
mp-1084847,0,label0,orthorhombic,,2.4777554105057966,5.0801629342173875
mp-555227,unknown,unconfirmed_candidate,hexagonal,,-20.5948653150487,5.278496805626361
mp-1190663,unknown,unconfirmed_candidate,orthorhombic,,-20.244188050992307,5.326259908640559
mp-2219448,unknown,unconfirmed_candidate,triclinic,,-5.751359887188212,-1.7868904599887756
mp-1232298,unknown,unconfirmed_candidate,monoclinic,,1.0259754298069552,-5.720689728172948
mp-777909,unknown,unconfirmed_candidate,monoclinic,,-4.037179015004874,6.319270307557499
mp-1196390,unknown,unconfirmed_candidate,monoclinic,,-10.985705044982165,12.55902151788466
mp-974906,0,label0,hexagonal,,19.61082097209695,9.595569033321077
mp-1206138,0,label0,cubic,,9.997165330071985,6.224833031560877
mp-1400462,unknown,unconfirmed_candidate,cubic,,-5.451814955672944,-2.9349681029355477
mp-1080779,unknown,unconfirmed_candidate,tetragonal,,5.182335722019033,-1.0032534682615584
mp-1006278,0,label0,cubic,,11.52321193917334,-3.3610635250703407
mp-2228468,unknown,unconfirmed_candidate,monoclinic,,-7.400611430611967,7.6667498223738875
mp-729390,unknown,unconfirmed_candidate,monoclinic,,3.868331516301758,-1.9294951330030763
mp-760178,unknown,unconfirmed_candidate,monoclinic,,10.368528679235858,13.592120722865342
mp-1233746,unknown,unconfirmed_candidate,triclinic,,-3.937500481809799,-2.824438611373255
mp-1201655,unknown,unconfirmed_candidate,monoclinic,,-1.3617630991230243,-1.1382669851740665
mp-1247596,unknown,unconfirmed_candidate,triclinic,,6.899549954099491,-0.5396056620697287
mp-1110903,0,label0,cubic,,-2.1477462893878716,-2.4409725208281934
mp-677305,unknown,unconfirmed_candidate,monoclinic,,-1.5401500552052632,-5.5320124407909805
mp-1184149,0,label0,hexagonal,,10.220139268135195,-1.686560169566464
mp-1177857,unknown,unconfirmed_candidate,tetragonal,,12.285280940855465,1.5369485292409912
mp-976339,0,label0,cubic,,2.648029958150886,5.571377151693092
mp-1205892,0,label0,hexagonal,,16.58897648611418,-0.7564270003215512
mp-32736,unknown,unconfirmed_candidate,tetragonal,,8.111318936307573,-2.213219399715296
mp-18828,0,label0,trigonal,,6.848060083334802,0.552392675618492
mp-1104854,unknown,unconfirmed_candidate,cubic,,9.46539990375376,-4.154266173773278
mp-2224458,unknown,unconfirmed_candidate,triclinic,,-13.321016552363325,-1.849420469254481
mp-2231922,unknown,unconfirmed_candidate,triclinic,,1.6779662394237924,6.423432561148267
mp-778824,0,label0,triclinic,,1.109456272881559,-8.783670729460832
mp-1291459,unknown,unconfirmed_candidate,monoclinic,,8.283763149713785,-7.9595026762864745
mp-756611,unknown,unconfirmed_candidate,monoclinic,,4.910995831552908,-6.029425865313748
mp-1209800,unknown,unconfirmed_candidate,orthorhombic,,-8.211051760703779,3.6290525463926997
mp-1522483,0,label0,cubic,,-5.705066974364005,-6.21673643381583
mp-1227198,unknown,unconfirmed_candidate,monoclinic,Cu,-0.18489247406988696,-2.111440655418953
mp-649608,unknown,unconfirmed_candidate,cubic,,-9.098414776908271,-4.966322540866408
mp-3301,0,label0,tetragonal,,0.8734344873928848,-0.3030798266298902
mp-26367,unknown,unconfirmed_candidate,monoclinic,,-3.799413828544985,-3.029075956835408
mp-2221678,unknown,unconfirmed_candidate,triclinic,,10.79527783603709,-0.3609705983114928
mp-1216980,0,label0,triclinic,,-8.557672816393872,0.6584271033227012
mp-2713908,unknown,unconfirmed_candidate,triclinic,,-2.7323331301762046,-4.205184797915551
mp-1032742,0,label0,tetragonal,,-4.424439485843511,1.3551154900290747
mp-26040,unknown,unconfirmed_candidate,monoclinic,,-3.595867946955309,-2.446480872008941
mp-776616,unknown,unconfirmed_candidate,monoclinic,,-1.5335607269421097,7.626641817890231
mp-568928,unknown,unconfirmed_candidate,monoclinic,,-0.7584150705754347,1.8255529638990033
mp-1247667,unknown,unconfirmed_candidate,orthorhombic,,4.67036943714559,4.330352409282032
mp-570430,unknown,unconfirmed_candidate,hexagonal,,4.857537204436698,-3.322451658693039
mp-2215822,unknown,unconfirmed_candidate,triclinic,,-13.072877074298752,-0.9557087658564782
mp-1218631,unknown,unconfirmed_candidate,triclinic,,-5.711960090328674,-4.001816057806886
mp-1080865,unknown,unconfirmed_candidate,cubic,,5.467161895889673,-1.8731008925957813
mp-1238159,unknown,unconfirmed_candidate,monoclinic,,-1.179997640377131,-4.443119139351534
mp-754001,unknown,unconfirmed_candidate,orthorhombic,,22.011281825200015,17.547750844281776
mp-579259,unknown,unconfirmed_candidate,orthorhombic,,-4.19091193468331,2.3911207086380593
mp-556409,0,label0,trigonal,,-2.0974673361206193,-6.52402515979867
mp-1204826,unknown,unconfirmed_candidate,orthorhombic,,5.012364164749792,-1.2352885688820265
mp-1097443,0,label0,orthorhombic,,12.307935602137754,1.5209610719308913
mp-1177928,unknown,unconfirmed_candidate,monoclinic,,-12.549558661271718,-0.5616274173798743
mp-9293,unknown,unconfirmed_candidate,orthorhombic,,3.5629024041585104,-1.9581446477059945
mp-1194961,unknown,unconfirmed_candidate,orthorhombic,,-10.750782504107242,-1.5906400197231676
mp-1200026,unknown,unconfirmed_candidate,hexagonal,,-10.795495023326808,-5.923925111332222
mp-2229673,unknown,unconfirmed_candidate,monoclinic,,7.762173672998987,1.0031874208496454
mp-2713020,unknown,unconfirmed_candidate,triclinic,,-1.6544481816612873,-6.599985717247195
mp-558631,unknown,unconfirmed_candidate,monoclinic,,-9.719188933188839,10.448007556793495
mp-601616,unknown,unconfirmed_candidate,triclinic,,-4.889160860899178,-2.7535152459413563
mp-1209557,0,label0,orthorhombic,,-19.727584327258917,17.188215679105962
mp-1406521,unknown,unconfirmed_candidate,triclinic,,4.1191479673451035,6.205042774346161
mp-3462,0,label0,cubic,,4.7794153138019215,-1.8016044159235207
mp-768685,unknown,unconfirmed_candidate,monoclinic,,0.3945171862256345,-3.004607651977242
mp-21976,unknown,unconfirmed_candidate,orthorhombic,,-8.168943287380923,-1.674641294641173
mp-1199848,unknown,unconfirmed_candidate,monoclinic,,-8.31375994742179,-6.682074682478966
mp-2225285,0,label0,monoclinic,,14.512427809571202,12.102768212770822
mp-767610,unknown,unconfirmed_candidate,orthorhombic,,-8.554894714082202,6.392478146290824
mp-1200509,0,label0,triclinic,,9.02576188139638,2.943686515191864
mp-1106269,unknown,unconfirmed_candidate,orthorhombic,,2.7713500682911523,-1.5368991358203896
mp-10356,0,label0,cubic,,11.284253446521124,-1.7432601154645226
mp-1201266,unknown,unconfirmed_candidate,tetragonal,,15.413362853188866,7.358091345894085
mp-866027,0,label0,cubic,,2.6244832282697317,-1.090177509850026
mp-2240589,0,label0,monoclinic,,-7.411228842630845,1.6820888316676736
mp-763740,unknown,unconfirmed_candidate,hexagonal,,-6.460367833138498,4.5776464217421164
mp-1237097,unknown,unconfirmed_candidate,monoclinic,,1.6944175799284587,12.149500886323473
mp-1213135,unknown,unconfirmed_candidate,orthorhombic,,4.045223968264551,-5.36311502533013
mp-1799,unknown,unconfirmed_candidate,cubic,,4.598161326762364,-3.2835423404394337
mp-1388832,unknown,unconfirmed_candidate,monoclinic,,-6.881767061594164,5.199995627290246
mp-1044537,unknown,unconfirmed_candidate,monoclinic,,-16.246591691573826,7.516294114469897
mp-756327,0,label0,triclinic,,-0.133661390611163,-5.297464180921253
mp-757406,unknown,unconfirmed_candidate,orthorhombic,,-1.019473046300714,7.165823459142462
mp-1274433,unknown,unconfirmed_candidate,monoclinic,,-4.67827012011557,2.8098435252986107
mp-12669,0,label0,trigonal,,8.470742590102757,-1.7763640048368128
mp-755237,0,label0,monoclinic,,-0.595166160623176,-4.456523469499498
mp-1101998,unknown,unconfirmed_candidate,trigonal,,3.042806741034884,6.828496550428056
mp-1177499,unknown,unconfirmed_candidate,triclinic,,-3.9080352112053838,0.331132741976468
mp-1516448,0,label0,orthorhombic,,-4.8093897167936746,-4.13444753310219
mp-1214129,0,label0,cubic,,4.904129420717307,22.00323908377209
mp-1026891,0,label0,orthorhombic,,0.17624147860603046,-1.3145649694280053
mp-867176,0,label0,cubic,,6.716319822525566,-4.426715029490984
mp-766957,unknown,unconfirmed_candidate,monoclinic,,0.28698140709515485,-3.1782289065067033
mp-1446443,unknown,unconfirmed_candidate,orthorhombic,,-29.312355675745422,11.028738808219092
mp-979967,unknown,unconfirmed_candidate,cubic,,2.2191371958948274,5.704141587678116
mp-1187380,0,label0,cubic,,18.21924266110937,11.719171706008431
mp-1234253,0,label0,trigonal,,-4.021642558197819,4.220733476387597
mp-865508,unknown,unconfirmed_candidate,hexagonal,,7.822229653105719,-3.5045848151378625
mp-772570,unknown,unconfirmed_candidate,orthorhombic,,12.67701338493869,4.919003504373379
mp-735600,unknown,unconfirmed_candidate,monoclinic,,-7.623813949389493,-3.3564181527465813
mp-1184869,0,label0,cubic,,0.1831416255281333,8.08776165389715
mp-6027,unknown,unconfirmed_candidate,orthorhombic,,0.04467802204056426,-1.6399627318495664
mp-1106290,unknown,unconfirmed_candidate,orthorhombic,,2.1101260042369283,-6.00701949048729
mp-1198533,unknown,unconfirmed_candidate,monoclinic,,2.0534968117699073,-3.2856277314025437
mp-780666,unknown,unconfirmed_candidate,orthorhombic,,4.895023718312762,-7.038748763333091
mp-979940,0,label0,cubic,,23.16492604295435,3.2533427911725674
mp-756867,0,label0,hexagonal,,-3.649332415094584,-4.22198204648282
mp-753579,unknown,unconfirmed_candidate,monoclinic,,-4.664774482482066,12.432500422639901
mp-1180180,unknown,unconfirmed_candidate,orthorhombic,,4.015882797128638,-0.9100258983632799
mp-1302177,unknown,unconfirmed_candidate,monoclinic,,-8.302228101139331,3.2180618530679617
mp-757801,0,label0,monoclinic,,3.0539242363870756,-5.427501683169719
mp-2714847,0,label0,triclinic,,1.1279609824231436,-6.696658005635758
mp-1234243,unknown,unconfirmed_candidate,orthorhombic,,3.1460153936852358,-5.939751864223888
mp-1516633,unknown,unconfirmed_candidate,tetragonal,,-18.262881692121425,-3.2427152211016264
mp-1238885,unknown,unconfirmed_candidate,orthorhombic,,-5.867524234774773,2.9805887679585226
mp-1218919,unknown,unconfirmed_candidate,tetragonal,,-1.5048292549230027,2.0285306886495533
mp-1210461,unknown,unconfirmed_candidate,hexagonal,,8.483409006057016,4.714194557265376
mp-2222767,0,label0,monoclinic,,4.584202523601704,-2.3729738955705493
mp-865380,unknown,unconfirmed_candidate,cubic,,1.7689445242214568,12.706660559192507
mp-1220305,unknown,unconfirmed_candidate,tetragonal,,2.699610233021968,1.9733580847787948
mp-982558,0,label0,cubic,,0.2581702210335628,5.255219402502878
mp-561087,0,label0,triclinic,,-7.774986737519711,-5.625157661412137
mp-1522971,0,label0,cubic,,-6.3974587157592495,-6.750721679023812
mp-1192730,unknown,unconfirmed_candidate,monoclinic,,-5.149294244522224,3.214552086769036
mp-764888,unknown,unconfirmed_candidate,triclinic,,-1.8442250191017635,5.893725127718426
mp-1213567,unknown,unconfirmed_candidate,trigonal,,5.8141582931890525,-5.809518247932132
mp-1222435,0,label0,monoclinic,,-10.63868950383803,-8.62723829859501
mp-12682,0,label0,trigonal,,-0.13064569117962677,-5.197036938449514
mp-1225314,unknown,unconfirmed_candidate,tetragonal,,-8.90755154564554,0.8940979223677381
mp-1221251,0,label0,tetragonal,,6.303862426690291,0.34058784307304535
mp-6203,unknown,unconfirmed_candidate,monoclinic,,-2.552996898962789,-3.2913058262922874
mp-1203675,unknown,unconfirmed_candidate,hexagonal,,4.283549912562194,0.813234437280137
mp-766237,0,label0,triclinic,,-5.042251254077605,-3.4284085880045083
mp-572287,unknown,unconfirmed_candidate,orthorhombic,,6.637545594229737,0.34875802826875457
mp-1205678,unknown,unconfirmed_candidate,tetragonal,,5.391561485530522,-0.08587379952119889
mp-540779,unknown,unconfirmed_candidate,triclinic,,-5.5253259819332605,-5.468550463279449
mp-1193101,unknown,unconfirmed_candidate,hexagonal,,2.6907948270426196,-1.3121262548335029
mp-1188689,0,label0,monoclinic,,2.0829395190133866,-7.874182138892804
mp-1203060,unknown,unconfirmed_candidate,monoclinic,,-6.143852442893515,-1.7044715523225307
mp-27924,0,label0,trigonal,,11.476534705052533,-0.9228223079989064
mp-570553,unknown,unconfirmed_candidate,monoclinic,,10.26385647040334,3.7624899656748916
mp-1519437,unknown,unconfirmed_candidate,orthorhombic,,-20.739391150751793,2.851623589380697
mp-1223559,0,label0,cubic,,1.2745900654623625,5.422197495642788
mp-1008688,unknown,unconfirmed_candidate,cubic,,3.0698343499498577,-0.44266480658829366
mp-1205551,0,label0,orthorhombic,,2.7893702588187317,1.0581301050794494
mp-1233989,unknown,unconfirmed_candidate,triclinic,,-4.954233756249202,-5.872095566284626
mp-23055,unknown,unconfirmed_candidate,orthorhombic,,3.0376015741559037,6.0699860350337325
mp-2227859,0,label0,orthorhombic,,-5.267989172779448,22.98907365249281
mp-23609,unknown,unconfirmed_candidate,trigonal,,-0.9028533803526173,-3.004492063143358
mp-1181925,0,label0,cubic,,6.988244691547685,-4.594981629711089
mp-1212971,0,label0,monoclinic,,-18.598100458718946,17.79714893975977
mp-1327310,unknown,unconfirmed_candidate,monoclinic,,12.245389868837915,-3.8817634310984754
mp-21816,unknown,unconfirmed_candidate,tetragonal,,3.8326697465779755,0.8089113900344671
mp-2230279,unknown,unconfirmed_candidate,monoclinic,,8.813844111725679,5.341826340239091
mp-571397,unknown,unconfirmed_candidate,monoclinic,,4.484785869778076,2.8665554362968457
mp-1094027,unknown,unconfirmed_candidate,hexagonal,,2.150019280670854,2.9496694184307337
mp-672653,unknown,unconfirmed_candidate,cubic,,7.9226746110298105,-1.548053248003832
mp-24208,0,label0,cubic,,6.9610290562742225,-6.627167244314917
mp-18320,unknown,unconfirmed_candidate,cubic,,4.928345975595146,5.222718044726808
mp-10950,0,label0,monoclinic,,2.673751365886286,11.177488465484664
mp-1197897,unknown,unconfirmed_candidate,cubic,,8.027851490716337,1.6668763183478497
mp-756503,unknown,unconfirmed_candidate,monoclinic,,-3.0730542464537507,-4.889787736707344
mp-1233185,unknown,unconfirmed_candidate,monoclinic,,1.829605748200283,-0.4738932760303811
mp-1197505,unknown,unconfirmed_candidate,orthorhombic,,4.753728328038793,8.053159808754952
mp-1176445,unknown,unconfirmed_candidate,triclinic,,-6.317197903058734,3.8748591707972366
mp-2224829,unknown,unconfirmed_candidate,triclinic,,13.236600115270392,9.415242489911307
mp-759471,0,label0,triclinic,,1.4789212473028428,-7.0889155391631355
mp-2217427,0,label0,monoclinic,,3.5703008284826225,8.855075273800171
mp-546790,unknown,unconfirmed_candidate,tetragonal,,8.09350925616841,1.8093339321088813
mp-1209956,0,label0,cubic,,5.221676064303235,0.7676602694110457
mp-1271198,unknown,unconfirmed_candidate,monoclinic,,20.00258152670377,0.4151930938006778
mp-1189261,unknown,unconfirmed_candidate,tetragonal,,5.038283867017045,-1.2557768435925176
mp-1212790,0,label0,monoclinic,,2.5255018289881903,3.1180292405370658
mp-1078990,unknown,unconfirmed_candidate,hexagonal,,-0.6626026942066225,-3.285418674154297
mp-530294,unknown,unconfirmed_candidate,monoclinic,,1.2274222767147762,-6.628873304514068
mp-569605,unknown,unconfirmed_candidate,orthorhombic,,10.60614452423137,0.4663123262118205
mp-1177960,unknown,unconfirmed_candidate,triclinic,,-2.4051953292449646,-3.4836536902890796
mp-768053,unknown,unconfirmed_candidate,monoclinic,,-5.829418906586717,4.623336385046311
mp-756031,unknown,unconfirmed_candidate,triclinic,,-0.8044628810813208,1.2873900676609153
mp-2230185,unknown,unconfirmed_candidate,triclinic,,3.934460747589535,3.8317127763950722
mp-759955,unknown,unconfirmed_candidate,triclinic,,-5.814169002668571,-2.921407746931161
mp-1196077,unknown,unconfirmed_candidate,monoclinic,,-4.787802369485881,-5.708621394576365
mp-1245710,unknown,unconfirmed_candidate,orthorhombic,,1.1271393736003326,3.789836930998227
mp-1207669,unknown,unconfirmed_candidate,monoclinic,,2.100043501589788,11.883178138386086
mp-753032,unknown,unconfirmed_candidate,monoclinic,Mn,3.5752440289277256,-5.842312939308048
mp-21470,unknown,unconfirmed_candidate,monoclinic,,-0.07932387563546328,-2.3617572167080123
mp-1194644,unknown,unconfirmed_candidate,monoclinic,,3.464485790764165,4.7756846350362565
mp-638002,0,label0,triclinic,,-3.754251215175845,3.9738900958532746
mp-1198752,unknown,unconfirmed_candidate,orthorhombic,,-3.35262016309742,-5.003366174553641
mp-1188181,unknown,unconfirmed_candidate,tetragonal,,-15.385757599524027,10.185950741899479
mp-5292,0,label0,tetragonal,,15.951593344054775,8.136376668439773
mp-614481,0,label0,cubic,,10.672668607015733,-2.233449103064599
mp-9804,0,label0,monoclinic,,-6.000631390262463,-1.294590235933045
mp-1076157,unknown,unconfirmed_candidate,orthorhombic,,-21.57494053626815,22.978187513033266
mp-698313,unknown,unconfirmed_candidate,triclinic,,3.203558876862962,-1.8003982999804489
mp-1195195,unknown,unconfirmed_candidate,monoclinic,,4.899840268392721,3.790402020889747
mp-1194407,unknown,unconfirmed_candidate,cubic,,8.092295553456868,-5.914043993077284
mp-1186649,0,label0,cubic,,6.453321835752854,3.7758636236920964
mp-972002,0,label0,hexagonal,,7.102979572015023,-2.586507264686075
mp-580744,unknown,unconfirmed_candidate,cubic,,6.2767129776467385,-1.4257469177081763
mp-760177,unknown,unconfirmed_candidate,orthorhombic,,8.404327710630506,3.917906656546453
mp-755366,unknown,unconfirmed_candidate,triclinic,,4.853792639054868,-2.352068485004507
mp-1301584,unknown,unconfirmed_candidate,triclinic,,-3.676816028282669,5.7385853521238985
mp-16391,unknown,unconfirmed_candidate,orthorhombic,,2.8258874288592146,-7.007074301077642
mp-1034829,0,label0,orthorhombic,,1.475497347493878,-1.6513919922458644
mp-1208325,unknown,unconfirmed_candidate,monoclinic,,0.8173670494469718,-0.6520777538872835
mp-1103519,unknown,unconfirmed_candidate,tetragonal,,8.194252030216198,-4.749000730952009
mp-1095790,0,label0,orthorhombic,,-4.430485461317176,-1.247794642062992
mp-758464,0,label0,trigonal,,-5.406122372435291,2.1761870630094613
mp-779899,unknown,unconfirmed_candidate,monoclinic,,12.158534219849484,12.334684575728676
mp-2223117,0,label0,orthorhombic,,0.5613665221496795,1.0112691115213153
mp-2233734,unknown,unconfirmed_candidate,orthorhombic,,-2.733226866215844,2.174081989743378
mp-1246019,unknown,unconfirmed_candidate,triclinic,,3.3514410264959764,5.898666200824014
mp-3077,unknown,unconfirmed_candidate,tetragonal,,-3.6849854238547515,6.615502864705512
mp-1218696,unknown,unconfirmed_candidate,orthorhombic,,-2.5219846153800525,3.145820904357251
mp-646749,unknown,unconfirmed_candidate,orthorhombic,,5.827866255897117,4.358804142231495
mp-631355,0,label0,cubic,,7.11279578011519,-2.146567595013803
mp-572442,unknown,unconfirmed_candidate,monoclinic,,3.046590241439972,-4.3779082229107935
mp-555364,unknown,unconfirmed_candidate,orthorhombic,,-10.497171533815255,-5.4627900815623995
mp-983564,0,label0,cubic,,4.885459796722984,0.9248483808019472
mp-778475,unknown,unconfirmed_candidate,monoclinic,,-6.15066623512114,-3.999652733311123
mp-552567,unknown,unconfirmed_candidate,cubic,,-4.703192083479625,-0.6704724176628325
mp-1095072,0,label0,tetragonal,,7.903187084818702,5.579343142608494
mp-753745,unknown,unconfirmed_candidate,triclinic,,-0.6282411291836745,-1.6064445094661792
mp-1221190,unknown,unconfirmed_candidate,monoclinic,,-17.330193082628398,-6.07406140208966
mp-1193978,unknown,unconfirmed_candidate,orthorhombic,,-3.716975414182116,-8.858975468195409
mp-1203369,0,label0,hexagonal,,8.034576122502898,-1.5147300084470228
mp-1227907,unknown,unconfirmed_candidate,orthorhombic,,-6.2567742982533545,-3.3193637493431254
mp-632759,0,label0,monoclinic,,3.9524814026371633,-6.176047439654491
mp-510055,unknown,unconfirmed_candidate,triclinic,,-3.7781491370302938,4.7682754086250085
mp-1187694,0,label0,cubic,,2.5792942414648685,-1.857990577003644
mp-1186145,0,label0,cubic,,13.038180174989382,4.416182769237825
mp-1028387,0,label0,orthorhombic,,-2.599359428951292,-1.0937330475931084
mp-17236,unknown,unconfirmed_candidate,trigonal,,9.112406909230566,-4.69010029545089
mp-20426,unknown,unconfirmed_candidate,tetragonal,,19.081026921434407,9.359991030480074
mp-1178448,0,label0,trigonal,,-8.41647983819379,-3.894019931014526
mp-1076782,0,label0,cubic,,-5.734818628989906,-4.51389049186934
mp-1409205,unknown,unconfirmed_candidate,monoclinic,,-0.8743318721979279,9.437188409567984
mp-542185,unknown,unconfirmed_candidate,monoclinic,,1.5728544365428867,0.7374455455818811
mp-19389,0,label0,tetragonal,,-13.06334843266503,-4.3350332473663435
mp-772418,unknown,unconfirmed_candidate,monoclinic,,-1.6174795987977575,-3.871377484123119
mp-977229,0,label0,hexagonal,,14.364291640924312,-3.4657136616121953
mp-1220246,unknown,unconfirmed_candidate,monoclinic,,2.012050861478013,-2.9402840576581912
mp-1189324,0,label0,trigonal,,-12.708377918966551,-5.505465665337606
mp-756868,0,label0,monoclinic,,-3.756960756030672,-3.4526470064884265
mp-1097080,0,label0,orthorhombic,,3.696930034013933,-1.5537507040055782
mp-17684,unknown,unconfirmed_candidate,cubic,,10.401769938392668,0.6143536641721745
mp-1205696,0,label0,cubic,,3.3063168275841086,3.4269614024338892
mp-861557,0,label0,triclinic,,-3.3221766932453747,-1.6311266463387035
mp-1208230,0,label0,monoclinic,,-15.575319313308135,21.07736843996913
mp-1199216,unknown,unconfirmed_candidate,orthorhombic,,1.1317230866128902,-3.8742147293674734
mp-510474,0,label0,triclinic,,2.8586840004540512,-1.2867486315429275
mp-765691,unknown,unconfirmed_candidate,orthorhombic,,13.043707464798278,4.513271512410423
mp-1213746,unknown,unconfirmed_candidate,orthorhombic,,4.1985711946830335,0.892712526868582
mp-12975,unknown,unconfirmed_candidate,tetragonal,,5.399061375344843,-0.4855058636252352
mp-1248436,unknown,unconfirmed_candidate,monoclinic,,-6.530609475349589,3.9169082511703337
mp-1247363,0,label0,orthorhombic,,-1.9040748898179523,2.5672850578669824
mp-5841,0,label0,tetragonal,,9.892597523526076,-1.875989960155806
mp-755889,unknown,unconfirmed_candidate,monoclinic,,-2.4843156737469947,8.582262195262253
mp-569737,0,label0,tetragonal,,6.179074958462509,4.859094065260972
mp-1235312,unknown,unconfirmed_candidate,monoclinic,,-1.3507639288049802,-5.181423636095969
mp-1077510,0,label0,orthorhombic,,-0.42519011257880734,5.466997246013509
mp-1216225,unknown,unconfirmed_candidate,trigonal,,1.2686561138382828,-3.8389416587578573
mp-1226474,0,label0,tetragonal,,4.529186635115716,-1.6966837385519398
mp-1176428,0,label0,monoclinic,,-9.313654154186285,-2.15136684551109
mp-1806359,unknown,unconfirmed_candidate,tetragonal,,1.3830877015952758,-3.9025573193646306
mp-1184034,0,label0,tetragonal,,8.919479545025528,-5.272443907645773
mp-862736,0,label0,cubic,,1.3869733247460232,-5.5433735648054885
mp-1246156,unknown,unconfirmed_candidate,orthorhombic,,6.6654619637092996,8.175862895260725
mp-1265521,unknown,unconfirmed_candidate,triclinic,,3.0866622702877216,-0.6501327788059648
mp-31818,unknown,unconfirmed_candidate,monoclinic,,-7.955252904157703,11.55397298653752
mp-1233803,unknown,unconfirmed_candidate,triclinic,,-0.6213673817631147,1.8100609310149522
mp-776155,unknown,unconfirmed_candidate,orthorhombic,,-9.587452033377492,3.7747437642704895
mp-753369,unknown,unconfirmed_candidate,monoclinic,,-0.031423998313815815,-6.982055409866977
mp-1094191,unknown,unconfirmed_candidate,orthorhombic,,0.5132768049243204,-0.32443222073113276
mp-23370,unknown,unconfirmed_candidate,cubic,,-1.1991679415874898,-2.684879130751087
mp-1193751,0,label0,cubic,,-2.4301844899398297,-1.596819883405331
mp-25405,unknown,unconfirmed_candidate,triclinic,,8.023077828516032,0.6951637307297496
mp-765665,unknown,unconfirmed_candidate,tetragonal,,1.5595609143609224,-2.0412694782994425
mp-554052,unknown,unconfirmed_candidate,monoclinic,,0.3482257175739605,-9.985516093863197
mp-1036367,0,label0,orthorhombic,,-0.31640399046834844,-0.4904243280292988
mp-1184017,unknown,unconfirmed_candidate,hexagonal,,4.354511925443134,-7.237595186268511
mp-864840,0,label0,cubic,,5.463300377942714,-1.5833338936176968
mp-1225826,unknown,unconfirmed_candidate,orthorhombic,,3.2589299314102664,-1.996346224685329
mp-1071078,unknown,unconfirmed_candidate,orthorhombic,,-1.5411704025116642,15.559416690266229
mp-763431,0,label0,monoclinic,,3.9347393975045826,5.22807046306572
mp-22788,0,label0,tetragonal,,7.514646176287382,3.897450803630953
mp-1042895,unknown,unconfirmed_candidate,hexagonal,,-18.85235439697508,0.30059236282593105
mp-1195596,unknown,unconfirmed_candidate,tetragonal,,7.946239937613154,-2.005536701689934
mp-754793,unknown,unconfirmed_candidate,triclinic,,-2.912798292698561,-4.424568367327609
mp-30215,unknown,unconfirmed_candidate,orthorhombic,,-15.402306556565797,-5.80202037795374
mp-1224766,0,label0,trigonal,,15.569717285718225,-2.1786348344565614
mp-1209173,unknown,unconfirmed_candidate,monoclinic,,-2.374349807250816,-1.5870256390466881
mp-1204494,unknown,unconfirmed_candidate,cubic,,5.214505771706428,0.20682704139318986
mp-21392,0,label0,cubic,,11.889302521390881,2.3081017858124966
mp-761191,unknown,unconfirmed_candidate,orthorhombic,,2.7094338102572664,-5.369586429133504
mp-775303,unknown,unconfirmed_candidate,orthorhombic,,-7.144440744213085,-1.770606580730698
mp-754486,unknown,unconfirmed_candidate,monoclinic,,-2.9897337854371777,-3.349436180923014
mp-1101117,unknown,unconfirmed_candidate,hexagonal,,3.887995194020272,4.764632981458423
mp-761283,0,label0,triclinic,,-3.6313032666460927,-3.0292635652752526
mp-20387,0,label0,cubic,,5.186778747545555,1.4231462688995862
mp-1193369,unknown,unconfirmed_candidate,monoclinic,,5.429979009394049,0.3385670370840508
mp-1175514,0,label0,monoclinic,,-0.6325905935074658,-6.1178323407846555
mp-1106198,unknown,unconfirmed_candidate,orthorhombic,,9.62644652711286,1.8168044948722297
mp-756586,0,label0,trigonal,,-5.435779810877278,-1.9683440992489878
mp-752,unknown,unconfirmed_candidate,tetragonal,,28.435932167813668,29.092346281658156
mp-13500,unknown,unconfirmed_candidate,orthorhombic,,-9.908822634479264,-4.624128965306523
mp-28167,0,label0,cubic,,3.5153298641612025,-4.076803038303471
mp-2216883,unknown,unconfirmed_candidate,triclinic,,-6.104084554097955,-1.9630810127925464
mp-2218297,unknown,unconfirmed_candidate,triclinic,,-1.0277943907266724,-3.007005336688131
mp-1113477,0,label0,cubic,,-2.155760040223104,-3.1919348448112785
mp-867811,0,label0,cubic,,8.641641474394532,-1.6300669470289684
mp-1198091,unknown,unconfirmed_candidate,orthorhombic,,5.910203354699238,-2.1544260080051973
mp-1186264,unknown,unconfirmed_candidate,hexagonal,,-2.48742988582946,11.349838548846325
mp-1036912,0,label0,tetragonal,,1.977633894966072,-2.137973361773005
mp-1183747,0,label0,cubic,,10.77465109102546,3.96344649927946
mp-1218644,unknown,unconfirmed_candidate,monoclinic,,10.818370583873161,2.9224654486159842
mp-1191667,unknown,unconfirmed_candidate,orthorhombic,,2.315921976229525,-2.430073287646387
mp-767071,unknown,unconfirmed_candidate,triclinic,,-4.797491254693291,-3.1643473268481603
mp-1179420,unknown,unconfirmed_candidate,orthorhombic,,-8.801029888674826,-3.198165335670165
mp-1224924,0,label0,orthorhombic,,-13.804067481704948,4.35553883357413
mp-1214838,unknown,unconfirmed_candidate,hexagonal,,-8.106940152131877,-0.5990515052156873
mp-1194724,unknown,unconfirmed_candidate,hexagonal,,3.4709981193070725,-2.4085509147330235
mp-2230027,unknown,unconfirmed_candidate,triclinic,,6.021511688585871,-5.485627092235509
mp-2422,0,label0,hexagonal,,-13.008832862095936,-0.5576554361612196
mp-768607,unknown,unconfirmed_candidate,monoclinic,,-5.072098271322567,-6.08966230269845
mp-1178468,unknown,unconfirmed_candidate,monoclinic,,21.233491078755907,21.187491525390097
mp-761234,unknown,unconfirmed_candidate,triclinic,,-3.1209130482068304,10.292680616100366
mp-1219381,unknown,unconfirmed_candidate,triclinic,,0.21485057963593945,-2.8453894038761476
mp-777353,unknown,unconfirmed_candidate,monoclinic,,-6.684574342438495,3.518801532672171
mp-777578,unknown,unconfirmed_candidate,monoclinic,,-3.1433176531288005,-3.0105448915804747
mp-1038409,0,label0,tetragonal,,1.2169900298003604,-2.136893191397343
mp-1105355,0,label0,trigonal,,-14.758630500356077,15.969297338392568
mp-22374,0,label0,tetragonal,,6.877859289889532,0.2144009240323861
mp-1211611,unknown,unconfirmed_candidate,orthorhombic,,-3.2314505400478915,0.4286423975142313
mp-1186000,0,label0,cubic,,-2.3742392943872197,-5.917674277021089
mp-19279,0,label0,trigonal,,7.0179302843119515,-8.064910151783806
mp-765428,unknown,unconfirmed_candidate,monoclinic,,-3.5063161694912637,-2.0322894654791366
mp-1102564,unknown,unconfirmed_candidate,hexagonal,,14.461150358266844,11.608601303446758
mp-1037017,0,label0,tetragonal,,0.7926912400975255,-1.7170435312627497
mp-1187046,0,label0,trigonal,,-7.583712078658465,-0.4769551638158944
mp-20476,0,label0,tetragonal,,14.092238869333201,2.8337733870094404
mp-1222433,0,label0,monoclinic,,2.854700695074822,-2.0210687865090566
mp-25446,unknown,unconfirmed_candidate,monoclinic,,-2.1657034113883284,-0.20346405994783368
mp-559700,unknown,unconfirmed_candidate,triclinic,,-2.1112108861745718,-1.0566387555706065
mp-1208106,unknown,unconfirmed_candidate,hexagonal,,-2.312227149352065,-3.04273672217961
mp-22513,0,label0,cubic,,11.112002377315143,-3.724124263433069
mp-768108,unknown,unconfirmed_candidate,monoclinic,,-7.0904129639370375,5.7880142993543195
mp-757748,unknown,unconfirmed_candidate,monoclinic,,-7.719379018848876,-2.182218133663369
mp-1200863,unknown,unconfirmed_candidate,monoclinic,,2.3961781793880377,13.673242987664288
mp-1175529,0,label0,monoclinic,,-0.5136269549350807,-6.079691309909814
mp-1522824,0,label0,cubic,,2.573826576373296,-1.5174862562026128
mp-2713488,unknown,unconfirmed_candidate,monoclinic,,-0.10550000897119105,-6.01117182859165
mp-1095566,unknown,unconfirmed_candidate,hexagonal,,7.7883694112605095,-5.786766052329625
mp-1214968,unknown,unconfirmed_candidate,monoclinic,,1.7389121017843863,14.022058237913392
mp-753415,unknown,unconfirmed_candidate,monoclinic,,-3.575503996935275,4.538067240090708
mp-1111471,0,label0,cubic,,5.469631762031568,-1.4632126763777773
mp-2215836,unknown,unconfirmed_candidate,monoclinic,,-13.877822688019918,3.4683357914642734
mp-777299,unknown,unconfirmed_candidate,monoclinic,,1.832379299691219,-3.6277887077544673
mp-1187250,0,label0,cubic,,7.361708647147378,-2.4874672387025196
mp-1201432,unknown,unconfirmed_candidate,monoclinic,,-9.855005309371496,-3.0093520338442925
mp-1038639,0,label0,tetragonal,,-0.25639439372814365,-1.4623964304959944
mp-1518832,unknown,unconfirmed_candidate,orthorhombic,,-17.482755261562346,-4.04102780967289
mp-1184381,0,label0,cubic,,7.320601712601487,-1.522327973156429
mp-755605,unknown,unconfirmed_candidate,monoclinic,,2.176174177691248,-3.789934132771082
mp-27842,0,label0,orthorhombic,,1.6825077778583122,10.43755468003096
mp-1178199,unknown,unconfirmed_candidate,triclinic,,0.05983678510745705,-3.1025865235369707
mp-558938,unknown,unconfirmed_candidate,orthorhombic,,0.5073227472193196,-3.640514843277309
mp-1187002,0,label0,cubic,,5.166525583555316,2.649228939593616
mp-1246090,unknown,unconfirmed_candidate,triclinic,,8.488694737625929,-4.874153973793701
mp-1245572,unknown,unconfirmed_candidate,trigonal,,2.3043963999990424,-1.7575706010204737
mp-778314,unknown,unconfirmed_candidate,orthorhombic,,-3.519048816725025,0.9813333668706505
mp-752823,unknown,unconfirmed_candidate,monoclinic,,1.4259545037786516,-3.4996277588393276
mp-621921,unknown,unconfirmed_candidate,orthorhombic,,3.498152634925031,0.7132725553667072
mp-542205,unknown,unconfirmed_candidate,orthorhombic,,-10.843459175245027,7.766518704814178
mp-1218983,0,label0,cubic,,-4.122468982375899,-6.737605878327756
mp-971960,0,label0,tetragonal,,-1.2473950472335495,-0.2610062016873478
mp-1008,0,label0,cubic,,4.667069064955653,-1.6548136981305088
mp-2230050,unknown,unconfirmed_candidate,triclinic,,12.713270023881343,21.97409646856951
mp-759562,unknown,unconfirmed_candidate,monoclinic,,16.262029910663532,18.96651944725583
mp-686514,0,label0,monoclinic,,3.4038602754271405,-4.936998378586788
mp-867568,unknown,unconfirmed_candidate,tetragonal,,-5.690535945648804,-8.122675868193312
mp-1193684,unknown,unconfirmed_candidate,monoclinic,,-21.869612260840285,10.68957914760837
mp-1094450,0,label0,hexagonal,,-3.246646693260274,-0.24964468636277815
mp-1519687,0,label0,cubic,,-2.742956752776845,-4.235769035853426
mp-1198563,unknown,unconfirmed_candidate,orthorhombic,,-2.5823590569402555,-0.15763879422856775
mp-571377,unknown,unconfirmed_candidate,monoclinic,,-7.35148705434721,9.900617974651848
mp-2240411,unknown,unconfirmed_candidate,monoclinic,,-6.972522371501469,-0.86942469496719
mp-1207543,unknown,unconfirmed_candidate,tetragonal,,-7.391154855551989,-1.5549800697499876
mp-1087501,0,label0,orthorhombic,,-1.9900388856654807,2.2256995952681926
mp-18340,unknown,unconfirmed_candidate,monoclinic,,-3.8067534932609597,-7.678820242296277
mp-1196895,unknown,unconfirmed_candidate,monoclinic,,-1.5641880308055391,5.500968580297084
mp-550454,0,label0,monoclinic,,13.551423948884388,-0.0645965223436562
mp-1202775,unknown,unconfirmed_candidate,trigonal,,-0.6744244203563028,-4.404059192213603
mp-1225219,0,label0,tetragonal,,-0.17468067440391266,-4.812181865861955
mp-602393,0,label0,trigonal,,9.40381186635019,-2.752784065133234
mp-28929,0,label0,orthorhombic,,1.586200775804084,-4.953150299517656
mp-759334,unknown,unconfirmed_candidate,hexagonal,,3.7379490263824167,-1.3315040910344962
mp-2219080,unknown,unconfirmed_candidate,triclinic,,-6.364437341166674,-1.8771706098434944
mp-10892,unknown,unconfirmed_candidate,hexagonal,,1.3500130899414309,-3.42844125846921
mp-1213057,unknown,unconfirmed_candidate,tetragonal,,-8.12687922696875,-3.374804728835448
mp-1233917,unknown,unconfirmed_candidate,orthorhombic,,-9.911367208583851,25.24041999220888
mp-1036838,0,label0,tetragonal,,0.7358678007319988,-0.6820204891314532
mp-772541,0,label0,monoclinic,,-6.667561920949268,-5.719850896745195
mp-12701,0,label0,orthorhombic,,7.685062074796974,-1.280374809926819
mp-1206620,0,label0,tetragonal,,11.088541974943187,-1.695578934220178
mp-758247,unknown,unconfirmed_candidate,orthorhombic,,0.5257182731548689,-6.715208642550026
mp-1217695,0,label0,trigonal,,-2.433953929121561,-2.2681844998239704
mp-16502,unknown,unconfirmed_candidate,orthorhombic,,4.0188011062985005,3.853655087143771
mp-1246884,0,label0,monoclinic,,0.4233704961216169,-7.754499177397413
mp-738624,unknown,unconfirmed_candidate,monoclinic,,-1.944461269597486,-5.976240702701647
mp-2712753,0,label0,triclinic,,-0.5949114490215912,-3.621620914624703
mp-759497,unknown,unconfirmed_candidate,monoclinic,,17.544535595353526,18.660883494140922
mp-1185152,0,label0,tetragonal,,14.438214506155482,-1.2211835662930355
mp-2230133,unknown,unconfirmed_candidate,triclinic,,8.317117289132076,5.534455205488147
mp-1211571,unknown,unconfirmed_candidate,monoclinic,,-2.6136265702203367,-8.908656031448187
mp-18640,unknown,unconfirmed_candidate,trigonal,,2.1143043693449854,7.4688244663902985
mp-540414,unknown,unconfirmed_candidate,triclinic,,-4.250879596018045,-0.20517262512138146
mp-767469,0,label0,triclinic,,3.6131870158891637,4.260994105774696
mp-2241898,0,label0,tetragonal,,12.60150336753274,2.2631087223387567
mp-752886,unknown,unconfirmed_candidate,monoclinic,,-5.672912463445428,-2.5277946646736957
mp-2240053,0,label0,triclinic,,8.10240021635691,-0.32093415852922647
mp-1181783,unknown,unconfirmed_candidate,monoclinic,,2.843782190387728,4.548203663544207
mp-1208509,unknown,unconfirmed_candidate,monoclinic,,1.4141674480772721,-2.8398811827982318
mp-774745,unknown,unconfirmed_candidate,tetragonal,,9.365463858734502,-6.038236392399595
mp-2220723,unknown,unconfirmed_candidate,monoclinic,,4.194507434530655,19.101090009030113
mp-2217832,0,label0,orthorhombic,,-4.206709379889663,-2.1244250306479504
mp-1106342,0,label0,triclinic,,-16.739377520197344,-5.391543844362765
mp-1213502,unknown,unconfirmed_candidate,monoclinic,,-9.136587383142523,-9.987292186193358
mp-1226139,unknown,unconfirmed_candidate,trigonal,,-6.458464017407213,-1.9535845018325624
mp-35388,0,label0,tetragonal,,4.311455338001771,-3.1328014541672253
mp-1225573,0,label0,monoclinic,,-4.2146459913922705,1.6172145437570506
mp-758930,unknown,unconfirmed_candidate,orthorhombic,,-4.456696419699785,-2.771782567690492
mp-571440,unknown,unconfirmed_candidate,orthorhombic,,6.88640742638011,-5.232436104625467
mp-1044100,unknown,unconfirmed_candidate,orthorhombic,,-4.500915320440047,-5.523283728536558
mp-766138,unknown,unconfirmed_candidate,orthorhombic,Fe,4.128504361789444,-3.3299311853047
mp-1184364,0,label0,cubic,,14.920689294787255,3.3293722275058997
mp-1227011,unknown,unconfirmed_candidate,trigonal,,6.724514345800463,-5.025759941095229
mp-753315,0,label0,orthorhombic,,4.453547759611919,-2.1137023750106607
mp-29101,unknown,unconfirmed_candidate,cubic,,2.9501719980339622,-1.727335089225491
mp-1183679,0,label0,cubic,,7.2110707760950135,-7.116600730647436
mp-20224,0,label0,hexagonal,,7.903360273514641,0.1884107850845922
mp-695403,0,label0,triclinic,,-9.447093365292243,-2.496726900002999
mp-2713623,unknown,unconfirmed_candidate,monoclinic,,-1.1198846240486269,-5.507869355043503
mp-1235543,unknown,unconfirmed_candidate,monoclinic,,-8.834217979668988,-1.3649849697297896
mp-1071360,unknown,unconfirmed_candidate,tetragonal,,3.037502493816067,11.382977402487711
mp-1212808,unknown,unconfirmed_candidate,cubic,,12.796895227712195,-1.6853783173904748
mp-18164,unknown,unconfirmed_candidate,orthorhombic,,1.6312368279098273,1.3801659578657812
mp-505268,unknown,unconfirmed_candidate,orthorhombic,,1.4187630494736183,-2.6052738765705588
mp-1303920,unknown,unconfirmed_candidate,triclinic,,-10.783518064999935,5.639164692728514
mp-1265553,unknown,unconfirmed_candidate,orthorhombic,,-23.051050774559762,9.698331624559692
mp-1076916,0,label0,cubic,,8.297651352412824,-0.475186057528326
mp-1080591,unknown,unconfirmed_candidate,tetragonal,,11.953985095771012,21.409116993119344
mp-1036759,0,label0,tetragonal,,1.541691745231347,-1.8007346590284694
mp-1177215,unknown,unconfirmed_candidate,triclinic,,-3.4778594468656507,-0.46190614668337915
mp-1519474,unknown,unconfirmed_candidate,cubic,,-8.045048785231675,-4.004141592486059
mp-1202935,unknown,unconfirmed_candidate,monoclinic,,0.3356265995522243,-4.323465637772218
mp-1388111,unknown,unconfirmed_candidate,cubic,,10.729662347872647,2.7736586182048377
mp-754271,unknown,unconfirmed_candidate,monoclinic,,10.50700371356614,2.4054319902246704
mp-753856,unknown,unconfirmed_candidate,orthorhombic,,-23.66087402111492,37.307669494546715
mp-1190313,0,label0,monoclinic,,7.217743504211493,2.6465071666313875
mp-1367192,unknown,unconfirmed_candidate,triclinic,,10.508613194319768,-6.441323374629754
mp-778819,unknown,unconfirmed_candidate,orthorhombic,,-2.853315808425961,-0.9399103487117095
mp-1215607,0,label0,monoclinic,,-1.5976615209864562,-7.472267642117398
mp-1208631,unknown,unconfirmed_candidate,orthorhombic,,10.57408619289342,8.329260993100117
mp-1290864,unknown,unconfirmed_candidate,triclinic,,-4.176478082591991,-2.387098195989598
mp-631425,0,label0,cubic,,-7.337965702556527,-1.377878652569148
mp-1215349,0,label0,monoclinic,,15.673265391324971,0.9006720106558781
mp-1046307,unknown,unconfirmed_candidate,triclinic,,-1.4679132061811728,20.92970604583233
mp-1104611,unknown,unconfirmed_candidate,monoclinic,,4.767923359819923,8.74247893382459
mp-1180704,unknown,unconfirmed_candidate,monoclinic,,3.0196684362843165,-0.264983545096392
mp-757179,unknown,unconfirmed_candidate,monoclinic,,-2.044268657014552,-4.36422207927639
mp-754579,unknown,unconfirmed_candidate,orthorhombic,,-3.943241290274969,1.3358310468735617
mp-1225232,0,label0,tetragonal,,18.00007323500807,0.8992068547690053
mp-980905,0,label0,cubic,,6.179012503984792,-0.1625658851893128
mp-1182659,unknown,unconfirmed_candidate,monoclinic,,6.233897682099595,-1.5217018934185162
mp-1224524,unknown,unconfirmed_candidate,trigonal,,3.799679058567545,2.7308118613407437
mp-1077503,0,label0,orthorhombic,,6.469056144202133,2.5320146547550877
mp-1208104,unknown,unconfirmed_candidate,orthorhombic,,4.134297592024323,-1.1360255135871036
mp-1206821,0,label0,cubic,,10.806885480419956,-3.516876628572792
mp-771824,0,label0,monoclinic,,-2.865378921830569,-2.682148364998289
mp-1022221,0,label0,orthorhombic,,4.244125674043353,-4.845341190513919
mp-1290947,unknown,unconfirmed_candidate,triclinic,,2.6588150933166155,3.3902159651996264
mp-774493,0,label0,monoclinic,,-17.222012096860226,3.1112078213791037
mp-12750,0,label0,tetragonal,,6.253137905083225,1.6149273769093462
mp-560591,unknown,unconfirmed_candidate,orthorhombic,,-11.69872089901466,-4.887035756852102
mp-1638951,unknown,unconfirmed_candidate,orthorhombic,,1.1851609787188337,2.512980840046829
mp-849787,unknown,unconfirmed_candidate,orthorhombic,,-2.064914700597214,-2.6966957866522687
mp-1194680,unknown,unconfirmed_candidate,orthorhombic,,-14.786076333865545,-0.011926159758878896
mp-768667,unknown,unconfirmed_candidate,monoclinic,,-4.231081084262144,-3.0450053035093614
mp-1220456,unknown,unconfirmed_candidate,trigonal,,9.376908281215075,1.1553585533709736
mp-2039,unknown,unconfirmed_candidate,hexagonal,,7.442256170036181,-7.033783820816659
mp-1345518,unknown,unconfirmed_candidate,orthorhombic,,-3.868278124997307,-1.4085278363951605
mp-1185620,0,label0,cubic,,4.770670413786938,-1.9516850706663593
mp-756400,0,label0,monoclinic,,-5.095686394568975,-6.480422170955578
mp-25454,0,label0,monoclinic,,-4.615586129052623,-0.9129253354128046
mp-504909,unknown,unconfirmed_candidate,orthorhombic,,8.705951538686957,-1.7444923833338066
mp-698401,unknown,unconfirmed_candidate,monoclinic,,2.1705566402838663,-4.246320880234029
mp-1202294,unknown,unconfirmed_candidate,monoclinic,,-2.7406008427287425,4.096303687200116
mp-626316,unknown,unconfirmed_candidate,tetragonal,,-2.8019336519946165,-4.743641854351651
mp-1176435,unknown,unconfirmed_candidate,hexagonal,,-10.37187686650049,3.729288394401941
mp-542777,0,label0,hexagonal,,-2.616888107079969,1.9428929591966408
mp-28360,0,label0,trigonal,,0.4778412776222538,0.9076253300756605
mp-625359,unknown,unconfirmed_candidate,monoclinic,,-5.746104178404476,-6.209877698010434
mp-1184123,0,label0,hexagonal,,18.77900133871487,0.7466553835731347
mp-777741,unknown,unconfirmed_candidate,triclinic,,16.638060563249052,15.874307001976124
mp-9923,0,label0,monoclinic,,5.709467802341502,-1.040894185817045
mp-861145,0,label0,triclinic,,-8.489019257249439,-4.81924379045879
mp-752904,0,label0,monoclinic,,-8.37690766513525,2.7172275773143006
mp-1113979,0,label0,cubic,,3.8153321154530904,2.384848210577534
mp-1210866,0,label0,trigonal,,-5.416163579988801,4.750166940001215
mp-862676,0,label0,cubic,,8.318950582845027,-1.4536033053097714
mp-754543,unknown,unconfirmed_candidate,orthorhombic,,-2.052062420616771,-6.8137991337657375
mp-735518,unknown,unconfirmed_candidate,orthorhombic,,11.72438742516501,7.097219593313014
mp-769870,0,label0,triclinic,,3.1457509902271195,0.5017392226306612
mp-672195,unknown,unconfirmed_candidate,orthorhombic,,6.807511071098379,-1.8031757116721678
mp-510546,unknown,unconfirmed_candidate,monoclinic,,-11.0750301643094,5.654707483577155
mp-696483,unknown,unconfirmed_candidate,monoclinic,,-0.09613689331225217,1.4412387249727594
mp-972478,0,label0,cubic,,-5.826718668420149,16.126138149919722
mp-1521352,0,label0,cubic,,-6.397069912252562,1.0720395555090931
mp-1096852,unknown,unconfirmed_candidate,hexagonal,,19.025711990238896,27.063535655444593
mp-1080267,unknown,unconfirmed_candidate,triclinic,,5.2052732656106855,-1.9796148425457236
mp-1227278,0,label0,triclinic,,-15.506690507805153,7.036035287984536
mp-1567910,unknown,unconfirmed_candidate,orthorhombic,,-1.4464161806199982,-5.289463465802125
mp-2713411,0,label0,triclinic,,-2.396057070979296,-6.317735152885133
mp-720410,0,label0,triclinic,,-6.634054608913033,0.42526743852023685
mp-758595,unknown,unconfirmed_candidate,orthorhombic,,3.263438313847118,-6.12480619020087
mp-1185497,0,label0,cubic,,11.32212977971428,-5.513248414294196
mp-780556,unknown,unconfirmed_candidate,triclinic,,11.508490088875106,7.838194314145682
mp-849429,unknown,unconfirmed_candidate,orthorhombic,,1.8504087176422637,-2.5176075955827493
mp-850026,0,label0,tetragonal,,-7.434197761652303,-7.529758370433765
mp-5229,0,label0,cubic,,-12.770665466375256,4.205782789837254
mp-27007,unknown,unconfirmed_candidate,monoclinic,,-9.508840488311588,8.3985909653112
mp-1191018,unknown,unconfirmed_candidate,monoclinic,,13.812594270213312,6.991375554247668
mp-1226399,0,label0,tetragonal,,4.771354189408919,2.0412858880317337
mp-1147537,0,label0,tetragonal,,-1.4880680474745063,-2.5138047625481956
mp-2713482,unknown,unconfirmed_candidate,monoclinic,,0.23144188425838408,-6.891788115684452
mp-559732,unknown,unconfirmed_candidate,monoclinic,,-0.1973366782334658,-3.1677964045979277
mp-540118,unknown,unconfirmed_candidate,orthorhombic,,1.1064232526265485,0.8916417479363865
mp-21023,unknown,unconfirmed_candidate,hexagonal,,7.457241831000644,-0.18699629901045256
mp-1344128,unknown,unconfirmed_candidate,triclinic,,-1.8405758128332472,-4.1850472633496505
mp-20875,0,label0,hexagonal,,5.44240691779426,3.279117553334771
mp-1220931,unknown,unconfirmed_candidate,orthorhombic,,-4.6956962195585525,-5.606204792696907
mp-2301,unknown,unconfirmed_candidate,cubic,,9.610868943984121,-1.1982325420888174
mp-1523079,0,label0,cubic,,-10.648044806104568,-5.313310861916555
mp-1084800,0,label0,hexagonal,,13.903487606310915,4.259214877584512
mp-14529,unknown,unconfirmed_candidate,monoclinic,,-6.26416242192165,4.540477126552048
mp-1213830,unknown,unconfirmed_candidate,hexagonal,,5.086451313873942,6.1019558129483045
mp-2716091,unknown,unconfirmed_candidate,triclinic,,-1.4277155607089895,-6.209943600473592
mp-1283250,unknown,unconfirmed_candidate,triclinic,,0.9921451594129778,-9.320409294715043
mp-1028192,0,label0,hexagonal,,-4.369587214772288,-1.6399752426051588
mp-542150,unknown,unconfirmed_candidate,monoclinic,Fe,5.724037765613913,-7.436172435892788
mp-764098,0,label0,trigonal,,-0.3956609650369529,0.013835412174216799
mp-1186476,0,label0,cubic,,7.124386246314458,1.1887238681719303
mp-1221793,0,label0,trigonal,,4.795273081473917,-7.388068975809608
mp-770499,unknown,unconfirmed_candidate,monoclinic,,-17.58886760404132,15.674171519778827
mp-36864,0,label0,monoclinic,,-1.0772982937595579,-7.083279055923992
mp-562099,unknown,unconfirmed_candidate,monoclinic,,-3.6348874621268727,-6.085457600172823
mp-1350993,unknown,unconfirmed_candidate,orthorhombic,,-8.716751648288756,14.897548771770897
mp-1181670,unknown,unconfirmed_candidate,monoclinic,,11.948483784847735,3.289722039007195
mp-867919,0,label0,cubic,,8.521476899576717,0.32506315293037247
mp-1353130,unknown,unconfirmed_candidate,triclinic,,0.7307991680512309,12.983432371594958
mp-2714479,unknown,unconfirmed_candidate,triclinic,,-1.3405354622812524,-4.246185562327961
mp-1223066,0,label0,tetragonal,,9.253307458963752,-0.07459572026863626
mp-758920,unknown,unconfirmed_candidate,trigonal,,-3.7724496826751803,-5.530363236797982
mp-775433,0,label0,triclinic,,0.17892350208555996,2.6746484689903163
mp-756135,unknown,unconfirmed_candidate,orthorhombic,,-2.9781170064220746,-7.140922274234338
mp-1522297,0,label0,cubic,,-2.642255496847266,-0.034565172100101904
mp-1173544,unknown,unconfirmed_candidate,monoclinic,,-6.289380999455432,0.9742606602908062
mp-1207064,0,label0,tetragonal,,-10.546178511051735,-5.442344595170091
mp-1295198,unknown,unconfirmed_candidate,triclinic,,-2.300627792224912,6.200999896147529
mp-1174554,unknown,unconfirmed_candidate,triclinic,,4.355033162714863,-7.730390330918409
mp-1095517,unknown,unconfirmed_candidate,cubic,,1.7287248014952894,9.16616438326474
mp-756653,unknown,unconfirmed_candidate,triclinic,,-6.105026813433465,-2.0544071881647366
mp-542794,unknown,unconfirmed_candidate,monoclinic,,13.23960028118086,5.674610979981466
mp-772526,unknown,unconfirmed_candidate,monoclinic,,-2.399662482112774,-3.7246988979212645
mp-1232108,unknown,unconfirmed_candidate,orthorhombic,,5.701810501936947,-3.539950936540615
mp-1204423,unknown,unconfirmed_candidate,orthorhombic,,0.618064239378274,-1.7261005538824836
mp-559492,0,label0,tetragonal,,4.4601770396389,0.002449065172715592
mp-1225261,0,label0,trigonal,,-8.03086893695209,-4.026731614006934
mp-976868,0,label0,triclinic,,-2.701761624541831,-3.49943404700851
mp-13745,unknown,unconfirmed_candidate,orthorhombic,,-5.114700991206462,-3.4186557013728454
mp-1411320,unknown,unconfirmed_candidate,trigonal,,-15.821998844964867,8.029239809188379
mp-768940,unknown,unconfirmed_candidate,monoclinic,,-6.510099398047419,-7.047895661906132
mp-778250,unknown,unconfirmed_candidate,monoclinic,,-8.937276580883136,2.5741284472441706
mp-2230620,unknown,unconfirmed_candidate,triclinic,,0.28667941710487455,7.156340415262008
mp-760470,0,label0,orthorhombic,,-15.123005131148346,-4.54522890230267
mp-1174540,0,label0,monoclinic,,2.5150263065477567,-7.148331168223931
mp-1183996,unknown,unconfirmed_candidate,hexagonal,,3.4946439594285454,-8.459781833964724
mp-1212370,unknown,unconfirmed_candidate,orthorhombic,,2.8010291240202605,-0.18779040168750427
mp-2716207,unknown,unconfirmed_candidate,triclinic,,-0.059817756069950434,-6.555979995273972
mp-26971,unknown,unconfirmed_candidate,trigonal,,1.295217747028076,-4.8496970856012
mp-1216290,0,label0,trigonal,,-0.7787501117495381,-2.357806433419812
mp-1391233,0,label0,triclinic,,-9.524722254651827,-1.339948397764367
mp-757234,0,label0,monoclinic,,-0.5662103963966736,6.2924402384440725
mp-1219138,0,label0,orthorhombic,,-10.048756970565737,2.069398447932688
mp-1384673,unknown,unconfirmed_candidate,tetragonal,,-7.258245553313575,1.5030059857792466
mp-1173735,unknown,unconfirmed_candidate,monoclinic,,-7.851870337858465,-3.901980208104238
mp-1246650,unknown,unconfirmed_candidate,orthorhombic,,-10.549372525807044,4.223603912888112
mp-1021167,unknown,unconfirmed_candidate,orthorhombic,,-4.296065652211279,0.8269050927373378
mp-1233993,unknown,unconfirmed_candidate,triclinic,,0.04557585683129872,6.198843151159661
mp-26027,unknown,unconfirmed_candidate,triclinic,,-1.5563902037773083,3.0694164434923934
mp-1184161,0,label0,cubic,,0.8746533869651039,9.400910119403186
mp-758426,unknown,unconfirmed_candidate,monoclinic,,-24.33484045985729,5.933511273449106
mp-1194926,unknown,unconfirmed_candidate,monoclinic,,-4.269694825911422,1.641952137610005
mp-2715657,unknown,unconfirmed_candidate,triclinic,,-4.186028405674897,-4.291988879937721
mp-1521186,0,label0,cubic,,-2.248027122113676,-4.3098880161820095
mp-753741,unknown,unconfirmed_candidate,tetragonal,,11.35743136737773,-4.96577562216881
mp-1210512,unknown,unconfirmed_candidate,cubic,,-4.447094099948615,-2.100877516879194
mp-1176637,unknown,unconfirmed_candidate,monoclinic,,-4.016310075084476,-2.6248221993386682
mp-778791,unknown,unconfirmed_candidate,triclinic,,18.695403795817505,18.254828444534763
mp-667308,unknown,unconfirmed_candidate,orthorhombic,,6.732089673603092,-1.3976945928104847
mp-1187489,0,label0,cubic,,-4.266764139580037,-4.357729672824107
mp-1046782,unknown,unconfirmed_candidate,orthorhombic,,10.751354832740924,-4.6031298331904615
mp-1034977,0,label0,tetragonal,,-0.7746437085919169,-0.4507758470581358
mp-1028000,0,label0,hexagonal,,-6.284633330619606,5.07131336500775
mp-2217313,0,label0,monoclinic,,-4.76236269402073,1.4081177664041213
mp-1223863,0,label0,tetragonal,,5.625189099224606,-2.5544802344372517
mp-849720,unknown,unconfirmed_candidate,triclinic,,-4.671760884681468,10.29275783540374
mp-1224259,0,label0,cubic,,2.54810703594541,-6.323203525314854
mp-26112,unknown,unconfirmed_candidate,orthorhombic,,-0.03475089802722309,-4.141945079204785
mp-541464,0,label0,monoclinic,,-3.516194298647381,-0.9298512163784842
mp-1069520,0,label0,tetragonal,,17.575305665479696,-2.1540104742472614
mp-1217073,0,label0,trigonal,,-0.1231296040684029,0.750988680507195
mp-1201589,unknown,unconfirmed_candidate,triclinic,,-13.060429214993086,1.1254868868014078
mp-1247617,unknown,unconfirmed_candidate,triclinic,,-0.3718793883899352,-0.2500119263926237
mp-2220455,unknown,unconfirmed_candidate,monoclinic,,11.024520884957587,17.75601765442158
mp-541987,unknown,unconfirmed_candidate,orthorhombic,,-6.536938922625655,-4.679904985882747
mp-22317,0,label0,orthorhombic,,-10.296422173716383,3.069409929535869
mp-1208220,unknown,unconfirmed_candidate,hexagonal,,4.863662097669103,-0.8331298836938608
mp-1173171,unknown,unconfirmed_candidate,monoclinic,,-7.174398422135116,0.633556396035079
mp-1188712,unknown,unconfirmed_candidate,orthorhombic,,3.0608630051183567,-1.7887774161621248
mp-677743,unknown,unconfirmed_candidate,triclinic,,-10.487265728840491,-3.2660977982280883
mp-1206586,0,label0,tetragonal,,4.113240580509181,-1.5768474434442457
mp-1183623,0,label0,cubic,,3.7250956525117633,-5.556298837193664
mp-1233546,0,label0,triclinic,,0.8521056016455866,4.4023305734405085
mp-1193509,0,label0,orthorhombic,,-3.376536947270097,-7.368681095508046
mp-1188183,unknown,unconfirmed_candidate,orthorhombic,,0.888855413384686,-1.6080274359923745
mp-781595,unknown,unconfirmed_candidate,orthorhombic,,-2.5259630920452594,-4.726055488958121
mp-1026876,0,label0,orthorhombic,,-2.827943683183065,-1.8435991837586663
mp-996956,unknown,unconfirmed_candidate,orthorhombic,,2.8244348317310717,-5.356441543699271
mp-754379,unknown,unconfirmed_candidate,triclinic,,7.906692197749047,1.8934486241137094
mp-1093574,0,label0,orthorhombic,,-0.18537920432460808,-0.6270432858318031
mp-776599,unknown,unconfirmed_candidate,triclinic,,-0.08341545152545748,1.958521759479595
mp-1093654,0,label0,orthorhombic,,4.546861585534689,-2.7329040678204954
mp-995434,0,label0,orthorhombic,,17.32967515819856,1.2258443500828164
mp-1233557,unknown,unconfirmed_candidate,triclinic,,3.777104437839915,9.315276689792423
mp-550274,0,label0,trigonal,,-5.830362681068866,0.06433031961848457
mp-26677,unknown,unconfirmed_candidate,monoclinic,,-5.95298280743194,1.8092874578635652
mp-697226,unknown,unconfirmed_candidate,triclinic,,-2.7170237736399088,0.0031360857441029566
mp-549589,unknown,unconfirmed_candidate,tetragonal,,8.948057145493618,7.543299901536788
mp-2240378,0,label0,monoclinic,,-2.638042542318992,-4.897674972345769
mp-862917,0,label0,cubic,,6.777081041633181,-5.226116408774782
mp-1183748,0,label0,tetragonal,,11.86786738612346,4.424411494316143
mp-2215885,unknown,unconfirmed_candidate,monoclinic,,-5.084324759606847,-5.385158909122076
mp-1341046,unknown,unconfirmed_candidate,monoclinic,,-2.719655374886358,-2.320843779173389
mp-1224500,unknown,unconfirmed_candidate,cubic,,9.836616757200991,-5.79553891141596
mp-818600,0,label0,triclinic,,-7.793687172632424,-1.90694504831934
mp-1204142,unknown,unconfirmed_candidate,monoclinic,,-11.528908609191827,-5.018985909334695
mp-1399447,0,label0,trigonal,,-10.092332352848523,5.093704212242756
mp-755095,unknown,unconfirmed_candidate,orthorhombic,,8.726540338828721,6.81688705502528
mp-12226,unknown,unconfirmed_candidate,monoclinic,,-1.363602176894858,-6.0217478263015565
mp-1179401,unknown,unconfirmed_candidate,tetragonal,,-4.589864924307342,-6.319975299007265
mp-766595,unknown,unconfirmed_candidate,monoclinic,,-3.131566302585874,-0.337165384227724
mp-505285,unknown,unconfirmed_candidate,orthorhombic,,-8.274906387065549,3.8675318753104655
mp-1234789,unknown,unconfirmed_candidate,triclinic,,-3.6474647769540205,-4.03732276342372
mp-774322,unknown,unconfirmed_candidate,triclinic,,9.282979529831012,1.3051829676611462
mp-2715747,unknown,unconfirmed_candidate,triclinic,,-2.0988744998595266,-5.470545637199008
mp-758776,unknown,unconfirmed_candidate,triclinic,,-2.6095449342116623,-0.5860444373214193
mp-780142,unknown,unconfirmed_candidate,cubic,,-1.1086436880407433,-0.6934782170419389
mp-1032757,0,label0,tetragonal,,0.9345828615456995,0.6188971869619806
mp-30618,unknown,unconfirmed_candidate,orthorhombic,,6.423855487350734,0.14960205324433318
mp-556905,unknown,unconfirmed_candidate,monoclinic,,-1.3142132101376092,-4.132159174060934
mp-1203208,0,label0,triclinic,,0.37170666741796765,-3.523407939228731
mp-1218470,unknown,unconfirmed_candidate,tetragonal,,11.284474160025317,-0.5541673858254157
mp-1217641,0,label0,orthorhombic,,5.851758775778906,1.4699510556218343
mp-821313,0,label0,trigonal,,-9.284573661493809,-9.474837513674885
mp-780199,unknown,unconfirmed_candidate,triclinic,,-0.759048981353601,-0.5547900335205433
mp-1216224,0,label0,trigonal,,4.755819538414995,-4.8537200144089585
mp-849633,unknown,unconfirmed_candidate,triclinic,,-1.4186549558863817,-4.945476180039661
mp-30708,unknown,unconfirmed_candidate,cubic,,7.642631357509179,-3.91164685316509
mp-2217147,unknown,unconfirmed_candidate,triclinic,,11.562152959848202,9.668007952915666
mp-2230744,unknown,unconfirmed_candidate,triclinic,,16.896109316946962,18.65468778007578
mp-703836,unknown,unconfirmed_candidate,orthorhombic,,-3.930450407236023,-4.33408727314383
mp-558807,unknown,unconfirmed_candidate,orthorhombic,,-0.6172646707109486,-4.164643105782414
mp-1018063,0,label0,cubic,,-2.1697798710017864,-7.222491397206671
mp-1216692,0,label0,hexagonal,,-26.691204834121415,1.9779012854865776
mp-543031,0,label0,tetragonal,,-1.7517214990983838,4.653853694156705
mp-1212307,unknown,unconfirmed_candidate,cubic,,11.631645275444228,-4.1730908863102805
mp-1247806,unknown,unconfirmed_candidate,orthorhombic,,0.38797421359067386,-3.885187506100598
mp-1079367,0,label0,hexagonal,,2.7150466459245415,-3.733557871448813
mp-850995,unknown,unconfirmed_candidate,orthorhombic,,-3.530312948318187,-1.3615827963540799
mp-1199950,unknown,unconfirmed_candidate,monoclinic,,-3.3891622189098634,-5.65658199504427
mp-1247444,unknown,unconfirmed_candidate,tetragonal,,6.184364229308738,-4.770377832693189
mp-1520081,0,label0,cubic,,-6.466408242171795,-2.3928139862231568
mp-28649,unknown,unconfirmed_candidate,trigonal,,0.47556361316916096,-4.7110346394696805
mp-20685,unknown,unconfirmed_candidate,cubic,,11.256270046389616,-1.75720073377828
mp-770800,0,label0,monoclinic,,-0.4313414173188619,-6.989743410446872
mp-1228293,unknown,unconfirmed_candidate,triclinic,,1.5132087220503294,1.2434885717623025
mp-894,unknown,unconfirmed_candidate,tetragonal,,-5.10761162230801,1.5859751726023497
mp-1105141,unknown,unconfirmed_candidate,monoclinic,,4.519470565773785,0.8640429419148532
mp-1018665,0,label0,tetragonal,,6.647046274678548,-2.3004789004515853
mp-1101651,unknown,unconfirmed_candidate,triclinic,,-2.777000701581951,-2.8175266960810497
mp-2231131,unknown,unconfirmed_candidate,triclinic,,1.1136810568059374,7.026851795359018
mp-1224188,unknown,unconfirmed_candidate,cubic,,23.499000230812356,7.195868318565708
mp-1367296,unknown,unconfirmed_candidate,triclinic,,4.706135756169912,12.375624931879493
mp-754662,0,label0,tetragonal,,-3.671123271481683,6.004893879741363
mp-865187,0,label0,cubic,,1.715630666855592,0.7263303327236841
mp-1104106,0,label0,orthorhombic,,-10.802330035829563,-0.3605651047891527
mp-1224261,unknown,unconfirmed_candidate,orthorhombic,,-3.7428485968828085,0.9227436850083137
mp-1245711,unknown,unconfirmed_candidate,orthorhombic,,2.102017938093507,-1.353483048767421
mp-766709,unknown,unconfirmed_candidate,triclinic,,-0.002623586578362591,3.432684397618228
mp-764938,unknown,unconfirmed_candidate,triclinic,,-4.330115457993944,10.090149149293211
mp-20287,unknown,unconfirmed_candidate,monoclinic,,13.208225707663724,9.64196292731489
mp-21981,unknown,unconfirmed_candidate,orthorhombic,,7.755717585622765,-0.1188369363952333
mp-2216973,unknown,unconfirmed_candidate,triclinic,,4.589873665108936,-4.077525636385127
mp-1047912,unknown,unconfirmed_candidate,monoclinic,,1.8340132022017173,5.914160856807083
mp-2715016,0,label0,triclinic,,-2.1020512828816287,-5.345307413290296
mp-4308,unknown,unconfirmed_candidate,orthorhombic,,2.0301768202904746,0.8203283821803034
mp-1227786,0,label0,triclinic,,-13.494265387227195,5.09822659005286
mp-999550,0,label0,cubic,,5.768265160194547,-7.4324661599862925
mp-2229473,unknown,unconfirmed_candidate,triclinic,,13.197826751711398,7.968532889768575
mp-1185044,0,label0,cubic,,7.545508393860592,1.772084133111914
mp-1181683,unknown,unconfirmed_candidate,orthorhombic,,2.764254897428586,-0.5606741267953161
mp-1028154,0,label0,orthorhombic,,-2.702277713283035,-0.8658047041800572
mp-1395833,0,label0,tetragonal,,0.5523360821435688,7.70700950710917
mp-777587,unknown,unconfirmed_candidate,triclinic,,20.3718359131614,20.16131507128237
mp-2218840,unknown,unconfirmed_candidate,monoclinic,,-3.5417665832770524,-4.5849469340180935
mp-31387,unknown,unconfirmed_candidate,orthorhombic,,-2.8892790816378238,4.435264734395229
mp-27823,0,label0,tetragonal,,10.56239538167207,7.25038014280706
mp-1275545,unknown,unconfirmed_candidate,triclinic,,-10.50899854741074,0.9027659283280194
mp-11573,0,label0,cubic,,-4.0600284115446,-3.9355544811159966
mp-19894,unknown,unconfirmed_candidate,tetragonal,,-5.988308475815398,-9.214668780809964
mp-859107,unknown,unconfirmed_candidate,triclinic,,-2.825935711107615,-5.322786719948921
mp-618964,unknown,unconfirmed_candidate,orthorhombic,,8.14965069700101,1.6352380346251962
mp-773087,0,label0,triclinic,,-0.2068134252706848,-4.196222703290582
mp-557497,unknown,unconfirmed_candidate,hexagonal,,-1.6411090626510507,-9.172124634335338
mp-1189902,unknown,unconfirmed_candidate,orthorhombic,,2.988108828811267,-0.25017377334301116
mp-775204,unknown,unconfirmed_candidate,hexagonal,,-10.484837081228829,-1.9772261256845187
mp-1245840,0,label0,tetragonal,,5.590387744570924,6.569451658057783
mp-1245520,unknown,unconfirmed_candidate,orthorhombic,,3.952096056311756,1.6886543514723336
mp-10645,unknown,unconfirmed_candidate,hexagonal,,6.241172355720977,-3.6453655806238814
mp-776604,unknown,unconfirmed_candidate,triclinic,,-6.721484020037845,10.101185807759549
mp-771295,unknown,unconfirmed_candidate,orthorhombic,,-3.420365395053352,-2.36681775068552
mp-760081,unknown,unconfirmed_candidate,triclinic,,-3.39685852485799,-1.7566254858278292
mp-1215121,unknown,unconfirmed_candidate,monoclinic,,0.10498023660214528,-4.1470310641838815
mp-1184829,0,label0,cubic,,3.5922611661406023,2.6993990735639244
mp-16624,unknown,unconfirmed_candidate,trigonal,,-3.1330935222550025,-4.474078945155151
mp-849507,unknown,unconfirmed_candidate,triclinic,,3.1777427249443857,0.7985800011893787
mp-1246961,unknown,unconfirmed_candidate,cubic,,9.265236692277083,-3.121483228146582
mp-2226848,unknown,unconfirmed_candidate,tetragonal,,-4.297113103770631,-5.420318931024511
mp-755206,unknown,unconfirmed_candidate,monoclinic,,-1.986979952224182,-0.5518064567045258
mp-1207158,unknown,unconfirmed_candidate,orthorhombic,,6.8796241855998925,-0.26101852459516905
mp-1245916,0,label0,trigonal,,5.791274002103561,-3.410053823096069
mp-1247482,unknown,unconfirmed_candidate,orthorhombic,,5.542808510688769,-3.993440899567654
mp-1215690,0,label0,cubic,,9.90888130254033,-0.22253722530565767
mp-758315,0,label0,triclinic,,3.176752355544359,-5.270093038651622
mp-2228606,0,label0,orthorhombic,,7.4243768086223305,-1.6423903063256695
mp-1207431,0,label0,hexagonal,,15.657539988996918,0.34469151936023223
mp-2713037,unknown,unconfirmed_candidate,triclinic,,1.64319650748849,-6.909078345335363
mp-1192782,0,label0,triclinic,,-8.348124697412214,-3.739399073986325
mp-767490,unknown,unconfirmed_candidate,triclinic,,-2.9738845999608046,-7.656335123584796
mp-640227,0,label0,monoclinic,,-12.65553737637359,-7.456050914002965
mp-1181841,unknown,unconfirmed_candidate,monoclinic,,6.599283463484959,-1.4516461371427614
mp-1198229,unknown,unconfirmed_candidate,tetragonal,,5.406949186256776,5.3493612735055684
mp-1183103,0,label0,hexagonal,,8.073324964793567,-2.704664285472644
mp-32586,unknown,unconfirmed_candidate,tetragonal,,-0.323826334140513,-6.3374383511802534
mp-757733,unknown,unconfirmed_candidate,monoclinic,,2.5246935006707893,-7.6282336333278895
mp-1246960,0,label0,trigonal,,6.7819159691897575,-0.8360152818458992
mp-1210078,0,label0,cubic,,20.77938849122617,8.201182657343708
mp-1022978,unknown,unconfirmed_candidate,orthorhombic,,0.3592730053266351,-2.1727470220633176
mp-1221093,0,label0,monoclinic,,-7.812284452146201,-1.4103353137671473
mp-1213665,unknown,unconfirmed_candidate,monoclinic,,15.599365336593854,0.40091081819853613
mp-606644,unknown,unconfirmed_candidate,triclinic,,8.584633392998017,-1.7118833434351437
mp-763342,unknown,unconfirmed_candidate,monoclinic,,16.476050403976476,17.10807763542982
mp-1212926,unknown,unconfirmed_candidate,tetragonal,,-8.175423923535032,3.3596342211216133
mp-1226901,unknown,unconfirmed_candidate,orthorhombic,,-12.378334507635742,-2.0153697483604613
mp-1031311,0,label0,tetragonal,,3.8949167707541363,-0.765651401551878
mp-1225733,unknown,unconfirmed_candidate,orthorhombic,,7.8397643686073994,-4.370085148589672
mp-1205931,unknown,unconfirmed_candidate,hexagonal,,-3.8023757705384114,12.588367966426961
mp-768507,unknown,unconfirmed_candidate,monoclinic,,-3.3146808954869122,-9.756316150648917
mp-1227635,unknown,unconfirmed_candidate,monoclinic,,-6.824315303661198,-2.2916791137775956
mp-1183762,0,label0,cubic,,11.595388692842317,-0.7696225645084773
mp-1342745,0,label0,triclinic,,3.952269107914274,7.904472062565773
mp-679788,unknown,unconfirmed_candidate,triclinic,,2.4387456556529905,-4.669410590888912
mp-1233775,unknown,unconfirmed_candidate,triclinic,,-3.508465606644311,1.010447859323616
mp-10792,unknown,unconfirmed_candidate,triclinic,,-10.319641904798033,-3.027973794526405
mp-1102478,unknown,unconfirmed_candidate,hexagonal,,3.1963748932745517,3.5763395037260963
mp-18926,unknown,unconfirmed_candidate,orthorhombic,,-0.7254322751077318,5.570422907152601
mp-19131,unknown,unconfirmed_candidate,hexagonal,,-6.746687561561938,-0.1131939537358484
mp-4022,0,label0,monoclinic,,15.132977871302288,-0.04361618361919284
mp-504336,unknown,unconfirmed_candidate,triclinic,,-13.912974740826897,4.236188916587789
mp-1223312,unknown,unconfirmed_candidate,orthorhombic,,-6.651513034533515,-5.873737320530733
mp-642754,unknown,unconfirmed_candidate,cubic,,-2.909949983905115,-7.608359088438526
mp-1217697,unknown,unconfirmed_candidate,orthorhombic,,12.380448302989905,1.593913548894399
mp-2215785,unknown,unconfirmed_candidate,triclinic,,-17.966291568722575,5.514459845866757
mp-579284,unknown,unconfirmed_candidate,tetragonal,,-2.9873666514334225,1.1708892438549867
mp-2219036,0,label0,triclinic,,-11.760527335517992,0.016248394259886112
mp-778208,unknown,unconfirmed_candidate,triclinic,,2.7812388670747517,3.492769197638566
mp-1235182,unknown,unconfirmed_candidate,triclinic,,-10.706163248053471,-7.008226615980844
mp-760282,unknown,unconfirmed_candidate,triclinic,,1.1907582223382498,0.11943983420619375
mp-1203368,unknown,unconfirmed_candidate,tetragonal,,-3.7682560842257473,2.7928225824629145
mp-1206045,0,label0,tetragonal,,3.7734547706553876,-4.84788136128768
mp-1217749,unknown,unconfirmed_candidate,trigonal,,-5.117763611304309,-2.4476997931145448
mp-1227357,0,label0,monoclinic,,-4.597632566697236,-3.4536347243070207
mp-1225186,unknown,unconfirmed_candidate,tetragonal,,21.444557181731316,12.911164233385822
mp-1093745,0,label0,orthorhombic,,-2.465875968583667,-0.5178373423728644
mp-1212104,0,label0,orthorhombic,,-5.232744587979045,-4.997142405107498
mp-779502,unknown,unconfirmed_candidate,tetragonal,,5.482213661979355,-4.700293589734791
mp-771126,unknown,unconfirmed_candidate,orthorhombic,,-9.34265018319799,-3.9497129332147694
mp-1193668,unknown,unconfirmed_candidate,cubic,,10.863298767508718,-4.196834847497067
mp-1110901,0,label0,cubic,,5.331371609187894,-6.122756987998949
mp-861568,unknown,unconfirmed_candidate,monoclinic,,6.9861187893973415,2.279978462573016
mp-1187424,0,label0,cubic,,-1.2808510389109102,-1.034855304314366
mp-640158,unknown,unconfirmed_candidate,cubic,,19.279836705365106,8.321659190526717
mp-39712,unknown,unconfirmed_candidate,monoclinic,,-10.945847807606107,-2.7031391433644103
mp-1031676,0,label0,tetragonal,,-6.83189874725765,3.7301151994631034
mp-1186629,0,label0,tetragonal,,0.3886191051229666,8.949408276436213
mp-647029,0,label0,monoclinic,,4.14118065173998,0.4612807920660593
mp-772524,unknown,unconfirmed_candidate,triclinic,,-2.105895923791106,-1.5123116697993666
mp-1147763,unknown,unconfirmed_candidate,tetragonal,,7.883087624936055,-3.1815017888916444
mp-1013808,unknown,unconfirmed_candidate,cubic,Ni,1.9659028488955244,-2.7285723380564733
mp-2216894,unknown,unconfirmed_candidate,triclinic,,-6.196216949818197,-2.3220841374802976
mp-755248,unknown,unconfirmed_candidate,monoclinic,,-1.9087734997268946,3.89512225713316
mp-758729,unknown,unconfirmed_candidate,monoclinic,,4.897378361385744,4.892649187439247
mp-768185,0,label0,triclinic,,-4.6960178995002515,-7.489974731854684
mp-757487,unknown,unconfirmed_candidate,orthorhombic,,18.976477824155786,15.060545941856024
mp-20655,unknown,unconfirmed_candidate,orthorhombic,,7.928351475830494,1.1668964793616574
mp-721072,unknown,unconfirmed_candidate,monoclinic,,0.5532816931628695,-4.274989235513242
mp-568044,unknown,unconfirmed_candidate,monoclinic,,2.155754098555512,1.5591668247852475
mp-1229240,unknown,unconfirmed_candidate,triclinic,,-11.43650731013009,3.0616616802199452
mp-778813,unknown,unconfirmed_candidate,triclinic,,-0.3445180842048181,-0.23614257520859994
mp-510226,0,label0,tetragonal,,0.655854459483276,-6.930054450683027
mp-1036050,0,label0,tetragonal,,1.262603904803008,-1.6369108735452702
mp-1173969,unknown,unconfirmed_candidate,triclinic,,3.050093514124736,-7.332063466533503
mp-755336,0,label0,tetragonal,,9.235729883970713,12.638017315608302
mp-601833,0,label0,cubic,,19.357359621606758,4.699272363825525
mp-559246,0,label0,trigonal,,-3.578525055664283,7.865913075354694
mp-1233426,unknown,unconfirmed_candidate,triclinic,,-10.542157223520821,-1.3989165541654796
mp-1192574,unknown,unconfirmed_candidate,hexagonal,,-3.488281657019254,-3.6002632853138987
mp-1041087,unknown,unconfirmed_candidate,monoclinic,,3.4915929924620848,-4.464646425694092
mp-1182234,unknown,unconfirmed_candidate,monoclinic,,4.929999273760336,-0.4100538199617745
mp-2226814,unknown,unconfirmed_candidate,tetragonal,,-5.106093649045185,0.48821211762101413
mp-1097462,0,label0,orthorhombic,,4.532432140390689,-4.717509919450629
mp-754719,unknown,unconfirmed_candidate,monoclinic,,-8.788012248896237,7.1534466146843165
mp-555574,unknown,unconfirmed_candidate,monoclinic,,-6.351692594577603,-3.40512625860465
mp-2714452,unknown,unconfirmed_candidate,triclinic,,-2.7102787202136795,-2.408865838036901
mp-1076151,unknown,unconfirmed_candidate,orthorhombic,,-10.456735719730311,7.9041498514823445
mp-653981,0,label0,cubic,,11.957919243324081,-2.2924404125893147
mp-1233175,unknown,unconfirmed_candidate,triclinic,,0.4943086050397092,0.903500661578402
mp-1225318,0,label0,trigonal,,6.34890045846279,-8.351482538096597
mp-1025165,0,label0,tetragonal,,13.555154359988832,-4.32421656365338
mp-505229,unknown,unconfirmed_candidate,orthorhombic,,3.8471005545240704,4.557194050337749
mp-1078898,0,label0,tetragonal,,3.2584972739041973,-3.356222225203405
mp-753286,unknown,unconfirmed_candidate,monoclinic,,-1.452062693117412,-4.255902921784571
mp-1196034,unknown,unconfirmed_candidate,orthorhombic,,-13.550170809605156,-4.800875425697095
mp-1350689,unknown,unconfirmed_candidate,monoclinic,,-2.0768746379653322,-1.3711922815774482
mp-1187821,0,label0,cubic,,1.140624355390635,-5.588661553759831
mp-1306506,unknown,unconfirmed_candidate,monoclinic,Fe,3.773163365740464,1.7609038064028297
mp-1235421,unknown,unconfirmed_candidate,triclinic,,6.503305425696224,-4.929329451931894
mp-1521033,0,label0,cubic,,-3.5005172888405767,-6.423035760522918
mp-1218831,0,label0,cubic,,1.8139546516102207,1.9952677563304775
mp-2225402,unknown,unconfirmed_candidate,monoclinic,,-8.08383608852218,4.669837760655941
mp-1246973,0,label0,orthorhombic,,-7.391730804265173,-3.0188309258366868
mp-1046497,unknown,unconfirmed_candidate,monoclinic,,-6.206932230411958,-0.6821687616467287
mp-1222957,unknown,unconfirmed_candidate,orthorhombic,,-1.5731967146177404,5.759918146223761
mp-568820,unknown,unconfirmed_candidate,hexagonal,,9.394195566115005,-4.690193614508853
mp-1104139,unknown,unconfirmed_candidate,tetragonal,,7.7238186800890265,-0.6578846360629207
mp-1191382,0,label0,trigonal,,2.2606577254914058,4.392495288846707
mp-10024,0,label0,cubic,,8.52603439881298,1.928337404871968
mp-2232085,unknown,unconfirmed_candidate,triclinic,,7.193118751962185,4.449856722981782
mp-585392,unknown,unconfirmed_candidate,monoclinic,,-2.9221372913613877,5.992752289915455
mp-30387,0,label0,tetragonal,,2.776101762048903,-3.2962985784508625
mp-756995,unknown,unconfirmed_candidate,monoclinic,,-2.5764884770247427,3.6810598247849136
mp-570981,0,label0,monoclinic,,-6.5051781254334635,-0.9704391333075826
mp-558694,0,label0,cubic,,0.28008420078941754,16.301147332525634
mp-1232141,unknown,unconfirmed_candidate,orthorhombic,,0.12788457731095804,-5.953590419980282
mp-1435359,unknown,unconfirmed_candidate,monoclinic,V,-12.11968002866275,5.096506655655016
mp-1179462,unknown,unconfirmed_candidate,triclinic,,1.3940609566224502,2.8638534498297936
mp-1275082,0,label0,monoclinic,,-6.44480831696448,6.056560533827845
mp-5088,0,label0,tetragonal,,-5.7209865520094745,-4.2282611849070335
mp-1210926,unknown,unconfirmed_candidate,monoclinic,,-18.718853995153474,-6.314954414383976
mp-541990,unknown,unconfirmed_candidate,triclinic,,-9.351386272462104,13.160573257744382
mp-1226355,0,label0,trigonal,,0.956308198516993,-3.343889061884349
mp-4990,0,label0,cubic,,6.449926676031714,-2.814373084561055
mp-765677,unknown,unconfirmed_candidate,monoclinic,,-0.9863484238899751,-4.868799040862543
mp-2218707,unknown,unconfirmed_candidate,triclinic,,11.989800127504108,15.62191376764665
mp-38089,unknown,unconfirmed_candidate,monoclinic,,-1.6106688882229214,-4.039936968499317
mp-770681,unknown,unconfirmed_candidate,orthorhombic,,3.9888258790624853,-7.503748280255174
mp-4475,0,label0,tetragonal,,3.9834334023458844,-2.910572439359788
mp-757506,unknown,unconfirmed_candidate,monoclinic,,-4.683972768337821,-0.5268024263440338
mp-1178435,unknown,unconfirmed_candidate,triclinic,,10.861095810231937,6.856568548907333
mp-1226855,0,label0,orthorhombic,,-0.9489314695539974,-2.236121586687325
mp-761098,0,label0,triclinic,,3.744747560361855,-3.975333422075824
mp-540592,unknown,unconfirmed_candidate,orthorhombic,,-1.3357645399530007,4.360013487323432
mp-1189584,unknown,unconfirmed_candidate,hexagonal,,7.856619714254478,1.4349232827941591
mp-1223449,0,label0,hexagonal,,6.329561978960124,-2.7336170813181013
mp-756983,0,label0,monoclinic,,3.443252289861439,-7.76449935432233
mp-775012,unknown,unconfirmed_candidate,trigonal,,-0.48239257043523054,-3.793179422202421
mp-2240836,unknown,unconfirmed_candidate,triclinic,,3.6884813485495123,1.567449203511078
mp-1105199,unknown,unconfirmed_candidate,monoclinic,,-10.660924092695293,-2.8345457304482036
mp-1032452,0,label0,tetragonal,,-9.518293842977268,8.222297123900358
mp-1079313,unknown,unconfirmed_candidate,orthorhombic,,9.702264317692325,0.67257577325406
mp-777559,unknown,unconfirmed_candidate,orthorhombic,,-5.07471836313962,4.9699432429514125
mp-1246137,unknown,unconfirmed_candidate,monoclinic,,9.422090636385906,-3.969341967074371
mp-1219113,unknown,unconfirmed_candidate,orthorhombic,,1.2012589012428059,-5.787361447409554
mp-1208834,unknown,unconfirmed_candidate,tetragonal,,-6.2463230130294,1.5330213719205865
mp-1200777,unknown,unconfirmed_candidate,tetragonal,,3.2387336861098746,0.7227318369164557
mp-504884,unknown,unconfirmed_candidate,cubic,,-0.7419008782323608,-4.085021819489015
mp-1199735,unknown,unconfirmed_candidate,monoclinic,,0.019900951321339733,-3.0941144976047656
mp-758904,unknown,unconfirmed_candidate,monoclinic,,-2.94410963854288,-4.447804002283862
mp-775219,0,label0,trigonal,,-3.551424604370503,8.90896939650598
mp-1104601,0,label0,triclinic,,-12.616253786545222,-7.144668155954859
mp-774886,0,label0,monoclinic,,6.200085925480174,-7.76712254112522
mp-756116,unknown,unconfirmed_candidate,orthorhombic,,-3.9309043737243066,-5.627155362444649
mp-559307,unknown,unconfirmed_candidate,orthorhombic,,2.5251703766381723,-3.558614277195961
mp-1209400,unknown,unconfirmed_candidate,tetragonal,,0.29455798020742563,5.479241482012412
mp-760299,unknown,unconfirmed_candidate,monoclinic,,3.2049851309904067,2.7687222449769777
mp-768396,unknown,unconfirmed_candidate,monoclinic,,-7.533107165572254,-3.413320863030732
mp-758945,unknown,unconfirmed_candidate,orthorhombic,,6.316858862146045,-6.990754768625417
mp-977440,0,label0,cubic,,-2.52821831817025,-0.09093294073207403
mp-1222284,0,label0,hexagonal,,12.662990795146486,-1.1573844892601493
mp-16548,0,label0,orthorhombic,,8.922482474040306,-2.975998143076703
mp-1196909,unknown,unconfirmed_candidate,orthorhombic,,-4.247866814944377,1.313027784868268
mp-1173823,unknown,unconfirmed_candidate,monoclinic,,-11.297966635058827,3.290912681074957
mp-1040143,0,label0,tetragonal,,0.19088465633253193,-2.069705533433389
mp-1173977,unknown,unconfirmed_candidate,triclinic,,-2.382050695461025,-6.368228699132578
mp-569715,0,label0,trigonal,,5.962949712236016,-2.730822272459111
mp-759351,0,label0,monoclinic,,-2.915594660984123,-1.883347638565315
mp-1094010,unknown,unconfirmed_candidate,orthorhombic,,-1.0559102375429568,-7.043575788541782
mp-2713367,0,label0,triclinic,,0.10653885726970458,-6.003449198189751
mp-766464,unknown,unconfirmed_candidate,orthorhombic,,-7.3395908743515434,7.878258090358301
mp-752923,unknown,unconfirmed_candidate,monoclinic,,11.632627280206673,6.024123518735191
mp-542748,unknown,unconfirmed_candidate,monoclinic,,8.845430991578297,-1.9729156710565743
mp-581419,unknown,unconfirmed_candidate,monoclinic,,1.7614760161251297,-8.088445783384966
mp-946,0,label0,cubic,,-31.59333594617499,25.667190904346594
mp-743881,unknown,unconfirmed_candidate,triclinic,,-5.093165943369506,1.2263812760279507
mp-1110966,0,label0,cubic,,-11.676869104617303,-0.14585005682357277
mp-1209039,unknown,unconfirmed_candidate,tetragonal,,-12.448479024709048,-4.7271502111816215
mp-1306705,unknown,unconfirmed_candidate,triclinic,,-0.3247323867239089,-6.578036907783535
mp-1215060,unknown,unconfirmed_candidate,cubic,,-7.888813883755997,-7.403710897329974
mp-532211,unknown,unconfirmed_candidate,orthorhombic,,13.326502069630216,6.41573126856423
mp-11202,0,label0,hexagonal,,10.731596083001111,0.5515562630402151
mp-8181,0,label0,trigonal,,-1.0552737011682147,-1.5666944893999517
mp-1226467,0,label0,trigonal,,-1.726140985105058,-3.9528931905277354
mp-1273164,unknown,unconfirmed_candidate,triclinic,,0.8200208896670702,-3.5790541625733177
mp-1183438,0,label0,tetragonal,,11.80525416042693,-5.358680551706451
mp-1175476,0,label0,triclinic,,-1.7450040448155555,-5.80675391629298
mp-771217,unknown,unconfirmed_candidate,orthorhombic,,-2.0659366743782996,-1.8150893472263459
mp-1016152,unknown,unconfirmed_candidate,orthorhombic,,-8.514023837986684,-2.877942312104482
mp-1262187,unknown,unconfirmed_candidate,triclinic,,-0.5637956552757579,0.23341148195943262
mp-707866,0,label0,triclinic,,-0.7895830056294493,-5.707831132299296
mp-1213049,0,label0,monoclinic,,-8.486101050116023,-7.747168304968399
mp-1203724,unknown,unconfirmed_candidate,hexagonal,,-5.863692700677998,3.487576600287966
mp-1105625,unknown,unconfirmed_candidate,orthorhombic,,6.199809945010001,1.4589259697258399
mp-1208547,unknown,unconfirmed_candidate,orthorhombic,,-3.4384320155059314,0.33811333275050615
mp-1212899,unknown,unconfirmed_candidate,cubic,,12.99743349087818,-1.6734043743855178
mp-776634,unknown,unconfirmed_candidate,triclinic,,-3.036413090939881,0.3908828548386225
mp-1213045,unknown,unconfirmed_candidate,orthorhombic,,7.25328675172479,2.019242804098454
mp-1370373,unknown,unconfirmed_candidate,monoclinic,,-5.109152640071866,11.910988576107084
mp-1410425,unknown,unconfirmed_candidate,orthorhombic,,-11.309752639152848,16.241654199664115
mp-1189833,unknown,unconfirmed_candidate,orthorhombic,,2.833446331647867,-0.49805170700509294
mp-16644,0,label0,hexagonal,,-0.7753887775911004,1.3757380640332322
mp-1025195,0,label0,monoclinic,,6.994811735988916,-0.11257025453434721
mp-1186486,0,label0,cubic,,5.68683445637193,7.050094869328344
mp-1218713,0,label0,orthorhombic,,-4.048104231189619,4.096224448985783
mp-851075,unknown,unconfirmed_candidate,monoclinic,,-4.497089548369594,-5.592104824601936
mp-1205936,0,label0,hexagonal,,3.0129949255344037,2.2193770509895785
mp-776984,unknown,unconfirmed_candidate,orthorhombic,,0.007745197924634795,-4.54406664759216
mp-1032059,0,label0,tetragonal,,-0.7918756035353596,1.1350412419940668
mp-1520469,0,label0,triclinic,,-14.322974243380408,-4.218068355894632
mp-727111,unknown,unconfirmed_candidate,monoclinic,,-0.19593530835818385,-5.756706944587107
mp-865470,0,label0,cubic,,11.430756371569018,-0.5894736779523946
mp-766133,0,label0,triclinic,,-9.824621890722248,-0.10971195274725076
mp-1021522,unknown,unconfirmed_candidate,monoclinic,,-14.401785227037827,-3.430787855710239
mp-1216539,0,label0,tetragonal,,-1.70428496741658,12.360986598516174
mp-556581,unknown,unconfirmed_candidate,monoclinic,,4.490189331818485,39.34897110339507
mp-735042,unknown,unconfirmed_candidate,monoclinic,,-2.021007963130252,-0.36961622707628905
mp-1301741,unknown,unconfirmed_candidate,triclinic,,-13.563576706357935,3.3564627895598136
mp-1209756,unknown,unconfirmed_candidate,monoclinic,,-9.93708141582053,-9.39576808293808
mp-2227579,0,label0,triclinic,,-1.6273604002603541,3.9992377046808834
mp-1227804,unknown,unconfirmed_candidate,triclinic,,-15.295604543906954,-0.20797650534112577
mp-1209312,unknown,unconfirmed_candidate,trigonal,,1.3491457751360123,1.7056744872679914
mp-1211588,unknown,unconfirmed_candidate,monoclinic,,2.1384004963415073,-4.177254429770546
mp-1225529,unknown,unconfirmed_candidate,monoclinic,,-17.859199529484492,6.433238316243006
mp-759226,unknown,unconfirmed_candidate,triclinic,,3.3907510448633484,7.613114190993411
mp-1212221,unknown,unconfirmed_candidate,tetragonal,,10.669818655472724,2.0806365090424173
mp-1222247,0,label0,monoclinic,,-9.226627255172772,1.5964105746539623
mp-1205023,unknown,unconfirmed_candidate,orthorhombic,,4.566228338908802,-1.0704769724820373
mp-704645,unknown,unconfirmed_candidate,monoclinic,,7.087107607794916,-2.33986076827183
mp-1206903,0,label0,orthorhombic,,1.6305781052073307,-1.8835888583234084
mp-2619433,unknown,unconfirmed_candidate,orthorhombic,,10.083373417794952,-5.105964956810615
mp-565814,unknown,unconfirmed_candidate,cubic,,4.344868994737395,-2.595312304896801
mp-1516714,unknown,unconfirmed_candidate,orthorhombic,,-17.93146525949024,2.016055922000689
mp-367,unknown,unconfirmed_candidate,cubic,,14.80753857294901,2.1987936545679005
mp-727270,unknown,unconfirmed_candidate,cubic,,0.18761078768079642,-1.9444555180930934
mp-1044751,unknown,unconfirmed_candidate,triclinic,,-11.46787325348495,-6.195427673418246
mp-1280578,unknown,unconfirmed_candidate,monoclinic,,0.6986133772266037,0.3943934346814508
mp-776434,unknown,unconfirmed_candidate,tetragonal,,-0.19733543739219073,-3.5987408458444303
mp-2217094,0,label0,triclinic,,6.628753864685027,29.040089701314795
mp-752810,unknown,unconfirmed_candidate,monoclinic,,-3.795300699813957,3.918721144584712
mp-1217144,unknown,unconfirmed_candidate,tetragonal,,5.61900090884469,-0.22473013879622883
mp-1173486,unknown,unconfirmed_candidate,orthorhombic,,-6.720664867907246,-2.600252879298788
mp-1215528,0,label0,trigonal,,10.588582586187776,-2.2401157663282856
mp-756856,0,label0,monoclinic,,3.33875029689578,-3.6417434463923133
mp-1233261,unknown,unconfirmed_candidate,triclinic,,-0.4627922660360895,3.623021048490166
mp-1216729,0,label0,orthorhombic,,4.5516572694973,-4.3054430734427935
mp-653154,0,label0,triclinic,,1.5301299937195516,1.9294018157706532
mp-780496,unknown,unconfirmed_candidate,orthorhombic,,19.44184068087733,18.84889798319985
mp-1103034,unknown,unconfirmed_candidate,orthorhombic,,6.0580176099789895,-0.09310508319080668
mp-1174299,unknown,unconfirmed_candidate,monoclinic,,3.93415136704553,-7.399270758103304
mp-1233072,unknown,unconfirmed_candidate,triclinic,,7.183168445097369,-3.1058681421912766
mp-556067,unknown,unconfirmed_candidate,triclinic,,-3.4734277429836027,3.713003345261157
mp-1185791,0,label0,tetragonal,,2.9092215707777243,-1.080278980106911
mp-1220111,0,label0,orthorhombic,,8.208099547039712,-3.8260763975016445
mp-1247382,unknown,unconfirmed_candidate,tetragonal,,1.6655469379289123,2.348116150236553
mp-1219901,unknown,unconfirmed_candidate,tetragonal,,-4.1528103064075665,-3.2347162008646606
mp-570606,unknown,unconfirmed_candidate,cubic,,6.018593521932452,4.254020810405901
mp-698682,unknown,unconfirmed_candidate,triclinic,,5.791502772757937,-4.550358770897672
mp-2725306,0,label0,triclinic,,5.7100308407875,-6.005848065759238
mp-775765,unknown,unconfirmed_candidate,orthorhombic,,-18.9718064616918,16.30657593027487
mp-2229527,unknown,unconfirmed_candidate,triclinic,,-2.8562329025598707,7.1846890942419
mp-1246937,unknown,unconfirmed_candidate,cubic,,0.5529003312047038,-1.0358186658204147
mp-7426,0,label0,tetragonal,,11.20450721286218,-0.8571916574995946
mp-1247433,unknown,unconfirmed_candidate,triclinic,,8.601189927329568,6.6341174560345095
mp-1104894,0,label0,trigonal,,2.020293500921813,-0.15179891158074454
mp-1225154,0,label0,tetragonal,,17.582714326394797,4.411554495339402
mp-1221048,unknown,unconfirmed_candidate,monoclinic,,-0.8558186586613061,-6.450601746913689
mp-1018780,0,label0,trigonal,,-0.5247602622946417,-0.7897705686613001
mp-1033387,0,label0,tetragonal,,-1.464981924534829,0.7556261113950775
mp-2229821,unknown,unconfirmed_candidate,triclinic,,-7.064584399245991,-3.3911460895928442
mp-864757,0,label0,tetragonal,,1.6655403222668461,4.956545757067538
mp-2226150,0,label0,triclinic,,-4.965088408579678,-3.9164598669443915
mp-1212305,0,label0,triclinic,,3.889349843692562,2.266412462187784
mp-2713166,0,label0,triclinic,,-0.5628119808849696,-6.2649247006882085
mp-19724,unknown,unconfirmed_candidate,orthorhombic,,4.653616140872652,-4.626854815837055
mp-1044996,unknown,unconfirmed_candidate,trigonal,,-21.082775988217875,4.816270047326757
mp-1198017,unknown,unconfirmed_candidate,orthorhombic,,-14.567347132574803,-3.4815516437317484
mp-568370,unknown,unconfirmed_candidate,orthorhombic,,8.639551313116444,0.6452747985576792
mp-1190481,0,label0,tetragonal,,-3.9491616234570017,5.087495851836454
mp-1222958,0,label0,trigonal,,6.472670619541384,-6.421244523765653
mp-1211924,unknown,unconfirmed_candidate,monoclinic,,1.8412526056872807,-2.5781581098321382
mp-1016153,unknown,unconfirmed_candidate,tetragonal,,-7.121271521587776,-1.2979065267291237
mp-1271142,unknown,unconfirmed_candidate,trigonal,,10.597219588485562,-4.412972359521103
mp-510753,0,label0,trigonal,,-0.7271171743400799,-1.2692856337536078
mp-1045643,0,label0,monoclinic,,1.298596207669437,-3.9648275759678615
mp-18781,0,label0,orthorhombic,,-6.536756961479309,-4.4692878542741035
mp-1200756,unknown,unconfirmed_candidate,tetragonal,,-2.9470439205733534,-0.4317618681175901
mp-1187729,0,label0,cubic,,-3.674666165530624,25.116701984774625
mp-2230758,unknown,unconfirmed_candidate,triclinic,,-19.4839102585495,-1.514809039862877
mp-1048627,unknown,unconfirmed_candidate,tetragonal,,1.71263487686603,7.055623287820346
mp-1185894,0,label0,cubic,,3.301451468223407,-1.4847849127470347
mp-1026736,0,label0,hexagonal,,-5.327944472269394,5.345706988245439
mp-1194116,unknown,unconfirmed_candidate,monoclinic,,-6.934383092019441,-1.8921348993004976
mp-1199909,unknown,unconfirmed_candidate,triclinic,,13.763696943472192,17.982169489152067
mp-1519551,0,label0,cubic,,5.193794111072494,-3.4558725093581355
mp-1246383,unknown,unconfirmed_candidate,triclinic,,-1.0570504154417364,4.137612321866232
mp-2716417,0,label0,triclinic,,-0.3126931921180329,-0.1485923529142994
mp-570087,0,label0,trigonal,,11.012659929294186,1.4166021315496806
mp-1147551,0,label0,trigonal,,-1.7753161819164305,-9.446367647161154
mp-2225895,0,label0,orthorhombic,,-0.004744893083699964,-2.728924638687607
mp-28660,unknown,unconfirmed_candidate,tetragonal,,10.751192404516058,-4.239884992697332
mp-694852,unknown,unconfirmed_candidate,triclinic,,2.7262703255547365,-5.7274173400402635
mp-1044811,unknown,unconfirmed_candidate,trigonal,,-8.32085026701139,12.008095885075605
mp-1209311,0,label0,monoclinic,,-10.509116992393146,-7.697488391953819
mp-1212936,unknown,unconfirmed_candidate,trigonal,,-2.5089285652785662,-4.016575949664613
mp-510747,0,label0,orthorhombic,,-17.033156226847524,8.578868093443774
mp-560126,unknown,unconfirmed_candidate,monoclinic,,-7.340010203970216,9.131221158745252
mp-1104610,unknown,unconfirmed_candidate,monoclinic,,11.150899071633358,-1.8014052266848743
mp-849689,unknown,unconfirmed_candidate,hexagonal,,17.061881454799504,10.254900663014677
mp-768423,unknown,unconfirmed_candidate,monoclinic,,0.9538119669094947,-2.368236728207849
mp-1431,unknown,unconfirmed_candidate,cubic,,18.892513107800013,10.917478952264972
mp-1518260,0,label0,cubic,,-0.5837587805525395,-2.8917543394350727
mp-1197906,unknown,unconfirmed_candidate,monoclinic,,-10.306822352552675,-9.788448152610826
mp-1181796,unknown,unconfirmed_candidate,cubic,,6.1187005374739005,-2.9494744848464514
mp-1227366,0,label0,trigonal,,-3.83077769488359,-1.3236761849073009
mp-1226117,unknown,unconfirmed_candidate,trigonal,,-5.289939598575938,-3.203564538206969
mp-755849,unknown,unconfirmed_candidate,orthorhombic,,11.460579165028342,1.3968280247294622
mp-2713434,unknown,unconfirmed_candidate,trigonal,,2.741728062056172,-5.313112977529945
mp-1329623,unknown,unconfirmed_candidate,cubic,,0.29163132319931506,-2.8757806979268246
mp-1193679,0,label0,cubic,,13.26081138082291,-5.4005562146565165
mp-1110769,0,label0,cubic,,-9.00766364446699,1.197917800893876
mp-1195643,unknown,unconfirmed_candidate,monoclinic,,0.06038966423340142,-2.322534780000664
mp-1193987,0,label0,triclinic,,2.237032443050076,1.389137705928924
mp-1211797,unknown,unconfirmed_candidate,hexagonal,,7.603292427826814,-0.05654964691774467
mp-867162,unknown,unconfirmed_candidate,cubic,,-3.882278255678898,4.525155316604813
mp-756262,unknown,unconfirmed_candidate,triclinic,,3.9132997817320643,-7.653045477036265
mp-1176852,unknown,unconfirmed_candidate,triclinic,,-4.475614951776755,-0.2382021827903742
mp-1183262,0,label0,tetragonal,,7.068764190439813,4.128494960794562
mp-694534,unknown,unconfirmed_candidate,monoclinic,,-0.047403331863083764,5.247506539266766
mp-1034523,0,label0,orthorhombic,,-1.9906585852948382,0.1974141860786176
mp-19395,unknown,unconfirmed_candidate,tetragonal,,-1.0239426286184354,-6.091928934922388
mp-2234874,unknown,unconfirmed_candidate,triclinic,,-5.059076496414075,9.427592742826391
mp-777848,unknown,unconfirmed_candidate,orthorhombic,,-1.1359844647213286,-2.4931953847766515
mp-645338,unknown,unconfirmed_candidate,orthorhombic,,-5.055640643885987,-3.7279926210489354
mp-14884,unknown,unconfirmed_candidate,monoclinic,,-1.3446827965559116,11.281965963972631
mp-1228315,0,label0,orthorhombic,,1.4820583044867561,-1.956036058995096
mp-752518,unknown,unconfirmed_candidate,monoclinic,,4.388004219048691,-4.293670394611567
mp-1185926,0,label0,cubic,,-1.1512286627057655,-0.669609333111719
mp-2220229,unknown,unconfirmed_candidate,triclinic,,5.072488307225219,3.7022800237845317
mp-21177,0,label0,cubic,,13.20973984912725,1.4786043929404862
mp-19044,0,label0,orthorhombic,,-8.319670573334001,-1.5848146370367147
mp-1025236,0,label0,tetragonal,,-4.188318937823389,0.7091821173465647
mp-1187181,0,label0,cubic,,12.595872087465317,-2.6094369795657695
mp-755047,unknown,unconfirmed_candidate,orthorhombic,,8.59448730551943,1.5732730757966138
mp-754182,0,label0,tetragonal,,3.4235464302232455,-5.366912708648641
mp-1046980,unknown,unconfirmed_candidate,trigonal,,1.44515278166622,-9.654871787058463
mp-758191,unknown,unconfirmed_candidate,orthorhombic,,-7.721425571573764,-3.7729299974419135
mp-836407,unknown,unconfirmed_candidate,cubic,,11.97533653075136,5.514889714990449
mp-21444,unknown,unconfirmed_candidate,orthorhombic,,-15.548384246180298,2.875423714075499
mp-649195,unknown,unconfirmed_candidate,orthorhombic,,6.754782888964508,7.761345245724861
mp-2715661,unknown,unconfirmed_candidate,triclinic,,-0.06378593688383916,-6.643322105246336
mp-2712985,unknown,unconfirmed_candidate,triclinic,,1.399058735876455,-2.064007431550184
mp-1094390,unknown,unconfirmed_candidate,orthorhombic,,5.20138024648463,-0.899798899739416
mp-731872,0,label0,monoclinic,,-7.136196867868772,-4.577463165962392
mp-1199575,unknown,unconfirmed_candidate,triclinic,,4.013596971327878,2.208688872867956
mp-694966,unknown,unconfirmed_candidate,monoclinic,,-6.782443598124619,5.109161094233048
mp-2240406,0,label0,triclinic,,4.190768843414146,-0.671546936023617
mp-1384628,unknown,unconfirmed_candidate,tetragonal,,0.9236004230822736,-2.2571022760535175
mp-1184795,unknown,unconfirmed_candidate,hexagonal,,13.270743964238328,9.411685483731688
mp-698617,unknown,unconfirmed_candidate,monoclinic,,6.937289935989808,-5.590516242954273
mp-856977,unknown,unconfirmed_candidate,triclinic,,6.581826953057886,3.682803734577373
mp-763318,unknown,unconfirmed_candidate,triclinic,,-4.966072137164435,-1.441053324641386
mp-2714096,unknown,unconfirmed_candidate,triclinic,,2.28532712378189,-7.35872145942294
mp-1218300,unknown,unconfirmed_candidate,monoclinic,,-1.0201837792328838,-6.551538244253376
mp-1234591,unknown,unconfirmed_candidate,monoclinic,,-8.04591553035494,3.5734480441914904
mp-8800,unknown,unconfirmed_candidate,monoclinic,,-2.1512741287446424,-5.996948305311873
mp-1016842,0,label0,cubic,,-1.3080605634398985,2.2807379344770347
mp-657985,unknown,unconfirmed_candidate,triclinic,,5.1019427173508785,3.7055763393506496
mp-5807,unknown,unconfirmed_candidate,orthorhombic,,2.04067117937236,-9.219364518999896
mp-849426,unknown,unconfirmed_candidate,monoclinic,,-0.8534278645731099,-1.0192576840944803
mp-761867,unknown,unconfirmed_candidate,triclinic,,3.083518021766892,-2.113527581134411
mp-1225110,0,label0,orthorhombic,,-4.110099014614942,2.946420383953665
mp-1177943,unknown,unconfirmed_candidate,triclinic,,-0.5495057419264597,-6.948208155124988
mp-615754,unknown,unconfirmed_candidate,orthorhombic,,2.758846541716622,10.014641757032535
mp-1388764,unknown,unconfirmed_candidate,tetragonal,,-3.2682274495307446,-2.3245200438819147
mp-779031,unknown,unconfirmed_candidate,tetragonal,,-9.356952435616495,-1.7671948955152832
mp-759812,0,label0,monoclinic,,-4.446081992297529,-6.945533322975818
mp-1096918,unknown,unconfirmed_candidate,monoclinic,,2.731424657438261,3.5483220674031415
mp-1246182,0,label0,trigonal,,4.795427654114016,-1.2509136031644843
mp-1220977,0,label0,tetragonal,,-6.9444563032500355,-9.389208882993628
mp-21253,0,label0,cubic,,5.6284262138641505,0.004250829468716688
mp-561162,unknown,unconfirmed_candidate,monoclinic,,-2.3932918634528235,-4.480313749399773
mp-556657,0,label0,triclinic,,-0.9936765515063932,-3.907205528821013
mp-11069,0,label0,hexagonal,,9.036645482594718,-1.404308377862268
mp-570547,unknown,unconfirmed_candidate,cubic,,8.755609901244979,-3.0610258304405473
mp-1357031,0,label0,triclinic,,8.48888628458545,-4.3568639589083205
mp-1188513,unknown,unconfirmed_candidate,tetragonal,,11.646993661714069,0.3822853191876341
mp-1443685,unknown,unconfirmed_candidate,monoclinic,,-5.002001996725021,-5.089721458883531
mp-1178540,unknown,unconfirmed_candidate,monoclinic,,-6.552070930184222,-8.298952660796514
mp-567214,0,label0,hexagonal,,2.499373470173545,-0.17807695499150356
mp-1095893,0,label0,orthorhombic,,-4.360397367503918,-3.3492420003245957
mp-774547,unknown,unconfirmed_candidate,monoclinic,,1.1866364368224467,-4.556110956864403
mp-1211095,unknown,unconfirmed_candidate,monoclinic,,1.1628660559496993,-2.448560890775239
mp-1222173,unknown,unconfirmed_candidate,trigonal,,1.9894022970688212,0.5396951249917805
mp-675858,unknown,unconfirmed_candidate,triclinic,,2.3502490112267935,-2.490079117387893
mp-672356,0,label0,cubic,,3.2592877174065684,-4.338605167039413
mp-770924,unknown,unconfirmed_candidate,monoclinic,,6.208428373256437,-8.319576529096521
mp-1227354,unknown,unconfirmed_candidate,monoclinic,,-4.108721009508294,5.088282183714181
mp-1040874,unknown,unconfirmed_candidate,tetragonal,,-7.463762610344244,-6.448460793466827
mp-1187417,0,label0,cubic,,-3.041435268354249,-2.0571470117954114
mp-674504,unknown,unconfirmed_candidate,trigonal,,3.4162835583281357,-3.223954846681016
mp-16491,0,label0,hexagonal,,2.9537563178605417,-4.7748351752033535
mp-21564,unknown,unconfirmed_candidate,tetragonal,,0.1055059676553114,-0.6764319683583473
mp-1079533,0,label0,cubic,,-8.5379375785676,0.35745293270286993
mp-574472,unknown,unconfirmed_candidate,orthorhombic,,4.44463863075249,-1.8507043601326032
mp-1280510,unknown,unconfirmed_candidate,monoclinic,,-2.7670519384964436,2.3871958130403
mp-764905,unknown,unconfirmed_candidate,orthorhombic,,-18.45459652805235,12.121192042558576
mp-753642,unknown,unconfirmed_candidate,orthorhombic,,-14.241793763777785,9.885915262635518
mp-1190240,unknown,unconfirmed_candidate,orthorhombic,,1.0187738484829048,7.465411038710535
mp-551456,0,label0,trigonal,,11.79327255200397,1.6863876170996477
mp-1522791,0,label0,cubic,,-3.0738097249404284,4.8117424921085785
mp-1216810,0,label0,trigonal,,-3.1740174298478756,-4.296557801558334
mp-1224521,unknown,unconfirmed_candidate,triclinic,,-1.829133182753747,-3.5842982299012895
mp-1189,0,label0,cubic,,-11.474993917799019,4.184720909427288
mp-1038788,0,label0,orthorhombic,,6.516480023461593,-1.838638549291156
mp-559456,0,label0,monoclinic,,-10.600355408929737,-7.649619473921582
mp-1209889,unknown,unconfirmed_candidate,monoclinic,,-14.615881451815817,13.647946982797652
mp-735484,unknown,unconfirmed_candidate,monoclinic,,1.6252464428892246,-4.550249024739179
mp-760131,unknown,unconfirmed_candidate,monoclinic,,-4.516983248997679,0.2647069294093036
mp-1234754,0,label0,triclinic,,-3.403432915172612,6.514543247827213
mp-19731,0,label0,hexagonal,,5.052644101867688,0.43268356226422355
mp-1182417,unknown,unconfirmed_candidate,monoclinic,,-4.657198445275686,-0.8517521639194534
mp-1228673,unknown,unconfirmed_candidate,orthorhombic,,7.238058778212894,0.03030198126516126
mp-1393169,unknown,unconfirmed_candidate,triclinic,,-0.5314148717563114,7.233460644105847
mp-1218996,0,label0,trigonal,,7.412992362037517,3.1199288172853237
mp-28235,unknown,unconfirmed_candidate,orthorhombic,,7.598398946941206,0.8118825803256655
mp-6231,0,label0,cubic,,-5.92729057214645,-4.165948663799526
mp-1095736,0,label0,orthorhombic,,7.406126352675097,-3.087463380469883
mp-1179586,0,label0,monoclinic,,-3.0024848097016417,-0.18276654781496404
mp-571244,unknown,unconfirmed_candidate,tetragonal,,0.9423327484929729,-0.8831368973763176
mp-1096635,0,label0,orthorhombic,,4.639549193860354,-1.5444018081153512
mp-1224665,0,label0,monoclinic,,4.946383931441993,-2.855474580506977
mp-849393,unknown,unconfirmed_candidate,orthorhombic,,-4.620102036807882,4.343237913251624
mp-864945,0,label0,cubic,,-4.0144287697751615,-4.118577178397391
mp-860958,unknown,unconfirmed_candidate,monoclinic,,-3.1428390871620913,-3.516326587950898
mp-2218986,unknown,unconfirmed_candidate,triclinic,,-0.9724768354947138,-6.197710072311969
mp-1235966,unknown,unconfirmed_candidate,monoclinic,,-2.9420578004037345,-2.203119082642189
mp-21055,0,label0,tetragonal,,6.45322891381233,2.3096818164510218
mp-867279,0,label0,cubic,,5.097906634379866,1.481101892964226
mp-1102706,0,label0,orthorhombic,,-11.190045969986489,5.627551125929614
mp-767727,unknown,unconfirmed_candidate,orthorhombic,,1.6073002430641168,-2.036136393273612
mp-1147697,0,label0,triclinic,,4.602076808839806,-4.646737053877684
mp-771015,unknown,unconfirmed_candidate,monoclinic,,-2.1847657109544265,-1.7825672067765623
mp-1120816,unknown,unconfirmed_candidate,monoclinic,,-0.3603063125720638,-6.494277223781779
mp-1208357,unknown,unconfirmed_candidate,monoclinic,,-7.278161324817297,-8.95032505014899
mp-554535,unknown,unconfirmed_candidate,monoclinic,,-3.8911025862848767,-1.0923353314581554
mp-28467,unknown,unconfirmed_candidate,orthorhombic,,1.359275361073351,-6.803604597361012
mp-13182,0,label0,tetragonal,,0.9439377467352799,-3.009848708117419
mp-1216523,unknown,unconfirmed_candidate,tetragonal,,-15.78986889214218,3.116419666351419
mp-1209377,unknown,unconfirmed_candidate,orthorhombic,,-9.015123738792628,-8.049783614656858
mp-1211679,0,label0,triclinic,,1.9549415138749424,-8.12252271389703
mp-779774,unknown,unconfirmed_candidate,triclinic,,15.308141835316041,16.402172725596234
mp-1195504,unknown,unconfirmed_candidate,monoclinic,,1.4760657868453784,-5.503486635425459
mp-1229046,unknown,unconfirmed_candidate,tetragonal,,3.7432057450154392,-5.494669563747623
mp-2228,0,label0,cubic,,6.189719527468121,1.525079308625024
mp-1101867,unknown,unconfirmed_candidate,orthorhombic,,16.06100822140623,0.6374440504904832
mp-1177335,unknown,unconfirmed_candidate,triclinic,,-3.3260018968789424,0.19094166067003115
mp-656880,0,label0,tetragonal,,3.419528474959817,-3.1638930599636996
mp-1185467,0,label0,cubic,,1.383183326672647,3.1360447441691406
mp-17392,unknown,unconfirmed_candidate,tetragonal,,1.7973866688979712,-4.012208389194727
mp-1436,0,label0,orthorhombic,,6.756580495770889,-4.330152556226363
mp-1017317,unknown,unconfirmed_candidate,orthorhombic,,-2.0544597721019677,2.2726925678645884
mp-1191515,unknown,unconfirmed_candidate,monoclinic,,-6.281307884855856,-5.552612516718291
mp-11906,unknown,unconfirmed_candidate,monoclinic,,-6.567999225990047,-4.411628505831155
mp-1046609,unknown,unconfirmed_candidate,monoclinic,,-9.980202538071094,4.135662627125463
mp-1096808,unknown,unconfirmed_candidate,tetragonal,,12.012294153626117,1.0237524690144468
mp-777539,unknown,unconfirmed_candidate,monoclinic,,-5.481265425859387,-3.9261502268604094
mp-766584,unknown,unconfirmed_candidate,monoclinic,,-4.433637331478678,-4.447616878673312
mp-1046916,unknown,unconfirmed_candidate,trigonal,,-6.172998718080166,-7.108181263279349
mp-607806,unknown,unconfirmed_candidate,monoclinic,,7.648038606517343,-2.259208873848543
mp-1220206,unknown,unconfirmed_candidate,tetragonal,,-3.9780783453202524,9.404853213524504
mp-551250,0,label0,tetragonal,,1.3261812577385292,-3.8213343268742275
mp-556207,unknown,unconfirmed_candidate,trigonal,,-3.095649747950816,-2.727822694288095
mp-1218444,unknown,unconfirmed_candidate,orthorhombic,,1.7875422949614688,1.742865515733314
mp-15687,0,label0,hexagonal,,1.8112585604590237,-0.6939762735195316
mp-11358,0,label0,cubic,,4.0687534212841445,-4.41949550814674
mp-1178481,unknown,unconfirmed_candidate,orthorhombic,,11.289475446449122,8.122308376322067
mp-567916,unknown,unconfirmed_candidate,hexagonal,,1.8789892933614105,0.475502869572086
mp-756379,unknown,unconfirmed_candidate,orthorhombic,,17.808813979267153,16.443795652763075
mp-1375270,unknown,unconfirmed_candidate,cubic,,-27.050813455026848,4.971562620808605
mp-22266,0,label0,cubic,,-4.071098437100883,-6.942386920721924
mp-1211481,unknown,unconfirmed_candidate,orthorhombic,,-4.770891432935226,-2.012578233955649
mp-758516,unknown,unconfirmed_candidate,orthorhombic,,-6.14372022302252,5.629068058458621
mp-770967,unknown,unconfirmed_candidate,monoclinic,,0.8428517568084644,-3.29596120188417
mp-1218651,unknown,unconfirmed_candidate,orthorhombic,,3.3942897493105484,-5.25665428835552
mp-1027960,0,label0,hexagonal,,-4.060534996390341,1.3108933571320698
mp-753546,unknown,unconfirmed_candidate,hexagonal,,8.05607286143939,-5.926761869415262
mp-18819,unknown,unconfirmed_candidate,monoclinic,,0.2619720076580663,13.243268634278461
mp-1191607,unknown,unconfirmed_candidate,monoclinic,,8.81704989978817,7.446842673529716
mp-1021710,unknown,unconfirmed_candidate,orthorhombic,,-1.9215607848742167,-1.1889743760618074
mp-754023,0,label0,triclinic,,-4.084619781000587,0.9413576593082169
mp-1217242,unknown,unconfirmed_candidate,monoclinic,,0.9099477585037761,0.011891411041514033
mp-556459,unknown,unconfirmed_candidate,monoclinic,,-12.40908983456491,-3.826628564538254
mp-735536,unknown,unconfirmed_candidate,monoclinic,,-8.375244218419905,-4.613723208084039
mp-1199635,unknown,unconfirmed_candidate,orthorhombic,,7.876675185619941,2.568510291900239
mp-1020631,unknown,unconfirmed_candidate,trigonal,,1.5679980962821958,-3.474280527048929
mp-27957,0,label0,trigonal,,-3.6777659682162955,16.59941196691054
mp-1197292,unknown,unconfirmed_candidate,orthorhombic,,-6.509299290763408,13.625538731911814
mp-6687,0,label0,cubic,,-6.110818506692418,-4.18178032311125
mp-1339716,0,label0,triclinic,,-1.913609474075674,-1.2765190091740237
mp-1078600,unknown,unconfirmed_candidate,tetragonal,,-4.11553890632214,-0.6533362045315982
mp-1206689,unknown,unconfirmed_candidate,orthorhombic,,8.359847320350394,-1.5106527973031803
mp-764087,unknown,unconfirmed_candidate,triclinic,,8.715925768913086,7.587385386208105
mp-4891,unknown,unconfirmed_candidate,orthorhombic,,-12.196334697027172,-0.6982385577299404
mp-695964,unknown,unconfirmed_candidate,triclinic,,-8.451480494536735,-0.4892043633964178
mp-1180646,0,label0,triclinic,,-3.5418382761744027,-1.1143719248577924
mp-1080787,0,label0,monoclinic,,-5.591542531663642,-4.953350599699965
mp-1359624,unknown,unconfirmed_candidate,monoclinic,,-7.6766373135989205,11.521509632672714
mp-2229286,unknown,unconfirmed_candidate,triclinic,,-6.299585286232549,0.12077000161847096
mp-1104447,unknown,unconfirmed_candidate,monoclinic,,1.4368844152726936,-3.695339142100215
mp-616492,unknown,unconfirmed_candidate,monoclinic,,3.5843374810874202,3.7176514565593024
mp-1232085,unknown,unconfirmed_candidate,orthorhombic,,3.270991379368363,-3.736685087946576
mp-2222784,unknown,unconfirmed_candidate,orthorhombic,,1.0263354623008993,-7.238375507876766
mp-1049207,unknown,unconfirmed_candidate,orthorhombic,,-0.5120523479815056,-3.9399924128251804
mp-764574,unknown,unconfirmed_candidate,triclinic,,4.597758129257883,4.203009951241874
mp-1096151,0,label0,orthorhombic,,5.090683915268487,10.38295530577329
mp-631466,0,label0,cubic,,8.553346476280565,-3.06301541172431
mp-1186622,0,label0,tetragonal,,7.4722663388676,-3.00899380106142
mp-753057,unknown,unconfirmed_candidate,orthorhombic,,18.346889563581815,12.907476460954854
mp-17696,unknown,unconfirmed_candidate,orthorhombic,,5.293877717429467,0.4615272737604066
mp-752757,unknown,unconfirmed_candidate,monoclinic,,12.714620747420899,10.370568369872416
mp-704360,unknown,unconfirmed_candidate,tetragonal,,-11.872668818592281,-2.33312519265046
mp-1208611,0,label0,cubic,,0.7094918018737566,-7.259889627312695
mp-703550,unknown,unconfirmed_candidate,orthorhombic,,0.5352925035608358,-4.862308260231329
mp-19073,unknown,unconfirmed_candidate,monoclinic,,-0.4281817254053486,7.926493948369803
mp-1232061,unknown,unconfirmed_candidate,orthorhombic,,4.069144020513853,-4.106700947169054
mp-776200,0,label0,tetragonal,,-6.467820759937712,-9.48733755450089
mp-641621,0,label0,cubic,,-2.590668705809673,-2.7770242851293467
mp-985707,unknown,unconfirmed_candidate,tetragonal,,4.267015836831336,0.10967811241085812
mp-2232163,unknown,unconfirmed_candidate,triclinic,,0.749839002804702,4.348022762924142
mp-1185603,0,label0,cubic,,4.3378017509120745,2.0313299601311243
mp-18584,unknown,unconfirmed_candidate,orthorhombic,,2.9514925183440646,-2.951497035584252
mp-849059,unknown,unconfirmed_candidate,orthorhombic,,-6.977957005975263,10.489787408732585
mp-560925,unknown,unconfirmed_candidate,monoclinic,,-5.623098285028959,4.424023569789476
mp-7607,unknown,unconfirmed_candidate,trigonal,,2.662943450504965,-0.5122923719142207
mp-865270,0,label0,cubic,,18.858129636780976,17.460484564658874
mp-780098,unknown,unconfirmed_candidate,orthorhombic,,-1.4509212024468212,-2.1219362669491613
mp-19716,0,label0,cubic,,4.838292165908554,7.105981178126235
mp-2998,unknown,unconfirmed_candidate,cubic,,-11.234623102319045,-3.788935915789434
mp-578604,0,label0,trigonal,,-0.628539655495473,-7.5634150766033095
mp-862749,0,label0,cubic,,4.54177720304439,-3.563902763721668
mp-1096881,unknown,unconfirmed_candidate,triclinic,,-5.491229107370302,-3.040424315990615
mp-774787,0,label0,monoclinic,,4.665889010442067,-4.2172945224777845
mp-20877,unknown,unconfirmed_candidate,orthorhombic,,-11.504601045149546,-2.354916812493064
mp-1028082,0,label0,hexagonal,,-4.8244685688689515,1.9572766829586605
mp-2354,unknown,unconfirmed_candidate,cubic,,2.8563199050437724,-0.9850737447168321
mp-772352,unknown,unconfirmed_candidate,cubic,,-8.907128068590108,-2.8754300610793955
mp-1046246,0,label0,monoclinic,,-16.679972361430522,1.8588513762739503
mp-505215,unknown,unconfirmed_candidate,tetragonal,,7.7447281312967,-5.797468114756811
mp-1226528,0,label0,cubic,,-1.7569299619810508,-1.888941754150867
mp-972048,unknown,unconfirmed_candidate,cubic,,-4.999266267598578,-0.9968753109675923
mp-1245519,unknown,unconfirmed_candidate,hexagonal,,4.47285698579708,0.1812387078631943
mp-2714885,0,label0,trigonal,,0.8975364400504731,-8.18992556746053
mp-1111176,0,label0,cubic,,1.3838178850856622,-4.544882648270594
mp-1026486,0,label0,hexagonal,,-6.619143687116132,5.9056187952964265
mp-1069707,0,label0,tetragonal,,5.884780522067414,4.373758043748413
mp-758065,unknown,unconfirmed_candidate,monoclinic,,-2.6545900044784325,-0.9525453442129361
mp-8388,unknown,unconfirmed_candidate,orthorhombic,,-6.118765810060282,0.4196855788766598
mp-1192352,0,label0,monoclinic,,-10.691190323075919,-0.4010927480690363
mp-1246162,unknown,unconfirmed_candidate,monoclinic,,10.609442577304561,4.554527515549765
mp-2222262,unknown,unconfirmed_candidate,triclinic,,2.060034704064037,-2.746480639260362
mp-2714527,unknown,unconfirmed_candidate,triclinic,,-3.2550621404018685,-3.037019664613176
mp-568470,0,label0,cubic,,12.374025064120124,0.32082793257439235
mp-753430,unknown,unconfirmed_candidate,orthorhombic,,3.7617920170108246,1.1918544583549746
mp-1186418,0,label0,cubic,,5.022056485785715,0.8153908919773976
mp-1018086,0,label0,orthorhombic,,5.3074191127138395,-1.3735857362060386
mp-775796,unknown,unconfirmed_candidate,hexagonal,,-3.0933977303893485,-6.070147114634519
mp-1078584,unknown,unconfirmed_candidate,hexagonal,,5.177101849191491,-7.020978250863509
mp-28020,unknown,unconfirmed_candidate,tetragonal,,2.7494536644637755,0.1733791449998634
mp-21735,unknown,unconfirmed_candidate,cubic,,0.8972010288500663,-2.659912713876917
mp-1106376,unknown,unconfirmed_candidate,orthorhombic,,-0.05605055063867681,5.699675496697978
mp-1047770,0,label0,monoclinic,,-11.616309434798325,-6.1300003785202914
mp-1094499,0,label0,trigonal,,4.142092941865778,-2.1474643389309396
mp-1223749,unknown,unconfirmed_candidate,orthorhombic,,8.483912651140056,-3.1441409668810287
mp-754821,unknown,unconfirmed_candidate,monoclinic,,9.536563908793795,2.722232760550021
mp-1212960,unknown,unconfirmed_candidate,orthorhombic,,5.164524215679679,-1.9920815578435853
mp-756394,unknown,unconfirmed_candidate,monoclinic,,-7.38432643046713,2.1597792385280385
mp-1222382,unknown,unconfirmed_candidate,trigonal,,-9.252498908120305,4.875690300401889
mp-1223875,0,label0,orthorhombic,,1.3771604402220916,-2.031067095699063
mp-861542,unknown,unconfirmed_candidate,orthorhombic,,-1.7016310388113816,-6.240079708276154
mp-981747,0,label0,orthorhombic,,6.345530059140364,6.001902889288409
mp-1219181,unknown,unconfirmed_candidate,orthorhombic,,3.696515607992076,1.6029335457350058
mp-568452,unknown,unconfirmed_candidate,cubic,,-2.093564957916115,2.1608401514342646
mp-2240080,unknown,unconfirmed_candidate,monoclinic,,0.04047726207364022,1.6358555732933269
mp-759176,unknown,unconfirmed_candidate,triclinic,,-9.10900090257983,12.977632354455015
mp-18964,unknown,unconfirmed_candidate,monoclinic,,-11.2198154731289,-0.7228580488339524
mp-1203427,0,label0,triclinic,,-0.7743694115066724,-1.0031259160847554
mp-651847,unknown,unconfirmed_candidate,monoclinic,,-8.909209299872352,-4.969710681715947
mp-755268,unknown,unconfirmed_candidate,monoclinic,,13.602689522574789,11.792774383661527
mp-1337174,unknown,unconfirmed_candidate,orthorhombic,,-5.033061392356803,-7.369394081615074
mp-759237,unknown,unconfirmed_candidate,triclinic,,-2.293669805089735,6.399372353409671
mp-1226900,0,label0,orthorhombic,,-1.3213229123508867,-1.9891369716292626
mp-1174237,unknown,unconfirmed_candidate,triclinic,,-2.1683869018382396,-5.79476481029814
mp-766047,unknown,unconfirmed_candidate,triclinic,,-2.4100337068006255,-0.8085979532947185
mp-1187597,0,label0,tetragonal,,-9.924428928454393,7.7864630655457425
mp-770944,unknown,unconfirmed_candidate,triclinic,,-5.487402221793097,-0.9369584458996449
mp-20470,0,label0,trigonal,,-5.014391102238463,-0.6663036401412405
mp-981368,unknown,unconfirmed_candidate,cubic,,-4.639848754425227,0.2565041971064339
mp-1216700,unknown,unconfirmed_candidate,hexagonal,,11.421670613636387,2.4541028848162902
mp-2908,0,label0,cubic,,-18.43005023270888,-0.02376064953076451
mp-1099288,0,label0,orthorhombic,,-0.21802015534818864,1.0053829634680262
mp-704988,unknown,unconfirmed_candidate,monoclinic,,2.870078477637758,8.312563942771398
mp-1103193,unknown,unconfirmed_candidate,orthorhombic,,4.922806143162099,-5.030713617240744
mp-2230641,unknown,unconfirmed_candidate,tetragonal,,-4.2118425420454635,-4.543428908439948
mp-1178026,0,label0,triclinic,,-2.553288773664402,-4.859728648535835
mp-1236250,0,label0,trigonal,,0.3514562988012493,-0.8439986264072594
mp-771887,unknown,unconfirmed_candidate,monoclinic,,-16.76688275315076,-0.6240729203977651
mp-1198219,0,label0,triclinic,,1.6371801463035638,-1.3425415089510064
mp-1182885,unknown,unconfirmed_candidate,cubic,,5.363337897907101,-7.873391875593244
mp-765292,unknown,unconfirmed_candidate,hexagonal,,-1.5754372122896818,4.128953632576398
mp-1191678,unknown,unconfirmed_candidate,trigonal,,3.3331081397215616,-3.4320244584472963
mp-1344257,unknown,unconfirmed_candidate,monoclinic,,1.241284413109895,-1.0631837852873396
mp-2713127,unknown,unconfirmed_candidate,monoclinic,,-1.8738041617099945,-5.4853602256795355
mp-1219172,unknown,unconfirmed_candidate,tetragonal,,9.580391544681895,-4.899735163742818
mp-27042,unknown,unconfirmed_candidate,orthorhombic,,-3.65513376493821,-1.9885716348972036
mp-1210782,unknown,unconfirmed_candidate,orthorhombic,,8.888203322993851,-6.190436244910414
mp-1104534,unknown,unconfirmed_candidate,tetragonal,,-9.060850418646563,-3.239844992521906
mp-756535,0,label0,orthorhombic,,0.974014182307652,8.834635903051495
mp-1217823,unknown,unconfirmed_candidate,trigonal,,10.582045399806987,0.9190204073801382
mp-1096501,0,label0,orthorhombic,,0.7662267767567599,-1.8512221655439145
mp-1038385,0,label0,tetragonal,,1.3218024298476259,-1.8887538451833699
mp-1047431,0,label0,orthorhombic,,3.0897029615022227,-1.9902934283336204
mp-1224691,unknown,unconfirmed_candidate,monoclinic,,16.109385416632545,11.043864350136921
mp-1100547,0,label0,triclinic,,1.8887924596950008,-6.68229010861938
mp-1247538,unknown,unconfirmed_candidate,orthorhombic,,14.751318350830118,-3.460169431138125
mp-1200214,unknown,unconfirmed_candidate,monoclinic,,-3.6096570669223382,-1.7776016832660204
mp-1105650,unknown,unconfirmed_candidate,monoclinic,,2.354554264068888,1.005697862997728
mp-2230983,unknown,unconfirmed_candidate,tetragonal,,7.7256780014145345,-8.430013776055793
mp-2712612,unknown,unconfirmed_candidate,monoclinic,,0.11792618101578256,-6.249594031903298
mp-1223147,0,label0,orthorhombic,,7.562762209327506,-1.9250477721550805
mp-26778,unknown,unconfirmed_candidate,monoclinic,,-4.57969031213803,-1.3997925978919366
mp-31218,unknown,unconfirmed_candidate,tetragonal,,5.407672457051495,0.8809427909986773
mp-1103536,0,label0,orthorhombic,,-0.34975433827791846,0.19209810814620099
mp-24131,0,label0,hexagonal,,-8.069331456877912,-6.244825427216291
mp-1025356,0,label0,tetragonal,,-3.782224836845902,2.294813134787077
mp-1224398,0,label0,tetragonal,,11.620845804409822,-0.7232129286815798
mp-1191139,unknown,unconfirmed_candidate,orthorhombic,,-1.3034851017685085,-5.760134639933831
mp-1303469,unknown,unconfirmed_candidate,monoclinic,,-0.4311872475688645,-6.3551252345083356
mp-1176354,unknown,unconfirmed_candidate,triclinic,,-3.8250971462996723,-2.330879023160376
mp-540548,unknown,unconfirmed_candidate,monoclinic,,-4.05480728117098,-1.2378578569725924
mp-1227549,0,label0,orthorhombic,,16.86364030922822,-0.31697999844958247
mp-2651,unknown,unconfirmed_candidate,trigonal,,-18.212370499478915,7.893578425392494
mp-997107,unknown,unconfirmed_candidate,orthorhombic,,11.22570809389925,-1.2532850315524797
mp-753537,unknown,unconfirmed_candidate,monoclinic,,1.5365839286071434,2.869410436831995
mp-604327,unknown,unconfirmed_candidate,orthorhombic,,-0.8993007856106878,-1.1578032476774993
mp-1022733,0,label0,trigonal,,0.23732387113740927,-9.818984900655497
mp-1522395,unknown,unconfirmed_candidate,triclinic,,-10.14091889202422,-4.992790921035871
mp-1207106,0,label0,trigonal,,4.754375446822088,-1.4871556776398531
mp-1247670,unknown,unconfirmed_candidate,monoclinic,,5.1081307499743005,2.782809738423076
mp-1236837,0,label0,triclinic,,10.690021912212242,4.8129226328043195
mp-1377939,unknown,unconfirmed_candidate,trigonal,,-2.432535421916999,-6.352139700123221
mp-27850,0,label0,orthorhombic,,-0.029469680526148068,2.9130257694329984
mp-776509,unknown,unconfirmed_candidate,monoclinic,,0.17148441248960822,-1.935064377480849
mp-1096407,0,label0,orthorhombic,,3.8861177535108826,-1.6488877842514995
mp-2714932,unknown,unconfirmed_candidate,trigonal,,-2.4685581362669033,-2.943828477509747
mp-1009582,0,label0,cubic,,8.757969288166947,-0.9292885803892617
mp-1211554,unknown,unconfirmed_candidate,orthorhombic,,6.71161405072958,2.7093033650320137
mp-767572,unknown,unconfirmed_candidate,orthorhombic,,-6.240693863338269,4.521640224655705
mp-1208150,unknown,unconfirmed_candidate,orthorhombic,,10.726370962046216,1.408009773050793
mp-1395926,unknown,unconfirmed_candidate,monoclinic,,6.832617351256591,10.13213633407672
mp-637631,0,label0,monoclinic,,-1.3815986393821724,-6.222023993013606
mp-601817,unknown,unconfirmed_candidate,hexagonal,,-0.6439372483387018,-2.017545314150702
mp-975373,0,label0,cubic,,-9.841030912798928,9.568387755998128
mp-864620,0,label0,cubic,,12.263336001945994,1.3618372233584424
mp-1225801,0,label0,trigonal,,3.326661916717997,-7.305267466113673
mp-1094871,0,label0,monoclinic,,8.39294216360282,3.56979467669618
mp-1377116,0,label0,monoclinic,,-11.031507832872585,-7.125397278905076
mp-771191,unknown,unconfirmed_candidate,monoclinic,,-11.645963188280344,-3.288378214818591
mp-1218413,0,label0,trigonal,,-6.4642479942204965,-1.268509622812111
mp-2713696,unknown,unconfirmed_candidate,triclinic,,-3.536192512636479,-5.6743531307723725
mp-2233446,0,label0,triclinic,,-5.87008562636516,-3.2112398028116313
mp-1215916,unknown,unconfirmed_candidate,monoclinic,,-0.7419759854110843,5.142616319735769
mp-1210175,unknown,unconfirmed_candidate,monoclinic,,-10.236164178885211,-0.4125289735899109
mp-1200380,unknown,unconfirmed_candidate,tetragonal,,8.29381024089177,4.923123178318182
mp-1018159,0,label0,orthorhombic,,17.588838641066456,2.128979848862919
mp-753290,unknown,unconfirmed_candidate,monoclinic,,19.183622841900874,19.390993743667078
mp-1037668,0,label0,tetragonal,,0.81809666132256,-1.9135350862427245
mp-850285,unknown,unconfirmed_candidate,triclinic,,13.946581273697081,9.483135622874052
mp-1247002,0,label0,monoclinic,,3.4333286454237335,-1.6185190968695853
mp-1187564,0,label0,cubic,,4.566049733867853,7.953933463422004
mp-1182715,unknown,unconfirmed_candidate,orthorhombic,,2.1092910366899282,-1.8927024385016171
mp-19873,unknown,unconfirmed_candidate,orthorhombic,,8.414024314721807,0.2884016257069213
mp-675402,0,label0,triclinic,,6.142704868609902,-4.717530075463536
mp-761224,unknown,unconfirmed_candidate,triclinic,,-3.160306222450064,7.592345543890389
mp-755369,unknown,unconfirmed_candidate,triclinic,,-8.793527344261289,-4.631465560938571
mp-21016,unknown,unconfirmed_candidate,monoclinic,,-12.271830837795221,20.029752067441688
mp-758708,unknown,unconfirmed_candidate,orthorhombic,,5.487859604080537,-5.847541965519458
mp-1182785,unknown,unconfirmed_candidate,orthorhombic,,-0.6752466141523747,-2.28104436539315
mp-764967,unknown,unconfirmed_candidate,triclinic,,-6.644018561499301,1.0218762812622835
mp-1246587,unknown,unconfirmed_candidate,orthorhombic,,4.453505695097034,-4.161751511311403
mp-769618,unknown,unconfirmed_candidate,triclinic,,-2.116765514249245,10.532319624413304
mp-2229074,0,label0,triclinic,,1.4275444363307273,2.7580294542689643
mp-28832,unknown,unconfirmed_candidate,orthorhombic,,-4.079136765548206,-0.9727164320733088
mp-1205160,unknown,unconfirmed_candidate,monoclinic,,-4.111434136441879,7.665707220692131
mp-20572,0,label0,cubic,,2.115990501855663,-0.18356302832268057
mp-1202853,unknown,unconfirmed_candidate,triclinic,,-12.60131562618854,5.280654960190056
mp-1042928,unknown,unconfirmed_candidate,triclinic,,-28.755513251315328,9.813059184999151
mp-690868,unknown,unconfirmed_candidate,monoclinic,,3.3188321851659808,-3.8682001919736866
mp-1213448,unknown,unconfirmed_candidate,orthorhombic,,7.787835297138178,2.130010958541199
mp-1517735,0,label0,cubic,,4.513560144075303,-4.984571288711798
mp-7248,unknown,unconfirmed_candidate,tetragonal,,1.7030397173752583,-5.3018647296116335
mp-21826,unknown,unconfirmed_candidate,orthorhombic,,6.663572442114273,-1.041605042430799
mp-961674,0,label0,cubic,,5.1258653263642575,0.35122313415580564
mp-1247252,0,label0,triclinic,,-15.920479150781759,2.855322154754109
mp-1177064,unknown,unconfirmed_candidate,triclinic,,-3.2426378881625553,-1.0970448503773547
mp-971966,0,label0,tetragonal,,7.006739281058637,-1.1468505802835907
mp-1105435,unknown,unconfirmed_candidate,monoclinic,,17.769190779524262,9.511029196843328
mp-647281,unknown,unconfirmed_candidate,triclinic,,-4.604430109655535,-4.916742027918788
mp-1225857,unknown,unconfirmed_candidate,orthorhombic,,4.253106761569601,-5.9049300401494556
mp-2715256,unknown,unconfirmed_candidate,monoclinic,,1.5164877354135697,-4.156778390581158
mp-1197380,unknown,unconfirmed_candidate,monoclinic,,-1.3546954190526002,-3.4609447199630594
mp-669347,unknown,unconfirmed_candidate,tetragonal,,-15.513225598444471,7.024154202559288
mp-1172831,0,label0,tetragonal,,6.683288215624422,-3.4169632633373848
mp-1027927,0,label0,orthorhombic,,-2.540005484780913,-0.3062264422568184
mp-1110805,0,label0,cubic,,1.5487308714876384,-0.5953795973435092
mp-2714554,unknown,unconfirmed_candidate,triclinic,,-2.7293909031848145,-5.846513194923897
mp-1217362,unknown,unconfirmed_candidate,tetragonal,,-13.19870799500773,-4.9605095788969855
mp-1210817,unknown,unconfirmed_candidate,orthorhombic,,-2.9062409320186937,-3.050534269514099
mp-13074,0,label0,hexagonal,,9.492799445375766,-1.7511701021702653
mp-559713,unknown,unconfirmed_candidate,orthorhombic,,-5.08879868234812,24.871437351663264
mp-1201703,unknown,unconfirmed_candidate,orthorhombic,,14.492719392409953,5.201184409282408
mp-1520642,0,label0,cubic,,5.973371916103627,-2.8855319819447978
mp-28890,unknown,unconfirmed_candidate,monoclinic,,0.3650086225975926,-4.360251902052504
mp-772414,unknown,unconfirmed_candidate,triclinic,,-2.5917961911455976,-2.0857778014654524
mp-1214492,unknown,unconfirmed_candidate,hexagonal,,-6.963105943471589,-4.401114411001307
mp-28283,unknown,unconfirmed_candidate,hexagonal,,3.7188191185695594,1.8727500248707116
mp-2836,unknown,unconfirmed_candidate,hexagonal,,9.507027626423271,-1.2385327756083768
mp-1246618,0,label0,monoclinic,,-4.12826890825264,5.076806697553398
mp-1100496,0,label0,monoclinic,,3.5883165852006247,-7.360635366810937
mp-753448,unknown,unconfirmed_candidate,triclinic,,8.044890645612515,4.483468756026074
mp-752976,unknown,unconfirmed_candidate,tetragonal,,-6.215609416500399,3.805709791082027
mp-1209850,0,label0,monoclinic,,7.0783027096241256,4.473911499765812
mp-764052,unknown,unconfirmed_candidate,monoclinic,,20.159684607505312,16.3334272730941
mp-979001,0,label0,tetragonal,,3.925126335710843,-2.4421377814662257
mp-1217729,unknown,unconfirmed_candidate,monoclinic,,-5.0702256031866675,4.508187463796585
mp-2232092,0,label0,tetragonal,,-4.934365914961788,1.9525370559321473
mp-557018,0,label0,tetragonal,,5.164154912506479,-4.397290177065301
mp-510351,0,label0,triclinic,,-16.89204957011976,15.09221103929318
mp-1212702,unknown,unconfirmed_candidate,monoclinic,,-7.267340569855399,0.7833231148101589
mp-1199327,unknown,unconfirmed_candidate,monoclinic,,0.11284475949647188,-5.761013716937795
mp-999485,0,label0,cubic,,-3.085843842755409,7.455855991020702
mp-26605,unknown,unconfirmed_candidate,monoclinic,,-4.10822940565189,-4.626875577023007
mp-772232,unknown,unconfirmed_candidate,orthorhombic,,-3.0579220113175793,-6.0858973749104965
mp-554621,unknown,unconfirmed_candidate,orthorhombic,,-6.87583101818139,5.470789635428098
mp-1186004,0,label0,cubic,,1.9520876427305005,-2.1531695518358536
mp-1208212,unknown,unconfirmed_candidate,tetragonal,,5.399051378844803,-3.022308336541583
mp-1209984,unknown,unconfirmed_candidate,orthorhombic,,-4.081421931335218,2.925728170814555
mp-1261461,unknown,unconfirmed_candidate,monoclinic,,1.0838778402521712,1.1086755900405123
mp-1232064,unknown,unconfirmed_candidate,orthorhombic,,4.083113540083762,-3.7776895954862635
mp-1211863,unknown,unconfirmed_candidate,orthorhombic,,4.007885391547253,-3.772361394392064
mp-1096369,0,label0,orthorhombic,,1.1617059898040658,-0.9114682158002836
mp-1178946,unknown,unconfirmed_candidate,orthorhombic,,5.921538540653259,6.871423487641266
mp-977264,0,label0,tetragonal,,-1.2936190594548513,2.487346675472562
mp-1375556,unknown,unconfirmed_candidate,monoclinic,,-14.06823654687679,7.340069879858429
mp-1519697,0,label0,tetragonal,,0.25341020772762235,-4.359094088803756
mp-567518,unknown,unconfirmed_candidate,tetragonal,,8.622923905722557,-3.287106031963072
mp-2215985,0,label0,orthorhombic,,6.425161644729991,-1.198646426664439
mp-1521263,0,label0,cubic,,-13.423576517457533,-3.539029672361284
mp-21971,unknown,unconfirmed_candidate,cubic,,-1.9864300911872412,2.8948122533493574
mp-773021,unknown,unconfirmed_candidate,monoclinic,,-16.524348950426344,-0.7749047053595568
mp-530658,0,label0,monoclinic,,3.750603987451239,-3.529576797255535
mp-1013912,unknown,unconfirmed_candidate,monoclinic,,-5.907769435354915,-1.4941995043365157
mp-862849,0,label0,cubic,,1.8321361949538009,4.386922310412668
mp-778001,0,label0,hexagonal,,-7.1194580956809865,-9.349812927338078
mp-21018,unknown,unconfirmed_candidate,triclinic,,-19.636426704885437,3.865810472919236
mp-1238504,unknown,unconfirmed_candidate,monoclinic,,-6.456000711965771,16.33218000845559
mp-1412519,0,label0,triclinic,,6.846560698135097,-1.3657467640221714
mp-1224085,unknown,unconfirmed_candidate,cubic,,10.854259919964841,1.03772401365838
mp-704879,unknown,unconfirmed_candidate,monoclinic,,0.8790591816169062,14.814306738600134
mp-1220480,unknown,unconfirmed_candidate,trigonal,,7.6868111158911425,-3.4859139375658206
mp-1216040,unknown,unconfirmed_candidate,hexagonal,,1.8076178960083773,-1.5825636634846418
mp-776727,unknown,unconfirmed_candidate,monoclinic,,-4.39151930598733,20.513356989988512
mp-34284,0,label0,hexagonal,,-9.484044601924062,0.5914582205320364
mp-1214460,unknown,unconfirmed_candidate,orthorhombic,,2.338260243015185,1.242943006326385
mp-1227025,0,label0,tetragonal,,-3.47816880765728,-2.9427323722296297
mp-1356526,unknown,unconfirmed_candidate,monoclinic,,-10.431774207806367,9.263560466247853
mp-1009077,0,label0,cubic,,7.342230458748464,-5.545773642511449
mp-1019787,unknown,unconfirmed_candidate,monoclinic,,-7.7411106975261,2.4489342193121395
mp-770922,unknown,unconfirmed_candidate,hexagonal,,-3.3338879273519524,-7.335782352868467
mp-770871,unknown,unconfirmed_candidate,monoclinic,,6.5838239537759335,-7.835100382073424
mp-26005,unknown,unconfirmed_candidate,monoclinic,,-7.571735939478934,5.391081668527345
mp-985280,0,label0,tetragonal,,8.864628003726063,-4.703821051117407
mp-776107,0,label0,triclinic,,-7.020607910168408,4.276652479278962
mp-1173584,unknown,unconfirmed_candidate,triclinic,,-1.8074229035277014,-4.5655341390342485
mp-1185185,0,label0,cubic,,14.604217443523233,-2.8518753775847223
mp-1571048,unknown,unconfirmed_candidate,triclinic,,-8.13816928031001,-4.196871533707164
mp-1393149,unknown,unconfirmed_candidate,monoclinic,,-1.0040711794463775,-2.9263635716986496
mp-19343,unknown,unconfirmed_candidate,cubic,,-4.453368399431181,-2.759472605902472
mp-1232197,0,label0,monoclinic,,-0.40149610216533915,-5.2682725485740285
mp-771487,unknown,unconfirmed_candidate,orthorhombic,,-1.6564959545085607,0.08694103001620945
mp-753370,0,label0,triclinic,,4.342722732869314,-5.932092870639202
mp-758947,unknown,unconfirmed_candidate,hexagonal,,-3.9544207774298386,4.697090015921219
mp-12637,0,label0,cubic,,-10.80419456870667,-7.127657385950959
mp-772432,0,label0,triclinic,,-7.0797821930558165,-5.904703647510329
mp-1037464,0,label0,tetragonal,,2.0638328361227174,-2.397936464300484
mp-2224434,unknown,unconfirmed_candidate,triclinic,,14.030443197537293,9.267942708816925
mp-1211250,unknown,unconfirmed_candidate,hexagonal,,9.644591299132054,-1.416887117008173
mp-626827,unknown,unconfirmed_candidate,triclinic,,-3.757804802014917,-5.2775055134613975
mp-1192059,unknown,unconfirmed_candidate,tetragonal,,-15.277509369656684,14.309302567218825
mp-42036,unknown,unconfirmed_candidate,triclinic,,-5.869559979920709,-0.44791601257197655
mp-4494,0,label0,trigonal,,4.681252211129763,-7.179698468999005
mp-998985,0,label0,orthorhombic,,6.696314932809207,-4.277942941284438
mp-770367,unknown,unconfirmed_candidate,trigonal,,-1.4911932650545126,-0.5023299877660996
mp-771843,unknown,unconfirmed_candidate,monoclinic,,-13.259140290093676,10.370529889941462
mp-15949,unknown,unconfirmed_candidate,hexagonal,,6.810152334505597,-0.08694468296886271
mp-17434,unknown,unconfirmed_candidate,orthorhombic,,-9.065470203217647,2.3408161224032646
mp-863366,unknown,unconfirmed_candidate,monoclinic,,-2.3682436330224768,-0.4999276111951332
mp-863384,unknown,unconfirmed_candidate,orthorhombic,,-9.917101582819381,4.51994122596664
mp-758671,unknown,unconfirmed_candidate,orthorhombic,,1.1172515500900673,-4.880141187650514
mp-1189296,unknown,unconfirmed_candidate,orthorhombic,,-1.2784150697935672,-3.902009139207493
mp-849302,unknown,unconfirmed_candidate,triclinic,,-5.28359731617471,7.069435565053002
mp-1191379,unknown,unconfirmed_candidate,trigonal,,7.679813707675375,2.13540185829844
mp-1204446,unknown,unconfirmed_candidate,monoclinic,,-5.64282730958605,-4.651721496980759
mp-10870,unknown,unconfirmed_candidate,hexagonal,,18.424456350118753,-1.0668078493989057
mp-772998,0,label0,monoclinic,,4.512661468196111,1.0575553699319045
mp-20082,0,label0,hexagonal,,-0.9920047631523623,-1.609339411379887
mp-2715833,0,label0,triclinic,,1.0594282193147144,-4.276088582086041
mp-777489,unknown,unconfirmed_candidate,trigonal,,-1.8048152542988198,10.621719914047631
mp-752494,unknown,unconfirmed_candidate,trigonal,,-3.001381677868874,-2.4782886732117113
mp-611630,unknown,unconfirmed_candidate,triclinic,,3.848177090921398,35.78232478487902
mp-1101759,unknown,unconfirmed_candidate,hexagonal,,14.91517966620159,0.9473035761383812
mp-2217375,unknown,unconfirmed_candidate,triclinic,,2.5035468617852707,17.348201747810162
mp-1223622,0,label0,triclinic,,-12.855443922447147,6.1888389551005325
mp-865161,unknown,unconfirmed_candidate,cubic,,11.182049370089226,1.7678378856901915
mp-555318,unknown,unconfirmed_candidate,orthorhombic,,-5.502460061166477,-0.4408705162193485
mp-1227783,unknown,unconfirmed_candidate,monoclinic,,5.195974570437366,-4.92112932859335
mp-1185217,0,label0,cubic,,4.859401132199142,1.5519073714449085
mp-1223132,0,label0,tetragonal,,1.4349048374615307,1.104732207777765
mp-11594,0,label0,hexagonal,,-18.863008229920794,17.9704475890175
mp-541937,0,label0,trigonal,,3.5771871694737793,-7.667289602733527
mp-760928,unknown,unconfirmed_candidate,triclinic,,17.40179751941873,14.076643169062166
mp-26184,unknown,unconfirmed_candidate,monoclinic,,0.547093253602096,5.757854801281336
mp-754448,unknown,unconfirmed_candidate,triclinic,,13.127755599520706,8.158128818904746
mp-2229502,0,label0,triclinic,,2.012422455562106,-7.6799413159377306
mp-1198576,unknown,unconfirmed_candidate,orthorhombic,,12.316682107717323,-0.07662653714358925
mp-1036386,0,label0,tetragonal,,1.2654039797837768,-1.5526816693511503
mp-447,0,label0,cubic,,1.354638914896828,1.0690374190589012
mp-977354,0,label0,cubic,,17.52911223784513,12.619086520945945
mp-1199131,unknown,unconfirmed_candidate,monoclinic,,-0.03825575524017211,-2.3743089613683477
mp-1080317,unknown,unconfirmed_candidate,triclinic,,5.620660108656338,-2.0497022830116087
mp-22174,unknown,unconfirmed_candidate,orthorhombic,,17.441585326239494,-1.7228839389357073
mp-1187266,0,label0,cubic,,9.930169830182589,15.496798301964507
mp-1276532,0,label0,monoclinic,,-29.754287187436056,8.154325527417235
mp-1023483,unknown,unconfirmed_candidate,orthorhombic,,-3.1056974361589518,-1.2055185779954307
mp-1177488,unknown,unconfirmed_candidate,monoclinic,,0.479147259310885,-3.448930455674244
mp-1201376,unknown,unconfirmed_candidate,monoclinic,,-2.208574771504754,-9.41966354358401
mp-652229,unknown,unconfirmed_candidate,triclinic,,8.336896153239323,8.092420146838034
mp-1519247,0,label0,cubic,,-10.866488053314235,-8.257472659934182
mp-1191025,unknown,unconfirmed_candidate,orthorhombic,,15.589282389751835,-4.973273066657374
mp-772985,unknown,unconfirmed_candidate,triclinic,,-4.356578176141042,-0.7887662901782058
mp-20697,unknown,unconfirmed_candidate,orthorhombic,,13.727431505135744,-2.2022219350854986
mp-1245089,unknown,unconfirmed_candidate,triclinic,,1.327259310042816,-0.3126420997873076
mp-5466,0,label0,monoclinic,,-1.4262982309545187,-6.704113132660485
mp-22528,unknown,unconfirmed_candidate,orthorhombic,,-21.966110226362417,3.087702406029912
mp-1072501,unknown,unconfirmed_candidate,hexagonal,,8.401100002429716,-1.4462517513990552
mp-2647152,unknown,unconfirmed_candidate,monoclinic,,-1.1722028366783768,-6.603834243050823
mp-1197107,unknown,unconfirmed_candidate,trigonal,,-10.160119636254517,9.286481562100267
mp-1185606,0,label0,tetragonal,,14.396046165154285,-1.7707227376218828
mp-863654,unknown,unconfirmed_candidate,cubic,,-1.4227657586178637,4.55859028281456
mp-1071595,unknown,unconfirmed_candidate,hexagonal,,7.907475203308074,-2.703598034659384
mp-1212466,unknown,unconfirmed_candidate,orthorhombic,,6.751246770863366,-2.4964444700670487
mp-1519990,0,label0,cubic,,-10.664307850419291,-2.91769892296524
mp-540942,unknown,unconfirmed_candidate,monoclinic,,-0.819653597452298,3.194026788726525
mp-1198512,unknown,unconfirmed_candidate,hexagonal,,1.957043942766493,-2.7807752019142367
mp-573324,0,label0,trigonal,,-6.109631941083833,-0.8496889112502934
mp-20735,0,label0,cubic,,10.537362214184377,6.204603019132293
mp-1223064,0,label0,orthorhombic,,8.527624345938738,11.542100745266787
mp-12059,0,label0,tetragonal,,7.66348881152415,1.8989397326699802
mp-554401,unknown,unconfirmed_candidate,monoclinic,,8.911560494786796,5.056897301371311
mp-19216,unknown,unconfirmed_candidate,hexagonal,,3.998493737940681,-9.09532084686218
mp-1214855,unknown,unconfirmed_candidate,orthorhombic,,-5.739847572943436,-0.3540529672435788
mp-1246873,unknown,unconfirmed_candidate,cubic,,-1.6487376210950195,2.572657357564438
mp-1337257,0,label0,triclinic,,-10.351556538835904,-1.24216808156687
mp-1219566,unknown,unconfirmed_candidate,orthorhombic,,-5.224910398289126,-5.167738455524544
mp-1188090,unknown,unconfirmed_candidate,tetragonal,,10.175617790840011,-0.52595887134337
mp-559283,unknown,unconfirmed_candidate,orthorhombic,,-0.44672598529915675,-7.334878781589721
mp-1222339,0,label0,trigonal,,10.234210008335994,-4.905720521558459
mp-559244,unknown,unconfirmed_candidate,monoclinic,,-0.48412081721705036,-5.172508870223428
mp-1186754,unknown,unconfirmed_candidate,hexagonal,,5.010826028702056,5.003829614399212
mp-4744,0,label0,tetragonal,,12.103147552061763,6.997859631016723
mp-1023005,unknown,unconfirmed_candidate,orthorhombic,,0.6197153775391868,-5.240524897914993
mp-1048162,0,label0,orthorhombic,,-19.500023965742706,5.58990221385497
mp-2217605,0,label0,orthorhombic,,-3.580306188224057,-0.9024747871002141
mp-1207286,0,label0,tetragonal,,9.22238382742491,-0.8832350710236341
mp-1202139,unknown,unconfirmed_candidate,monoclinic,,-11.826053593834619,-2.032002716793592
mp-568498,0,label0,monoclinic,,-2.8757250764270204,8.513715764283255
mp-1047345,unknown,unconfirmed_candidate,orthorhombic,,3.6872586805659093,-5.630402766985366
mp-556179,unknown,unconfirmed_candidate,monoclinic,,-1.1979946086959679,0.4531434784077071
mp-540420,unknown,unconfirmed_candidate,monoclinic,,-8.063151498106926,1.1010775613435904
mp-849639,unknown,unconfirmed_candidate,triclinic,,6.907386656475923,3.6089842522030864
mp-865809,0,label0,cubic,,0.412715415471574,-3.3592465570581727
mp-1521078,0,label0,cubic,,-13.74119222224202,3.283365843039313
mp-1176705,unknown,unconfirmed_candidate,orthorhombic,,-3.745831771126884,10.133027703236909
mp-734398,unknown,unconfirmed_candidate,trigonal,,-4.848557423515761,3.523045186751119
mp-4402,0,label0,tetragonal,,8.118337250320693,-3.4881504162244106
mp-1178074,0,label0,triclinic,,-5.673213809669864,-1.8522317477194274
mp-752861,0,label0,triclinic,,-0.7215438463503183,-4.556143697405625
mp-8976,unknown,unconfirmed_candidate,tetragonal,,-5.04764419578375,-6.641943973478877
mp-1173143,unknown,unconfirmed_candidate,monoclinic,,-7.091689044335887,-7.597300641101818
mp-1221757,unknown,unconfirmed_candidate,monoclinic,,2.947146654254219,-2.53174706924357
mp-778,unknown,unconfirmed_candidate,hexagonal,,17.446647865815617,2.0428834965071836
mp-21719,unknown,unconfirmed_candidate,orthorhombic,,11.36151304808821,3.5732629599272663
mp-862880,0,label0,cubic,,6.04017030049523,1.3016415432619475
mp-1212738,unknown,unconfirmed_candidate,monoclinic,,6.159949201043574,-2.935674973475031
mp-772588,unknown,unconfirmed_candidate,monoclinic,,-16.360420899607178,4.739202392972231
mp-1111086,0,label0,cubic,,-6.159868805627248,1.1317222286841897
mp-1213798,unknown,unconfirmed_candidate,triclinic,,0.6118404758861757,-10.349800746436191
mp-782001,0,label0,monoclinic,,-5.676705841659519,-5.654640621472641
mp-1379262,unknown,unconfirmed_candidate,monoclinic,,5.533928745372533,-3.6425396669510626
mp-1176621,0,label0,orthorhombic,,-8.393018154348386,-0.7831456812045694
mp-774350,unknown,unconfirmed_candidate,triclinic,,4.808154536804244,-2.2291715032627692
mp-2230369,unknown,unconfirmed_candidate,monoclinic,,-6.841788532080958,1.1275889371283618
mp-867932,unknown,unconfirmed_candidate,tetragonal,,7.303419705145494,2.408010432311972
mp-1187361,0,label0,hexagonal,,-12.085663053089295,8.998563703010387
mp-1227082,0,label0,cubic,,-18.95444083487581,11.087549839199834
mp-1111367,0,label0,cubic,,-0.14401768192033515,3.73854527453722
mp-1174292,0,label0,triclinic,,-2.0869055891482873,-6.024938400048635
mp-1038542,0,label0,tetragonal,,1.6785148284210223,-2.1473597373094737
mp-13610,0,label0,trigonal,,-2.60816996858415,6.7081316535107725
mp-776733,unknown,unconfirmed_candidate,monoclinic,,-9.337774067057413,0.6814136985694859
mp-1233757,0,label0,trigonal,,-19.22059327040663,18.924756014303153
mp-510616,unknown,unconfirmed_candidate,hexagonal,,-17.644166541932584,2.756751647765867
mp-759674,unknown,unconfirmed_candidate,monoclinic,,15.510755157833064,16.446007522320702
mp-849735,unknown,unconfirmed_candidate,orthorhombic,,-6.405087601703219,-3.304328712786978
mp-780723,0,label0,triclinic,,1.5496269641534468,-5.355552371681675
mp-1029312,unknown,unconfirmed_candidate,tetragonal,,1.5983391002662763,1.1941413986960825
mp-1192793,unknown,unconfirmed_candidate,triclinic,,-3.347492742133916,2.838264982021805
mp-1205298,unknown,unconfirmed_candidate,monoclinic,,14.4435330754584,2.7167370938129807
mp-756013,0,label0,tetragonal,,-15.444597598800506,-8.18711645033229
mp-1105564,unknown,unconfirmed_candidate,tetragonal,,9.060853831754415,-5.170203146439235
mp-19712,unknown,unconfirmed_candidate,hexagonal,,13.064259576018344,1.7714847652173695
mp-1104603,unknown,unconfirmed_candidate,monoclinic,,6.921583147686015,-3.1106803463920194
mp-22469,unknown,unconfirmed_candidate,hexagonal,,9.768289553745625,-5.282714618460425
mp-1301965,unknown,unconfirmed_candidate,monoclinic,,-4.357025496298412,6.572543925174635
mp-759043,unknown,unconfirmed_candidate,triclinic,,6.058857915518855,2.284950698200884
mp-1233273,unknown,unconfirmed_candidate,monoclinic,,-0.26721334822180154,-2.8372772735257357
mp-1026869,0,label0,hexagonal,,-1.0850963089080885,-3.1277969237667733
mp-1210026,unknown,unconfirmed_candidate,hexagonal,,-4.973186670906674,-5.061603590825017
mp-1114032,0,label0,cubic,,2.851382121861594,-0.21837296940537243
mp-1213789,unknown,unconfirmed_candidate,tetragonal,,0.07719223036573197,-1.0477858937653224
mp-763099,0,label0,orthorhombic,,2.4104304646492416,-4.681295362371557
mp-759950,unknown,unconfirmed_candidate,triclinic,,-5.454486753600438,12.865834360183136
mp-22882,unknown,unconfirmed_candidate,orthorhombic,,3.705240392413822,-1.0539527354266944
mp-779306,unknown,unconfirmed_candidate,monoclinic,,-5.806895775750135,-2.969567396477423
mp-24164,unknown,unconfirmed_candidate,monoclinic,,-3.1768836044218354,-6.1726134305349305
mp-1191130,unknown,unconfirmed_candidate,orthorhombic,,-15.43726338716889,-4.227342011545529
mp-504885,unknown,unconfirmed_candidate,orthorhombic,,-3.82195545494832,-0.11792902531869487
mp-689981,unknown,unconfirmed_candidate,triclinic,,-4.591798887564753,5.527597401613146
mp-1232354,0,label0,tetragonal,,7.0230399836559325,-1.086724724059433
mp-21175,0,label0,cubic,,5.215473314612192,-0.9701690795858156
mp-1225838,0,label0,triclinic,,-3.1660142810417433,-1.766977931048464
mp-867750,0,label0,trigonal,,-4.245434782244491,-2.3405457701770995
mp-1246244,unknown,unconfirmed_candidate,orthorhombic,,5.679505553129257,14.18124432557105
mp-2715475,unknown,unconfirmed_candidate,monoclinic,,-1.7067266176564573,-4.694477056387559
mp-1516849,unknown,unconfirmed_candidate,orthorhombic,,-14.080557306133478,-5.055812806955904
mp-1026521,0,label0,orthorhombic,,-3.1524389398733064,1.3475439719501665
mp-1191707,unknown,unconfirmed_candidate,cubic,,9.904565277196008,-2.269096239566151
mp-5346,0,label0,tetragonal,,9.19212169999405,-0.3195980922458723
mp-972530,0,label0,cubic,,6.265585154808791,-1.2762739714490774
mp-1025191,0,label0,tetragonal,,-2.644783917754662,-2.0099132292436295
mp-862618,0,label0,cubic,,1.7181126368233883,0.12678212305130643
mp-2231050,unknown,unconfirmed_candidate,monoclinic,,1.76207534065491,7.2770595293572065
mp-1190820,unknown,unconfirmed_candidate,tetragonal,,6.921320402066611,-1.1857658517252645
mp-754457,unknown,unconfirmed_candidate,monoclinic,,-7.844675010950528,1.9649917625941988
mp-1215416,unknown,unconfirmed_candidate,orthorhombic,,14.756177835571826,0.4645524015972313
mp-2230120,unknown,unconfirmed_candidate,monoclinic,,5.7524752898954645,-7.3925566955818685
mp-1210060,unknown,unconfirmed_candidate,orthorhombic,,1.4846018019164866,1.0206642841431268
mp-1199872,unknown,unconfirmed_candidate,cubic,,-6.8602751155859,14.283858514434755
mp-608469,unknown,unconfirmed_candidate,monoclinic,,11.332592228806197,4.601547999373761
mp-1093732,0,label0,orthorhombic,,12.577512192476673,2.617947951093729
mp-1196341,unknown,unconfirmed_candidate,orthorhombic,,2.253390871889888,-7.266985651433805
mp-677094,0,label0,trigonal,,8.933154661785368,0.5802640476629541
mp-1203975,unknown,unconfirmed_candidate,triclinic,,-4.80536901832048,-5.194523040738906
mp-684056,unknown,unconfirmed_candidate,orthorhombic,,-4.398289228680689,-1.6176119535535598
mp-1201042,unknown,unconfirmed_candidate,orthorhombic,,6.0589816076363245,-0.5516683937438529
mp-727112,unknown,unconfirmed_candidate,orthorhombic,,5.123451056647644,0.362551061990235
mp-1217739,unknown,unconfirmed_candidate,monoclinic,,14.645540056047007,2.821643223155249
mp-1097293,0,label0,orthorhombic,,2.4262535008739086,-0.3636991894799131
mp-1228127,unknown,unconfirmed_candidate,monoclinic,,-21.263836793317424,-2.617051223015787
mp-759983,unknown,unconfirmed_candidate,monoclinic,,7.780619832291306,14.804514814774247
mp-1183830,0,label0,orthorhombic,,13.05313478667344,3.9254516374497683
mp-1097235,0,label0,orthorhombic,,4.282268738298741,6.647732535335852
mp-11700,0,label0,hexagonal,,24.294391946464028,8.71090567286177
mp-30597,unknown,unconfirmed_candidate,hexagonal,,8.590101274054522,-4.218510700165865
mp-761849,0,label0,triclinic,,-3.2310755553932964,-6.951387659347034
mp-779455,0,label0,monoclinic,,-0.6066677530132303,-6.451842405532913
mp-1099,unknown,unconfirmed_candidate,orthorhombic,,9.000780444012117,0.5642562369101007
mp-778149,unknown,unconfirmed_candidate,triclinic,,-1.1297036379580874,-2.6158979094983508
mp-558441,0,label0,monoclinic,,8.893812539619043,-0.06194431069203077
mp-568926,0,label0,cubic,,8.939266849362589,2.278636321079812
mp-1019589,0,label0,orthorhombic,,-2.6311580369943144,-4.207576729278653
mp-554162,unknown,unconfirmed_candidate,orthorhombic,Mn,6.206538237004805,-4.583918765032577
mp-1222544,0,label0,monoclinic,,-0.9844802374320416,-6.680045668193642
mp-1222338,unknown,unconfirmed_candidate,orthorhombic,,-11.80827806290867,-1.662359966126795
mp-2224183,unknown,unconfirmed_candidate,monoclinic,,7.102479923515297,3.7454199051669583
mp-769565,unknown,unconfirmed_candidate,triclinic,,-7.212462772501425,1.0016835379884483
mp-704755,unknown,unconfirmed_candidate,monoclinic,,12.879512222392293,9.966110362491907
mp-753220,unknown,unconfirmed_candidate,monoclinic,,-0.6913760413921786,-4.727753583389051
mp-1183637,0,label0,cubic,,7.943267154289947,-0.09629570149248678
mp-755241,unknown,unconfirmed_candidate,orthorhombic,,-1.3014008859929156,7.38258217306042
mp-1045325,0,label0,tetragonal,,8.652379052836071,-9.14632541127716
mp-1202418,unknown,unconfirmed_candidate,cubic,,14.55684617903356,5.179277477022289
mp-1190753,unknown,unconfirmed_candidate,orthorhombic,,-17.32545952644157,-5.60655079108343
mp-9801,unknown,unconfirmed_candidate,orthorhombic,,4.785286168992624,-2.7774003520406367
mp-629430,unknown,unconfirmed_candidate,orthorhombic,,5.341465598078582,-3.346747249960938
mp-774345,unknown,unconfirmed_candidate,triclinic,,-2.9507335702844095,0.2633645174094994
mp-1194508,0,label0,triclinic,,-12.476637657313173,-7.200685526757315
mp-560242,unknown,unconfirmed_candidate,orthorhombic,,4.362745183074015,-4.374550718044032
mp-1233002,unknown,unconfirmed_candidate,monoclinic,,0.3062995975539664,-6.231233626434575
mp-1026495,0,label0,orthorhombic,,-5.630222990399442,4.725237296239726
mp-542739,0,label0,cubic,,8.74032106690233,-5.604892095037236
mp-1068797,0,label0,tetragonal,,-2.9420727178123514,1.21652225585931
mp-772423,0,label0,trigonal,,-4.24592407449018,-4.739804646997776
mp-552191,0,label0,monoclinic,,-15.3352471481738,-5.925229472781782
mp-1040416,0,label0,tetragonal,,0.06775659678221402,-1.42159381746648
mp-765985,unknown,unconfirmed_candidate,monoclinic,,-1.9744840313656056,-7.48587865404331
mp-561210,unknown,unconfirmed_candidate,monoclinic,,-17.74202988746945,-3.353095447537809
mp-755956,unknown,unconfirmed_candidate,orthorhombic,,7.490673122716913,3.783307039536073
mp-758205,0,label0,triclinic,,-1.6991314914997062,-0.982878881325771
mp-1180193,unknown,unconfirmed_candidate,monoclinic,,5.842266048681566,1.832555143278718
mp-1021677,unknown,unconfirmed_candidate,orthorhombic,,0.9622813641064418,0.752648753141532
mp-1104210,0,label0,orthorhombic,,-9.405940328149558,0.16686693530920138
mp-34263,unknown,unconfirmed_candidate,orthorhombic,,-7.59784524707052,3.9513805775349553
mp-23146,unknown,unconfirmed_candidate,monoclinic,,4.3560741550443485,0.043016528420714906
mp-758753,unknown,unconfirmed_candidate,monoclinic,,-15.954011301634736,-0.6064635056700602
mp-12977,unknown,unconfirmed_candidate,tetragonal,,5.87960050936716,-0.3056187206935661
mp-773513,unknown,unconfirmed_candidate,monoclinic,,-12.836313334731777,-8.470676985760727
mp-1209017,unknown,unconfirmed_candidate,cubic,,2.710681257367412,0.5672518851930839
mp-1211751,0,label0,monoclinic,,-12.022837929549102,3.394556420548085
mp-1237061,unknown,unconfirmed_candidate,monoclinic,,1.2130732559103095,30.141917180520547
mp-865342,0,label0,tetragonal,,-7.519951512939375,-1.6437789936279703
mp-767204,unknown,unconfirmed_candidate,monoclinic,,-4.834739821264993,-2.545889032813079
mp-720166,0,label0,monoclinic,,-20.934990408201678,-3.5008814044563614
mp-779451,unknown,unconfirmed_candidate,orthorhombic,,18.82034369092442,17.02174707066339
mp-650224,unknown,unconfirmed_candidate,orthorhombic,,-11.296860185110784,14.739262157901404
mp-753556,unknown,unconfirmed_candidate,monoclinic,,-3.648566725106953,-6.066623059919586
mp-23300,0,label0,cubic,,8.687170300736387,-1.0149406859063284
mp-1182216,0,label0,tetragonal,,-13.344591961204422,2.0669083586359775
mp-1045734,unknown,unconfirmed_candidate,monoclinic,,-8.982569808802143,-2.9522199912289757
mp-1215671,unknown,unconfirmed_candidate,monoclinic,,-3.5206014504871206,-3.7061914007394066
mp-1207820,unknown,unconfirmed_candidate,orthorhombic,,7.788392089065557,-1.1995908234925707
mp-1176629,0,label0,monoclinic,,-4.9112194882265925,-0.6263722302520627
mp-1210569,0,label0,monoclinic,,-2.0636941694709456,-2.689553922513296
mp-752541,unknown,unconfirmed_candidate,triclinic,,1.4022511182150055,2.1791596597574454
mp-18878,0,label0,monoclinic,,2.0434163860346644,-1.1824915472829076
mp-1199954,unknown,unconfirmed_candidate,monoclinic,,2.0454638170973602,-2.2614698117038117
mp-1290531,unknown,unconfirmed_candidate,monoclinic,,-2.8634201620313178,5.571663895945104
mp-2232736,unknown,unconfirmed_candidate,tetragonal,,-0.9972253732498935,4.365386052732813
mp-1204161,unknown,unconfirmed_candidate,monoclinic,,-11.448621817681978,-3.1502778008522974
mp-980660,unknown,unconfirmed_candidate,hexagonal,,-11.685533917592576,32.53651628220668
mp-1232270,unknown,unconfirmed_candidate,cubic,,3.646207662847221,-7.7093265346159665
mp-1093807,0,label0,orthorhombic,,0.6352492947395163,-2.9546945334301533
mp-2231124,unknown,unconfirmed_candidate,triclinic,,6.091309436434962,4.393876400505544
mp-1199387,unknown,unconfirmed_candidate,monoclinic,,-12.029269532602523,-6.113555780012595
mp-510486,unknown,unconfirmed_candidate,cubic,,6.9544456357115365,0.4123377404205897
mp-1234350,unknown,unconfirmed_candidate,triclinic,,7.770659283219043,3.3364647588566
mp-17439,0,label0,monoclinic,,1.201803488031949,-1.7985148628724286
mp-759732,unknown,unconfirmed_candidate,triclinic,,4.567661678021471,-3.3335140777104773
mp-4789,unknown,unconfirmed_candidate,orthorhombic,Pr,-11.827002779763696,-1.769553362907926
mp-1176902,unknown,unconfirmed_candidate,monoclinic,,-3.680688636600454,-0.5193926051420696
mp-758309,unknown,unconfirmed_candidate,monoclinic,,-5.8209880477126745,1.4975393274150584
mp-2218250,unknown,unconfirmed_candidate,monoclinic,,-5.130527307862728,-0.22031625767752772
mp-11523,0,label0,cubic,,9.034816994385187,-3.798029048506873
mp-757339,unknown,unconfirmed_candidate,triclinic,,2.363276138959037,-6.657357776849253
mp-1176913,unknown,unconfirmed_candidate,triclinic,,-3.66676432151662,-0.5788494089027552
mp-1192961,unknown,unconfirmed_candidate,orthorhombic,,8.824539830889123,-3.792335050279174
mp-1046522,0,label0,triclinic,,1.5206775238762873,4.094461078042983
mp-11477,0,label0,cubic,,6.980147374477372,-0.5894495855918827
mp-706287,unknown,unconfirmed_candidate,monoclinic,,2.1792046337168784,-2.81803121248209
mp-1246508,0,label0,monoclinic,,4.077890332401038,-1.2685901403992546
mp-1199103,unknown,unconfirmed_candidate,cubic,,-4.833179384786359,-3.7961749799650235
mp-558048,unknown,unconfirmed_candidate,triclinic,,-2.2103172269426246,0.3629168363897257
mp-1214613,0,label0,tetragonal,,-4.741696841394901,-0.6636839739297358
mp-1227669,0,label0,tetragonal,,-22.252132305417256,9.854985909567194
mp-1079413,0,label0,orthorhombic,,10.607855498289597,5.949247356478033
mp-764058,unknown,unconfirmed_candidate,triclinic,,5.42835293439731,6.7054007485570715
mp-774217,unknown,unconfirmed_candidate,triclinic,,-3.5608097953400915,-5.515580239974751
mp-1228118,unknown,unconfirmed_candidate,hexagonal,,-4.079967277690599,-7.666860494216797
mp-760095,unknown,unconfirmed_candidate,trigonal,,-1.7426983746453928,-1.34763159079038
mp-1213882,unknown,unconfirmed_candidate,monoclinic,,-11.679674102584308,-5.297994381322887
mp-761021,0,label0,triclinic,,3.9687403829110046,-7.664745185607664
mp-8717,0,label0,orthorhombic,,5.8623680293808516,-2.6407182681026313
mp-1028371,0,label0,hexagonal,,-0.6505448033244399,-4.413121991039343
mp-1032468,0,label0,tetragonal,,-11.398860120483125,6.413770869352323
mp-1104639,unknown,unconfirmed_candidate,tetragonal,,-6.485829163868615,-2.980164724325478
mp-758330,unknown,unconfirmed_candidate,orthorhombic,,0.08075654167235058,-5.106635107969815
mp-5541,0,label0,tetragonal,,14.86331657762176,0.9552980075045738
mp-1040938,unknown,unconfirmed_candidate,trigonal,,-12.206536396441727,3.1178233786303515
mp-3499,0,label0,cubic,,13.900352075283251,5.01580451025287
mp-11147,0,label0,tetragonal,,9.053410746743685,-3.6999851406336823
mp-680339,unknown,unconfirmed_candidate,tetragonal,Mn,28.650135065535885,29.474945328993197
mp-2220265,unknown,unconfirmed_candidate,triclinic,,-1.6993233926847573,-2.2632954214739147
mp-757886,unknown,unconfirmed_candidate,monoclinic,,-4.016561286287157,-9.364947503089255
mp-1192840,unknown,unconfirmed_candidate,trigonal,,1.4810029719877562,-0.8130178009549596
mp-866666,unknown,unconfirmed_candidate,monoclinic,,-0.3870460925758188,-4.887279944810466
mp-15144,unknown,unconfirmed_candidate,monoclinic,,5.126855373157776,-0.06232310993735979
mp-1213718,unknown,unconfirmed_candidate,orthorhombic,,-5.344565554839203,0.6111973657187875
mp-1384134,unknown,unconfirmed_candidate,trigonal,,-1.7255277826831161,6.559722136147954
mp-540609,unknown,unconfirmed_candidate,hexagonal,,5.368983094063768,-0.37827040000197343
mp-862884,0,label0,cubic,,7.247273547882822,3.9459998149451465
mp-1212253,0,label0,monoclinic,,-4.726951816199069,-10.262690020200651
mp-1099078,0,label0,hexagonal,,-1.6006719497602866,1.0477566527595243
mp-752850,unknown,unconfirmed_candidate,monoclinic,,-1.4911091542526371,2.3432052221703152
mp-1042355,unknown,unconfirmed_candidate,orthorhombic,,-7.7836585610852005,-4.91873404158992
mp-1184039,0,label0,cubic,,8.607666160547874,-2.822739119006757
mp-1021848,0,label0,tetragonal,,-2.722830427557131,0.23841235089243185
mp-2714288,unknown,unconfirmed_candidate,triclinic,,-2.403651739331135,-4.434091385515725
mp-1522867,unknown,unconfirmed_candidate,orthorhombic,,-9.486370655882638,-3.6575369750412143
mp-1220885,0,label0,monoclinic,,-9.280630184544545,-4.5749848363654415
mp-771162,0,label0,monoclinic,,2.1305741765774826,-4.00614446529298
mp-531021,0,label0,monoclinic,,-14.676814853216037,0.13413973617413433
mp-2225840,unknown,unconfirmed_candidate,triclinic,,-20.776245695456026,3.692926417050348
mp-1147679,unknown,unconfirmed_candidate,trigonal,,8.274067849891823,0.8759440090527413
mp-1208686,unknown,unconfirmed_candidate,orthorhombic,,-4.568778118879138,17.55417402384185
mp-1207247,0,label0,tetragonal,,10.59053641004375,-2.754330096192975
mp-770629,unknown,unconfirmed_candidate,orthorhombic,,-6.441635934789989,-1.9360309416122323
mp-31213,0,label0,tetragonal,,-7.102670616057814,3.1399691570217705
mp-1204866,unknown,unconfirmed_candidate,monoclinic,,-4.12530064810905,-7.687709904781846
mp-779648,unknown,unconfirmed_candidate,triclinic,,0.8474088326173508,0.3271243160231023
mp-675075,unknown,unconfirmed_candidate,triclinic,,2.3591625366998663,-6.575262544263046
mp-1187091,0,label0,cubic,,10.654391941443901,-0.4283909766910732
mp-850099,0,label0,tetragonal,,-7.827084321071133,-2.4570200992996014
mp-562669,unknown,unconfirmed_candidate,monoclinic,,2.5828806877641206,0.7539193336527212
mp-1273426,unknown,unconfirmed_candidate,monoclinic,,-0.05117657993755387,-5.3443889989692295
mp-1070544,0,label0,cubic,,-8.265567950218415,-0.8376954326088644
mp-1014219,0,label0,cubic,,4.626233881048627,0.3398496298930844
mp-2967,0,label0,tetragonal,,0.2894782870911925,-5.086737772811617
mp-768782,unknown,unconfirmed_candidate,triclinic,,-0.38133477447576425,-3.751234295350537
mp-32389,unknown,unconfirmed_candidate,monoclinic,,-2.736188454153769,7.098692961017591
mp-1786,unknown,unconfirmed_candidate,cubic,,4.721371636024372,-2.7211140424379145
mp-556346,unknown,unconfirmed_candidate,monoclinic,,-6.230625113171044,-7.813456180101111
mp-770766,unknown,unconfirmed_candidate,monoclinic,,-13.825192422866728,-6.2211283862945805
mp-1194095,0,label0,trigonal,,2.5790101410415005,-3.3643729359549663
mp-1227295,0,label0,cubic,,-6.889528383430573,4.88757744145806
mp-34289,0,label0,monoclinic,,-0.7391230451631507,-0.3093586123858252
mp-699399,0,label0,monoclinic,,-3.0535901203097637,2.950024653030262
mp-2218452,unknown,unconfirmed_candidate,triclinic,,-6.648199954590506,-2.9964861990394827
mp-1237057,unknown,unconfirmed_candidate,tetragonal,,-7.832572781470354,-2.024300226990272
mp-1176904,unknown,unconfirmed_candidate,monoclinic,,-3.687953792615467,0.10221925763815065
mp-1192857,unknown,unconfirmed_candidate,orthorhombic,,-1.3026016811677081,-2.7842319222204903
mp-1213097,unknown,unconfirmed_candidate,orthorhombic,,10.104410306096907,3.1880011136653117
mp-755506,unknown,unconfirmed_candidate,orthorhombic,,10.319249064277676,0.920082990103527
mp-865432,0,label0,cubic,,8.398645915541985,2.687434948646711
mp-605856,unknown,unconfirmed_candidate,orthorhombic,,-5.76736336926357,2.441214268213148
mp-1015026,unknown,unconfirmed_candidate,monoclinic,,1.9017120031800658,6.248796144197641
mp-1203827,unknown,unconfirmed_candidate,monoclinic,,-0.19483971772839226,1.6640435925412334
mp-695164,0,label0,triclinic,,-24.00173160393077,-2.636126263253514
mp-1025193,0,label0,tetragonal,,-1.3202265570687821,-2.9185258471152906
mp-27925,unknown,unconfirmed_candidate,orthorhombic,,-9.781690012244482,5.237508347276837
mp-1190252,unknown,unconfirmed_candidate,orthorhombic,,-1.8627534801936534,-4.371403467698157
mp-1206811,0,label0,orthorhombic,,6.8908278973998165,-1.1688480704554962
mp-758417,unknown,unconfirmed_candidate,tetragonal,,-7.717118590981983,2.1603512806187446
mp-2715019,unknown,unconfirmed_candidate,trigonal,,-1.0794025357105284,-2.7410705613908775
mp-1027976,0,label0,orthorhombic,,-3.525740860444138,-0.683948244031221
mp-560187,unknown,unconfirmed_candidate,monoclinic,,2.189329301568069,-3.0272229192905176
mp-865096,0,label0,cubic,,7.536947736183935,-4.1538541087888525
mp-774896,0,label0,monoclinic,,-2.9763553550574713,-4.620277148911558
mp-1275118,unknown,unconfirmed_candidate,orthorhombic,,-2.0874226462545344,-1.0558045872402353
mp-999455,0,label0,trigonal,,3.412865482026703,-7.666905538943432
mp-1046683,unknown,unconfirmed_candidate,triclinic,,-1.3051896315134286,-1.6673906641672094
mp-561808,0,label0,tetragonal,,9.333074039337161,4.361697523950223
mp-1233025,unknown,unconfirmed_candidate,triclinic,,-5.694188999635482,1.359833579872582
mp-1185312,0,label0,cubic,,9.795224194279463,-5.783866165210959
mp-1218288,unknown,unconfirmed_candidate,monoclinic,,-10.825678702720019,-0.03227588905274814
mp-1208871,unknown,unconfirmed_candidate,monoclinic,,-10.374455632537135,-3.285155923272912
mp-1113182,0,label0,cubic,,3.0530421338855014,3.8252933695109093
mp-1194089,unknown,unconfirmed_candidate,cubic,,9.051733016321828,-6.091697592656759
mp-752661,unknown,unconfirmed_candidate,triclinic,,-4.0247743330834815,-3.9305452327318537
mp-850949,unknown,unconfirmed_candidate,monoclinic,,4.566635952914773,-6.162072387796627
mp-985595,unknown,unconfirmed_candidate,triclinic,,-3.1807679662385446,0.7358445170430485
mp-1569720,unknown,unconfirmed_candidate,triclinic,,1.828010164453957,-3.5527781132362932
mp-1329157,unknown,unconfirmed_candidate,monoclinic,,-4.815602606826797,-4.164200018300685
mp-1223045,0,label0,cubic,,-4.208244462656673,0.06546116619546538
mp-558051,unknown,unconfirmed_candidate,hexagonal,,-19.99499889999901,-3.686058237502621
mp-18727,unknown,unconfirmed_candidate,monoclinic,,-3.763891449344726,-4.557718756942441
mp-532094,unknown,unconfirmed_candidate,trigonal,,-15.760589281786551,0.1941804506740823
mp-1204182,unknown,unconfirmed_candidate,tetragonal,,12.887903500504677,5.429757345134192
mp-759200,unknown,unconfirmed_candidate,triclinic,,11.361801411129427,7.331279121697637
mp-1206253,0,label0,tetragonal,,6.558534905216014,-1.7963397862632942
mp-4992,0,label0,hexagonal,,11.23664075666296,8.101175862131143
mp-1642784,unknown,unconfirmed_candidate,triclinic,,-2.52072897425019,-2.9312163434282343
mp-1096265,0,label0,orthorhombic,,5.3661314341507325,0.025638465266506927
mp-1198118,0,label0,triclinic,,-4.8807364471812456,-4.827872521957618
mp-766599,unknown,unconfirmed_candidate,triclinic,,-6.892085038545229,-2.650913649949464
mp-19967,unknown,unconfirmed_candidate,orthorhombic,,2.5541541753801553,-2.7910182435820214
mp-1228762,0,label0,triclinic,,-4.189070778079515,-9.253150511551658
mp-1233317,unknown,unconfirmed_candidate,triclinic,,3.57632909180632,0.9872250929918351
mp-555942,unknown,unconfirmed_candidate,orthorhombic,,-3.711849581505952,-7.634260569300105
mp-1095125,0,label0,orthorhombic,,10.700647280071987,3.4091023187956644
mp-1079416,0,label0,tetragonal,,5.012539654323557,-2.80607485174723
mp-1213415,unknown,unconfirmed_candidate,monoclinic,,-0.5223512926017229,1.451602465527575
mp-2232749,unknown,unconfirmed_candidate,cubic,,9.665810491598668,-0.2531148391349163
mp-2216900,0,label0,monoclinic,,6.6521863154459435,2.81681634451553
mp-1200449,unknown,unconfirmed_candidate,cubic,,7.744257852481441,-0.846231228759784
mp-1205585,0,label0,cubic,,-13.752003242395304,-6.200219171113282
mp-1226916,0,label0,cubic,,4.827136596983081,-6.979392450283413
mp-1095858,0,label0,orthorhombic,,-3.9929256685299244,-4.566487618900263
mp-775209,0,label0,trigonal,,5.175320234233308,-7.388146493677091
mp-755432,0,label0,cubic,,-12.844179527989542,9.19820122810875
mp-510763,unknown,unconfirmed_candidate,orthorhombic,,-15.947431981355116,-1.7039943853070962
mp-1038949,0,label0,hexagonal,,-7.543673375023271,8.258147551485187
mp-983581,unknown,unconfirmed_candidate,cubic,,3.7250973231397264,3.3424401805245836
mp-1359313,0,label0,monoclinic,,4.627727725867535,-6.795299010653338
mp-616023,unknown,unconfirmed_candidate,orthorhombic,,1.1983461425494433,12.655296098611576
mp-1236508,unknown,unconfirmed_candidate,triclinic,,5.636592084733445,-5.837176307909903
mp-1207470,unknown,unconfirmed_candidate,monoclinic,,-3.402106653324214,-1.568304984279811
mp-2219511,unknown,unconfirmed_candidate,triclinic,,13.422525642172442,15.58542895146481
mp-1208780,unknown,unconfirmed_candidate,trigonal,,6.158775458195803,-5.743212791282092
mp-1037138,0,label0,tetragonal,,1.5013168270414567,-2.157825175315205
mp-1099115,0,label0,orthorhombic,,-4.658355910619278,3.0710453430887767
mp-558860,0,label0,tetragonal,,-9.635921848610653,3.735589379188742
mp-1037419,0,label0,tetragonal,,0.9349634024705367,-1.857929856301574
mp-2231123,unknown,unconfirmed_candidate,tetragonal,,-1.374818712231722,-1.4602131016549045
mp-676361,0,label0,trigonal,,-3.995704010700141,1.7064565840450534
mp-2219135,unknown,unconfirmed_candidate,monoclinic,,-11.977938650162162,-0.7821518507801919
mp-1211097,0,label0,orthorhombic,,10.914197312613226,-5.2376991866777
mp-1025497,unknown,unconfirmed_candidate,hexagonal,,7.065831907595475,-1.5822324423750267
mp-1246919,unknown,unconfirmed_candidate,monoclinic,,-2.8448644354399057,-2.134727476823752
mp-2713786,0,label0,trigonal,,1.3063388503151678,-0.9746539435008508
mp-16864,unknown,unconfirmed_candidate,monoclinic,,-20.671473093532235,-2.193618893262835
mp-1184530,unknown,unconfirmed_candidate,hexagonal,,3.981317586214651,11.21775627007456
mp-9619,unknown,unconfirmed_candidate,cubic,,7.360570669584286,3.706670520141227
mp-1228597,unknown,unconfirmed_candidate,tetragonal,,-2.5092776931132548,-8.309870825764849
mp-1282714,unknown,unconfirmed_candidate,triclinic,,-14.902068634547078,3.2856582858776946
mp-974059,0,label0,cubic,,9.183273964280831,-2.796595889665946
mp-1182452,0,label0,trigonal,,-4.981434937464218,3.1442589995318926
mp-1096285,0,label0,orthorhombic,,10.702498943335238,-4.517385689990032
mp-1077029,0,label0,tetragonal,,5.376736943966952,1.2040624097530142
mp-1233619,unknown,unconfirmed_candidate,triclinic,,3.00447898001471,3.41572562366067
mp-5425,unknown,unconfirmed_candidate,tetragonal,,11.00900863300084,-2.44676500811304
mp-758811,unknown,unconfirmed_candidate,monoclinic,,-3.603899527031853,-2.8379735203982897
mp-1209840,0,label0,orthorhombic,,2.9531919840394565,7.025556553012631
mp-3241,0,label0,tetragonal,,14.875188168651333,1.2644823617554586
mp-1072182,0,label0,hexagonal,,-5.125202728640488,8.172435555134768
mp-1198837,unknown,unconfirmed_candidate,monoclinic,,-0.8962960545280083,-5.040770067571799
mp-1210661,unknown,unconfirmed_candidate,hexagonal,,9.677179558036721,0.0707030053280171
mp-773182,unknown,unconfirmed_candidate,monoclinic,,1.0481270025182425,-4.386707415392765
mp-774308,unknown,unconfirmed_candidate,monoclinic,,12.198339805676525,6.948067821275739
mp-770762,unknown,unconfirmed_candidate,monoclinic,,-20.43075319312431,2.388392017122527
mp-22470,unknown,unconfirmed_candidate,cubic,,6.344941840432401,19.772226589370025
mp-862993,0,label0,tetragonal,,8.44050153404725,-2.0896786031376084
mp-6521,0,label0,tetragonal,,-6.294639379212342,-3.8656568963500177
mp-1218185,unknown,unconfirmed_candidate,trigonal,,6.730881918073392,-4.126135560488802
mp-17759,unknown,unconfirmed_candidate,monoclinic,,-3.962827342205088,-4.619430895764365
mp-1358927,unknown,unconfirmed_candidate,monoclinic,,-21.917719978887114,14.16923821607762
mp-2229350,0,label0,tetragonal,,-3.5645668067404905,-2.9276673384686873
mp-1192272,unknown,unconfirmed_candidate,orthorhombic,,-6.13301993873133,-6.728382622899451
mp-1199610,unknown,unconfirmed_candidate,orthorhombic,,4.288101041464417,1.5579463121363553
mp-1048385,unknown,unconfirmed_candidate,orthorhombic,,-11.544311321863066,19.44630707303337
mp-1181631,unknown,unconfirmed_candidate,monoclinic,,-13.409817583992869,-7.303659002493006
mp-2713239,unknown,unconfirmed_candidate,monoclinic,,-0.9316981708176542,-1.2748279716168973
mp-772311,unknown,unconfirmed_candidate,monoclinic,,-1.0607108964803196,-2.5176922605494827
mp-1175394,0,label0,monoclinic,,-1.9935513006893473,-6.16684297816189
mp-1218610,0,label0,monoclinic,,-14.567544889853629,3.5006331226663185
mp-22338,0,label0,trigonal,,9.985681273365046,0.6128320451259448
mp-819,unknown,unconfirmed_candidate,cubic,,10.681259594197588,2.950685429670397
mp-1225387,0,label0,tetragonal,,-3.395996742929725,1.9787761943532907
mp-1303525,unknown,unconfirmed_candidate,monoclinic,,-5.305392634972769,-3.3581646913120036
mp-1194382,unknown,unconfirmed_candidate,tetragonal,,-1.3567995259673395,-3.980190019149056
mp-973603,0,label0,cubic,,4.4052663227293145,3.9712275367958974
mp-1516293,0,label0,orthorhombic,,-7.551861562525755,-3.5598213265632523
mp-1246529,unknown,unconfirmed_candidate,orthorhombic,,7.276171543716641,9.007842501707579
mp-554864,unknown,unconfirmed_candidate,orthorhombic,,-3.4148940891608177,-0.7958154695036264
mp-1245194,unknown,unconfirmed_candidate,triclinic,,-7.199870919600855,1.377096645562915
mp-1185950,0,label0,cubic,,1.688039707283167,-9.90330049791907
mp-760375,0,label0,cubic,,-0.12376944738257123,-4.434479513351471
mp-2231143,unknown,unconfirmed_candidate,monoclinic,,5.0169650614718595,4.684461333832029
mp-1232346,unknown,unconfirmed_candidate,orthorhombic,,-9.878287440264128,4.035815425225067
mp-1188304,unknown,unconfirmed_candidate,orthorhombic,,1.7641425926152898,3.237170004165609
mp-1233608,unknown,unconfirmed_candidate,triclinic,,-8.558945884054602,12.009930394161508
mp-1023013,unknown,unconfirmed_candidate,orthorhombic,,-3.341425973129006,2.551972076742185
mp-770555,unknown,unconfirmed_candidate,orthorhombic,,1.8896569933538139,2.5461027390305127
mp-1223187,0,label0,trigonal,,1.7537602135847408,-3.968371569754302
mp-849407,unknown,unconfirmed_candidate,triclinic,,-11.683743700065563,3.984903154736724
mp-758596,unknown,unconfirmed_candidate,tetragonal,,-8.909187791733952,-1.5749019608068853
mp-571044,0,label0,hexagonal,,1.4934749335855138,6.138573400645523
mp-1062,0,label0,cubic,,8.544599170152352,-1.2272829738628772
mp-1232105,unknown,unconfirmed_candidate,orthorhombic,,0.5517656307809382,-7.58951305548992
mp-1028382,0,label0,orthorhombic,,-1.0072201902537579,0.5396312961102545
mp-863432,unknown,unconfirmed_candidate,monoclinic,,-8.525228823647424,-3.052650711629669
mp-1222894,0,label0,monoclinic,,-9.138907577155738,-4.972991419593328
mp-1048269,unknown,unconfirmed_candidate,monoclinic,,-7.096884975917739,10.899549365493773
mp-776292,0,label0,triclinic,,-2.511356957965752,-1.9676729683112644
mp-505818,unknown,unconfirmed_candidate,monoclinic,,-13.292806701405652,-5.408817156945469
mp-568064,unknown,unconfirmed_candidate,orthorhombic,,8.515080684887248,-2.82252089235417
mp-777580,0,label0,triclinic,,-17.779742417893146,-2.437166032912627
mp-753786,unknown,unconfirmed_candidate,monoclinic,,-5.4632135881699995,-1.3354387512686277
mp-1224589,unknown,unconfirmed_candidate,monoclinic,,-2.519611200145768,-2.980535595936784
mp-1183241,0,label0,tetragonal,,7.614054914204793,-1.9651559658244526
mp-1212257,unknown,unconfirmed_candidate,monoclinic,,7.342979825538816,7.891247584545763
mp-2218772,unknown,unconfirmed_candidate,monoclinic,,-6.822316543909594,1.6220336779494957
mp-1201441,0,label0,triclinic,,-1.4105544800093774,-5.898820435758379
mp-1206470,0,label0,tetragonal,,-0.19983633615126095,-2.9458864188270812
mp-1209858,unknown,unconfirmed_candidate,cubic,,-2.7638557982796463,3.4537363121133176
mp-2217140,unknown,unconfirmed_candidate,monoclinic,,9.157151220376363,4.703773946817979
mp-849767,unknown,unconfirmed_candidate,trigonal,,-5.050991472012203,-5.505161094339444
mp-557331,unknown,unconfirmed_candidate,monoclinic,,1.9706586046712857,2.2042063314051283
mp-1520576,0,label0,cubic,,5.783279856084686,-6.331712579896781
mp-1224641,0,label0,monoclinic,,3.320092960328978,1.059136916395456
mp-2239929,0,label0,tetragonal,,8.592406761201369,0.7709941014067887
mp-12912,0,label0,cubic,,-8.358706828852746,-7.964801816185837
mp-1518751,0,label0,cubic,,0.47790259050985995,-4.513368242543347
mp-864599,0,label0,cubic,,7.3435788635282755,-2.3812097462066113
mp-2218857,unknown,unconfirmed_candidate,monoclinic,,-2.315002826191506,-5.35751781702761
mp-755400,0,label0,triclinic,,3.981606654864917,-7.284269361845528
mp-1233417,unknown,unconfirmed_candidate,triclinic,,-9.336256198206595,0.6160203738177579
mp-752897,0,label0,monoclinic,,2.616134853696135,-2.730505297132396
mp-554526,unknown,unconfirmed_candidate,monoclinic,,0.07658429884510198,-2.6025822870791
mp-1869741,unknown,unconfirmed_candidate,monoclinic,,-1.2380763521168419,4.901567530782565
mp-24540,unknown,unconfirmed_candidate,triclinic,,-2.951664869036634,4.192491523735789
mp-11166,0,label0,hexagonal,,10.660514543380103,4.124874418056198
mp-866192,0,label0,cubic,,-0.07385090836956465,-1.7946723415000374
mp-1215242,unknown,unconfirmed_candidate,orthorhombic,,13.692665092068168,-3.3701892529023034
mp-1216239,0,label0,monoclinic,,-13.345324706319992,-2.6898062179309328
mp-2230358,0,label0,triclinic,,-5.687531654683717,12.399193129185786
mp-4064,0,label0,tetragonal,,14.15825894157313,1.8228548940669285
mp-774963,unknown,unconfirmed_candidate,orthorhombic,,-8.798654812392204,-2.7484648070014757
mp-1206072,0,label0,hexagonal,,14.141172270322379,1.6380118922074587
mp-1177111,unknown,unconfirmed_candidate,triclinic,,-3.393421549152812,-0.5452949500007023
mp-746739,unknown,unconfirmed_candidate,monoclinic,,-5.397963705784591,4.791363310969281
mp-1217063,0,label0,monoclinic,,-15.977961674427185,1.1907217282106792
mp-1227921,unknown,unconfirmed_candidate,cubic,,-4.491447938423356,2.1806885511824206
mp-26156,unknown,unconfirmed_candidate,monoclinic,,-0.6493386620582839,-3.9581685764830628
mp-850914,unknown,unconfirmed_candidate,monoclinic,,-0.5012961901166229,-2.7282016855552236
mp-753128,0,label0,trigonal,,-2.245587968103962,-2.5647301663176147
mp-1196710,unknown,unconfirmed_candidate,monoclinic,,-23.825309235095126,7.4070683893831735
mp-1043269,unknown,unconfirmed_candidate,orthorhombic,,-4.3589986849418665,3.6054098446111524
mp-6305,0,label0,orthorhombic,,1.0818009180404893,-1.1830555806279683
mp-2716367,0,label0,triclinic,,-0.17701780465054284,-5.284474713429708
mp-1199026,unknown,unconfirmed_candidate,monoclinic,,5.728333522917763,1.3639771804765566
mp-1194418,unknown,unconfirmed_candidate,orthorhombic,,0.16372373626565206,-2.3052404465822605
mp-1187094,0,label0,hexagonal,,7.483364225409204,1.167845170279719
mp-849386,unknown,unconfirmed_candidate,triclinic,,-3.187577946607341,-6.815975810920607
mp-1212398,unknown,unconfirmed_candidate,orthorhombic,,5.789424480943405,-0.3719150870407475
mp-864893,0,label0,cubic,,0.9429779791230146,5.124227141856672
mp-1215720,unknown,unconfirmed_candidate,trigonal,,25.337688951698446,7.1144879253310656
mp-1184090,0,label0,cubic,,1.7664765269185985,-0.30176563900964126
mp-752471,0,label0,triclinic,,3.0458333277776255,-9.072186836426837
mp-759993,unknown,unconfirmed_candidate,monoclinic,,3.1523730290094925,2.0318993210085488
mp-1318721,unknown,unconfirmed_candidate,triclinic,,6.685210667013411,-6.73653097125662
mp-1210598,unknown,unconfirmed_candidate,tetragonal,,4.875024467790405,-7.5099240965189775
mp-1037331,0,label0,tetragonal,,1.9578202821532038,-2.395999615026133
mp-28761,unknown,unconfirmed_candidate,monoclinic,,6.555644094854129,-5.852924828179519
mp-1046548,0,label0,triclinic,,-7.387816269155401,-8.359939684086436
mp-626879,unknown,unconfirmed_candidate,orthorhombic,,-12.652734107298894,-3.688544491575122
mp-1100868,0,label0,trigonal,,-0.17680123323233943,-3.863382752500579
mp-757948,unknown,unconfirmed_candidate,monoclinic,,-1.3769597099066786,2.000559202137431
mp-1222673,0,label0,trigonal,,11.488867985991721,-4.354164157029139
mp-756463,0,label0,monoclinic,,-3.516207078381221,-3.393355468830503
mp-755796,unknown,unconfirmed_candidate,monoclinic,,7.2495010774562445,-2.310901880806032
mp-607477,0,label0,monoclinic,,0.6330088040927393,-4.891434245424801
mp-1302830,unknown,unconfirmed_candidate,triclinic,,9.06128907353721,2.6641420827876843
mp-2218895,unknown,unconfirmed_candidate,trigonal,,-1.2300279050128466,4.516363876757186
mp-1215498,0,label0,hexagonal,,3.524094942517575,-2.307482922678652
mp-758043,unknown,unconfirmed_candidate,monoclinic,,-4.3465643177424305,8.26807473858046
mp-1295199,0,label0,triclinic,,2.7509218502647172,-3.306154803710573
mp-1031623,0,label0,tetragonal,,-0.7053377835337109,1.5213092796412155
mp-675645,unknown,unconfirmed_candidate,tetragonal,,6.306639705092669,-5.108623654975652
mp-26467,unknown,unconfirmed_candidate,monoclinic,,4.470892171945831,-3.402819718389452
mp-1213881,unknown,unconfirmed_candidate,hexagonal,,16.052649079945105,0.4977582370111868
mp-755517,unknown,unconfirmed_candidate,monoclinic,,14.964307582841222,12.242502291171977
mp-766082,unknown,unconfirmed_candidate,trigonal,,-2.3449714012240044,-3.7908279918385794
mp-753963,unknown,unconfirmed_candidate,monoclinic,Cr,6.455177402275545,4.726902146019778
mp-765358,unknown,unconfirmed_candidate,triclinic,,-2.468915978968795,-0.008098451269255236
mp-1196438,unknown,unconfirmed_candidate,orthorhombic,,2.139686701296746,-5.33942509630989
mp-559493,unknown,unconfirmed_candidate,orthorhombic,,8.571107998528067,2.898827602121763
mp-1521392,unknown,unconfirmed_candidate,cubic,,-3.0414488554113888,-9.452761632769999
mp-849937,unknown,unconfirmed_candidate,tetragonal,,-0.40802287325925235,-3.479478334719028
mp-696940,0,label0,monoclinic,,-2.9079091257633394,-2.3667909142506307
mp-1212590,unknown,unconfirmed_candidate,monoclinic,,-6.8626699317463,2.6384097982871246
mp-18939,0,label0,cubic,,13.972831048332417,1.270780393795107
mp-1198321,unknown,unconfirmed_candidate,cubic,,7.660878042200153,0.8852550493974753
mp-1185314,0,label0,cubic,,0.14235205539468865,-3.0275841935527055
mp-1328478,unknown,unconfirmed_candidate,monoclinic,,-25.499533148876687,3.664911736958018
mp-1522036,unknown,unconfirmed_candidate,orthorhombic,,-19.520762048507443,-1.2589238776066018
mp-504139,unknown,unconfirmed_candidate,monoclinic,,-4.097908609041166,-0.21414530112304675
mp-2227498,0,label0,monoclinic,,1.8023312245608878,0.1306186366484141
mp-1210844,unknown,unconfirmed_candidate,orthorhombic,,-9.323548546538905,-1.3856003138801718
mp-771364,0,label0,triclinic,,1.2222083267624022,-3.4413326760010605
mp-1071985,unknown,unconfirmed_candidate,hexagonal,,9.408869901076212,-2.271494977963412
mp-1209470,unknown,unconfirmed_candidate,monoclinic,,-20.193853940866966,-5.873900492213096
mp-1519932,0,label0,cubic,,-21.336942950225847,3.563660479771702
mp-1025483,0,label0,hexagonal,,-8.86726051084224,-9.683454851651366
mp-1044933,unknown,unconfirmed_candidate,trigonal,,1.2728779571979736,-4.905892777585356
mp-756701,0,label0,trigonal,,5.402204956847612,-7.321553889145553
mp-1038011,0,label0,tetragonal,,1.7351985491557542,-2.687611389273254
mp-6424,0,label0,cubic,,0.6621340799691318,0.44912592201186996
mp-1208478,unknown,unconfirmed_candidate,cubic,,10.16631292171956,6.044435196964233
mp-20302,unknown,unconfirmed_candidate,orthorhombic,,-13.11887241404699,17.778444705610827
mp-1182469,unknown,unconfirmed_candidate,triclinic,,-8.822043412457344,-2.8657813119082842
mp-725121,unknown,unconfirmed_candidate,trigonal,,3.711247014156106,-7.63978249874941
mp-14305,0,label0,cubic,,2.497780097628862,-5.5377841486602915
mp-1047145,unknown,unconfirmed_candidate,tetragonal,,-3.2752689133584028,-2.4819849176510616
mp-1187238,unknown,unconfirmed_candidate,cubic,,-7.251646632397289,-4.414725519351068
mp-866036,0,label0,cubic,,1.79238369662486,8.7446442866738
mp-755554,0,label0,monoclinic,,-5.542109356119241,1.747410783183227
mp-753072,unknown,unconfirmed_candidate,monoclinic,,1.4516162518882538,3.345766759761151
mp-1041309,unknown,unconfirmed_candidate,monoclinic,,2.833992282760878,10.092333641724299
mp-1187936,0,label0,tetragonal,,-0.8356138516940597,0.5126086084877741
mp-1232232,unknown,unconfirmed_candidate,trigonal,,0.3088146457695089,-8.652573141325613
mp-758500,unknown,unconfirmed_candidate,monoclinic,,16.703375032292463,15.280690202864523
mp-1037959,0,label0,tetragonal,,0.1713449444736348,-1.6337974645288824
mp-1232279,unknown,unconfirmed_candidate,cubic,,-3.656452618440227,-5.688644844487756
mp-1191696,0,label0,triclinic,,1.3702322192069474,-9.704956646747302
mp-1114229,0,label0,cubic,,-8.346994575292936,-1.1144538292232298
mp-1237969,0,label0,triclinic,,-4.116508352768292,-1.2932237507914266
mp-1212084,unknown,unconfirmed_candidate,orthorhombic,,2.2823327967358544,-2.489475579154405
mp-572430,unknown,unconfirmed_candidate,monoclinic,,-9.480689318298833,-8.23169005587427
mp-1205879,0,label0,hexagonal,,6.003978525605165,-3.3824549594830557
mp-754674,unknown,unconfirmed_candidate,tetragonal,,3.031594167948807,-5.008806922363501
mp-1097121,0,label0,orthorhombic,,12.265524943692583,7.02004481326199
mp-2230509,unknown,unconfirmed_candidate,tetragonal,,5.393271406158258,-2.232665978059922
mp-3891,0,label0,orthorhombic,,8.894985632904772,-3.6223580025112856
mp-20862,unknown,unconfirmed_candidate,orthorhombic,,-11.755442953139617,14.762637329742393
mp-30534,0,label0,tetragonal,,3.8623945916820137,-5.286940068643387
mp-1216278,0,label0,monoclinic,,13.112431301275752,4.347136011127141
mp-1310691,unknown,unconfirmed_candidate,triclinic,,-0.09397158612782164,-6.750094079877691
mp-1208437,unknown,unconfirmed_candidate,hexagonal,,-2.8658884263963245,-5.0040769678410175
mp-1234842,unknown,unconfirmed_candidate,triclinic,,4.513098926445103,-4.168290751469762
mp-1147678,0,label0,cubic,,13.916603326678452,4.614760300305477
mp-31320,0,label0,orthorhombic,,-0.5086093081158758,6.183189761206606
mp-1205848,0,label0,orthorhombic,,4.316368626802854,2.1073428060449864
mp-1184093,0,label0,cubic,,9.881556030087706,3.9061653549464523
mp-11385,0,label0,hexagonal,,20.22195503448186,7.782377125366313
mp-2230737,unknown,unconfirmed_candidate,monoclinic,,1.7371206657585248,-7.36107395824974
mp-1194736,unknown,unconfirmed_candidate,triclinic,,-1.724433818320822,-3.453351968312578
mp-1180660,0,label0,triclinic,,-3.929049883507279,-2.252935767066143
mp-1200512,unknown,unconfirmed_candidate,hexagonal,,-6.14673997166576,-3.4036759604511317
mp-760100,unknown,unconfirmed_candidate,monoclinic,,2.1222979757909357,-6.398901436453549
mp-1226483,0,label0,tetragonal,,4.4610104484880875,-6.224095506440252
mp-1196969,unknown,unconfirmed_candidate,triclinic,,-6.744406647934287,-10.368133235821935
mp-1517390,0,label0,cubic,,-2.113318335807861,1.8423359526929275
mp-547069,0,label0,orthorhombic,,8.278534981839838,4.342382521144387
mp-755412,unknown,unconfirmed_candidate,orthorhombic,,5.820136710711749,-7.764368109409872
mp-1102820,unknown,unconfirmed_candidate,orthorhombic,,-2.290376079966652,2.9537335165332514
mp-561875,unknown,unconfirmed_candidate,monoclinic,,-4.872317862372483,-3.533110956178989
mp-775523,unknown,unconfirmed_candidate,monoclinic,,-1.2860740189583844,1.702700510202078
mp-555971,0,label0,trigonal,,-9.35633515214677,18.241925641327082
mp-33029,unknown,unconfirmed_candidate,cubic,,-3.3199782314332857,-8.947040733885244
mp-1208973,0,label0,tetragonal,,-0.6144708090468711,-4.362211587640141
mp-1186488,0,label0,tetragonal,,8.992928319218683,9.825878618602825
mp-1046084,unknown,unconfirmed_candidate,triclinic,,1.852844223442407,10.051608330546287
mp-861590,unknown,unconfirmed_candidate,monoclinic,,-8.861650481675238,1.3841191561507529
mp-1046495,unknown,unconfirmed_candidate,triclinic,,-0.25805812869103306,-0.08644109060632132
mp-1232278,unknown,unconfirmed_candidate,tetragonal,,1.640122931671879,-0.5979426394205021
mp-675760,0,label0,triclinic,,8.579431600344739,-3.4222125033706874
mp-2226987,unknown,unconfirmed_candidate,trigonal,,-0.9277834196887582,-2.81383359155344
mp-1040356,0,label0,tetragonal,,0.4809577607965636,-1.6349680982389767
mp-1080365,unknown,unconfirmed_candidate,monoclinic,,5.800000268609923,-2.4758716337966185
mp-2232789,0,label0,triclinic,,5.954847659800656,4.298539001288042
mp-1348186,0,label0,triclinic,,-1.5051166091480468,0.8903998901025467
mp-2229087,unknown,unconfirmed_candidate,monoclinic,,2.196653903710107,-0.9965848301815932
mp-865013,0,label0,cubic,,5.257735776110916,-5.131456814373639
mp-18762,unknown,unconfirmed_candidate,monoclinic,,-4.78370965440876,-3.1255348080998395
mp-1239232,unknown,unconfirmed_candidate,orthorhombic,,-9.703682791201455,3.1906843251806336
mp-1046211,unknown,unconfirmed_candidate,orthorhombic,,5.2598431222105795,-4.631518258177179
mp-2230129,unknown,unconfirmed_candidate,triclinic,,4.913235838142247,5.938428553978174
mp-981251,0,label0,cubic,,14.76608009639202,9.018135025283062
mp-1207882,unknown,unconfirmed_candidate,orthorhombic,,4.525042230130376,4.297981814850939
mp-1111085,0,label0,cubic,,-3.6752864449170417,0.4958807467767272
mp-662815,unknown,unconfirmed_candidate,triclinic,,-3.1378053397130756,-6.936615831569998
mp-625147,0,label0,monoclinic,,-3.367962398867917,-5.012116671066593
mp-1097456,0,label0,orthorhombic,,6.643228547321431,7.338515663624584
mp-568966,unknown,unconfirmed_candidate,orthorhombic,,-1.3742473256891259,-1.827717029051005
mp-1220426,unknown,unconfirmed_candidate,orthorhombic,,6.689462300222244,-4.489705608699978
mp-769454,unknown,unconfirmed_candidate,triclinic,,-0.7056283358679032,3.710888934239719
mp-1218366,unknown,unconfirmed_candidate,tetragonal,,5.408825726251271,-5.074759546154027
mp-2217583,0,label0,orthorhombic,,4.8682814955071585,-0.3777096320355575
mp-1101038,unknown,unconfirmed_candidate,monoclinic,,-16.744434815040222,-5.929106445085063
mp-2391,0,label0,cubic,,3.6194225857140108,-0.7246238225027604
mp-777550,unknown,unconfirmed_candidate,orthorhombic,,3.0571253166018693,0.48536023938069306
mp-2713136,0,label0,triclinic,,-1.4385156764082474,-4.476292779036552
mp-1179076,unknown,unconfirmed_candidate,orthorhombic,,-9.906438579023273,1.4339589738415484
mp-1193899,unknown,unconfirmed_candidate,tetragonal,,23.907758318257613,19.824624521923067
mp-554395,unknown,unconfirmed_candidate,monoclinic,,5.439273599758597,-5.4600105396305985
mp-546082,0,label0,tetragonal,,7.4533652217260205,8.364323094464659
mp-1112920,0,label0,cubic,,4.792302041493997,-2.783598741796954
mp-1200131,unknown,unconfirmed_candidate,monoclinic,,-7.851171991653867,-0.37291607085650824
mp-1516850,0,label0,cubic,,-8.151279766922869,-4.613723152138931
mp-9552,unknown,unconfirmed_candidate,orthorhombic,,8.558081404574729,-5.381626662933492
mp-865807,unknown,unconfirmed_candidate,cubic,,-4.932191717989806,-1.8380227913421034
mp-19254,unknown,unconfirmed_candidate,orthorhombic,,-13.378028360342377,2.8078528019024915
mp-1208321,0,label0,trigonal,,-3.842400062737159,-6.411707552241474
mp-864732,unknown,unconfirmed_candidate,cubic,,6.902525253202786,2.415402423497323
mp-1177698,unknown,unconfirmed_candidate,triclinic,,-0.534990480427247,-4.0725918097052745
mp-31143,unknown,unconfirmed_candidate,tetragonal,,7.054553866492771,-1.1099210324293267
mp-1047947,unknown,unconfirmed_candidate,monoclinic,,2.2829121773648176,14.941614723008033
mp-1227139,0,label0,triclinic,,-5.762343786178064,6.7645796894192465
mp-505333,unknown,unconfirmed_candidate,orthorhombic,,6.635640963670877,-2.120935664252375
mp-768613,unknown,unconfirmed_candidate,hexagonal,,12.078671162126593,-0.8171671739153936
mp-1178695,0,label0,triclinic,,5.737250046323959,-1.2063775088661899
mp-629511,unknown,unconfirmed_candidate,orthorhombic,,2.9000521639495282,-2.8276075544072405
mp-27396,0,label0,trigonal,,-1.5579886687035511,10.816122715053059
mp-1209824,unknown,unconfirmed_candidate,monoclinic,,-4.849006034764063,-4.090083690733053
mp-773050,unknown,unconfirmed_candidate,monoclinic,,4.167914820865043,-7.98871624242989
mp-31604,unknown,unconfirmed_candidate,monoclinic,,-4.1430344251909155,-2.1166186884757447
mp-561512,unknown,unconfirmed_candidate,monoclinic,,4.899981701291779,-2.5540124112391673
mp-3497,1,label1,tetragonal,Cu;Fe,9.991800316695954,-4.413872686028425
mp-767194,0,label0,monoclinic,,-4.819157539477555,-7.064510041017474
mp-753196,unknown,unconfirmed_candidate,triclinic,,6.208038547764792,-6.527719943750238
mp-1226629,0,label0,hexagonal,,-3.201549308112675,0.7552251056397488
mp-12620,0,label0,tetragonal,,-7.5453550877093,5.589377887073077
mp-1093747,0,label0,orthorhombic,,1.7526272968192877,4.057614523783222
mp-557611,unknown,unconfirmed_candidate,orthorhombic,,6.027774219596884,-1.1607739125758272
mp-801887,unknown,unconfirmed_candidate,triclinic,,-5.673742732343612,-4.285571001526073
mp-8851,0,label0,triclinic,,2.980527339558062,0.1457408800669917
mp-818373,unknown,unconfirmed_candidate,monoclinic,,-8.15289143718978,2.853026237365878
mp-2217308,unknown,unconfirmed_candidate,monoclinic,,-7.607314838232423,6.841713684221393
mp-779477,unknown,unconfirmed_candidate,monoclinic,,1.071548308565582,-6.676834433076499
mp-1222910,0,label0,hexagonal,,10.027958696721468,-5.767895695110791
mp-1071863,0,label0,tetragonal,,4.271843046057194,1.2626550108101142
mp-2218331,unknown,unconfirmed_candidate,triclinic,,11.889741534853723,15.043266138187196
mp-1208388,0,label0,hexagonal,,1.208201770597885,-0.9584849555031667
mp-1069765,0,label0,tetragonal,,7.62780363676576,2.633107366183161
mp-1079065,0,label0,hexagonal,,15.988530546981742,1.9566074533838673
mp-753522,0,label0,monoclinic,,5.8976957860088834,-6.50626719499115
mp-2232976,unknown,unconfirmed_candidate,orthorhombic,,-11.477934529473728,0.9237328704195278
mp-11522,0,label0,cubic,,8.217522988964385,-3.9542493898747377
mp-698293,0,label0,triclinic,,-2.9038787912488644,1.9795661904821138
mp-1235209,0,label0,triclinic,,10.105971034796426,-4.246416032401971
mp-25236,0,label0,trigonal,,-9.245980548603946,-9.463003833882302
mp-1391848,0,label0,trigonal,,-8.229189062514596,7.877573291863399
mp-849747,unknown,unconfirmed_candidate,triclinic,,-4.06042938309135,13.19543674168483
mp-1245612,unknown,unconfirmed_candidate,orthorhombic,,-3.718393420342693,-5.2716188170403075
mp-775974,unknown,unconfirmed_candidate,monoclinic,,1.6783037143783766,-1.4137120900628606
mp-1076096,unknown,unconfirmed_candidate,tetragonal,,-18.8797629907719,8.374364796994392
mp-1182089,unknown,unconfirmed_candidate,triclinic,,-4.379104264134526,-2.7912830371304675
mp-754767,0,label0,orthorhombic,,3.632287922416822,7.781039545632325
mp-766523,unknown,unconfirmed_candidate,monoclinic,,-5.380674044600688,-0.06878891278014265
mp-765944,0,label0,monoclinic,,-12.934503323603735,2.0880250385857835
mp-15644,unknown,unconfirmed_candidate,tetragonal,,-11.600062001651143,-3.972009322427409
mp-1225037,0,label0,trigonal,,-11.904597769707646,1.5831454425922473
mp-1227523,unknown,unconfirmed_candidate,orthorhombic,,-2.5155529220958748,-5.219458790552206
mp-1080828,unknown,unconfirmed_candidate,tetragonal,,-15.591069425314295,7.065939076927243
mp-764234,0,label0,monoclinic,,2.3361031528925196,-8.41055005736837
mp-28546,unknown,unconfirmed_candidate,hexagonal,,12.094879048846273,4.183222607402225
mp-757184,unknown,unconfirmed_candidate,triclinic,,-3.792664122307343,-0.6029618111386661
mp-1187730,0,label0,cubic,,0.6399706276647201,0.13575854289242884
mp-755079,unknown,unconfirmed_candidate,triclinic,,14.381649019372613,8.692445702253607
mp-754016,unknown,unconfirmed_candidate,trigonal,,7.442925938860238,10.446690279365988
mp-26144,unknown,unconfirmed_candidate,monoclinic,,-4.173825388252318,-2.2721927105135524
mp-673662,0,label0,triclinic,,-0.8954124872804528,-0.7396321627258615
mp-1205087,unknown,unconfirmed_candidate,orthorhombic,Fe,-0.5213172765793566,-0.874025346498204
mp-1235282,0,label0,triclinic,,7.330802194199402,1.3614083695902934
mp-1203485,unknown,unconfirmed_candidate,orthorhombic,,-1.2853987271302607,-6.338429362160602
mp-1097337,0,label0,orthorhombic,,-0.1912077825916647,-0.25525462933512344
mp-781691,unknown,unconfirmed_candidate,monoclinic,,3.46927285492076,-8.22103061390222
mp-1205956,0,label0,orthorhombic,,8.65802899823563,0.8612474322285095
mp-1174191,unknown,unconfirmed_candidate,triclinic,,-3.901214254387707,-5.2877656623634515
mp-1096873,unknown,unconfirmed_candidate,orthorhombic,,8.575988125573652,0.6321666174625342
mp-1176606,0,label0,monoclinic,,-0.34869674370152737,0.28717985200788476
mp-2229154,unknown,unconfirmed_candidate,triclinic,,5.5569155700840085,-5.484988326804693
mp-1216197,0,label0,trigonal,,0.22286013876574629,-4.334083925185242
mp-1225435,unknown,unconfirmed_candidate,orthorhombic,,4.212466343336983,-0.6322432222141572
mp-1021164,unknown,unconfirmed_candidate,orthorhombic,,-0.21740838146902064,0.8528841996136585
mp-1204389,0,label0,monoclinic,,-1.267110353053777,-4.994183505706358
mp-756926,0,label0,trigonal,,3.0884286110793475,4.917267435828784
mp-1212751,unknown,unconfirmed_candidate,monoclinic,,-6.957744614722298,-1.265124732547914
mp-771891,0,label0,trigonal,,-1.241682322181795,4.117834538532652
mp-1214079,0,label0,cubic,,8.723458691099276,-0.9851715662740084
mp-625393,unknown,unconfirmed_candidate,orthorhombic,,-9.909364918089917,-0.11363147884341984
mp-1233468,unknown,unconfirmed_candidate,triclinic,,12.236534691182795,15.655679104864465
mp-707960,0,label0,triclinic,,-4.7293152413334205,1.880347647322555
mp-1147612,0,label0,cubic,,4.8672876120959145,-5.862655067067088
mp-25953,unknown,unconfirmed_candidate,trigonal,,1.5619279021983594,-0.259871846976651
mp-561243,0,label0,trigonal,,13.329236179285688,5.248417725230169
mp-772274,unknown,unconfirmed_candidate,monoclinic,,-2.099664783964215,-4.04450266860124
mp-1522693,unknown,unconfirmed_candidate,orthorhombic,,-12.829136822793874,-4.052795490135782
mp-1220393,unknown,unconfirmed_candidate,orthorhombic,,14.823298933031147,2.282556658399834
mp-1196625,unknown,unconfirmed_candidate,monoclinic,,-3.4422485509763128,-4.827302838990516
mp-1225736,0,label0,hexagonal,,6.67931626795988,-4.603476920072756
mp-849737,unknown,unconfirmed_candidate,triclinic,,8.011141139198639,2.5144442450437765
mp-557299,unknown,unconfirmed_candidate,orthorhombic,,-8.720648324287726,-6.394395249653806
mp-1307408,unknown,unconfirmed_candidate,triclinic,,0.8457501056843988,0.02934676712510864
mp-1176914,unknown,unconfirmed_candidate,triclinic,,-3.7131395402217144,-0.35203631842097494
mp-780312,unknown,unconfirmed_candidate,monoclinic,,0.4299649032230768,-7.88617999855318
mp-1272971,unknown,unconfirmed_candidate,triclinic,,-10.080292357724783,-1.9342964510637817
mp-867714,0,label0,monoclinic,,-0.9102695928635249,3.4480116830684615
mp-1289694,unknown,unconfirmed_candidate,tetragonal,,-17.67426960504701,10.035265252061745
mp-766789,unknown,unconfirmed_candidate,trigonal,Mn,5.11732231798225,-5.704416720199891
mp-1411095,unknown,unconfirmed_candidate,orthorhombic,,-15.556427154272043,4.11026021118537
mp-1246783,unknown,unconfirmed_candidate,monoclinic,,-6.183595198787398,-0.3822646656293607
mp-1224071,unknown,unconfirmed_candidate,orthorhombic,,-1.0385940705834216,-3.07965812630286
mp-766274,unknown,unconfirmed_candidate,orthorhombic,,-0.8275546162026401,-4.00139684951851
mp-1185719,0,label0,trigonal,,-5.29379479545797,-1.7874272493082284
mp-1210257,unknown,unconfirmed_candidate,monoclinic,,-2.431960932379347,-1.5163320818232862
mp-1291152,unknown,unconfirmed_candidate,triclinic,,-17.337826094269516,5.243685395425548
mp-1212801,unknown,unconfirmed_candidate,monoclinic,,-6.502189024368931,16.214803440532034
mp-1228294,0,label0,monoclinic,,-12.42925898429521,-0.3655008825784236
mp-772793,unknown,unconfirmed_candidate,tetragonal,,-8.362613508781202,-6.140738643896222
mp-1104052,0,label0,tetragonal,,-0.36447778387064034,3.569494507389887
mp-758831,unknown,unconfirmed_candidate,monoclinic,,-3.8960105872944872,4.298004861895528
mp-1189861,0,label0,monoclinic,,-6.928622376575344,10.002127115478036
mp-753073,unknown,unconfirmed_candidate,monoclinic,,-6.1155684312537915,6.817259251107661
mp-1096576,0,label0,orthorhombic,,5.077233766328872,-6.167812951128962
mp-1105912,unknown,unconfirmed_candidate,monoclinic,,6.501336413807186,1.8916571604123966
mp-781053,unknown,unconfirmed_candidate,monoclinic,,-4.2646129275758184,-0.30384311550165677
mp-558570,unknown,unconfirmed_candidate,monoclinic,,-4.6109313236217275,-2.9652407463036976
mp-1215642,unknown,unconfirmed_candidate,monoclinic,,0.2579689460683454,3.4045614195162486
mp-851349,0,label0,monoclinic,,1.1582835870045045,-0.17267491329485551
mp-19906,unknown,unconfirmed_candidate,tetragonal,,14.646598179457833,-2.9937798066255823
mp-770861,unknown,unconfirmed_candidate,triclinic,,5.222629580981483,-8.46794770388408
mp-1047052,unknown,unconfirmed_candidate,triclinic,,0.14625687463711046,-6.81341334326042
mp-555660,unknown,unconfirmed_candidate,monoclinic,,-10.577861840734137,-5.084497924159583
mp-753733,unknown,unconfirmed_candidate,orthorhombic,,3.6658955952552876,-6.175319314073329
mp-1228442,unknown,unconfirmed_candidate,monoclinic,,-22.19434773198033,-4.360210532973248
mp-744404,unknown,unconfirmed_candidate,triclinic,,-6.513832217041383,-3.8535837504999595
mp-1234886,unknown,unconfirmed_candidate,triclinic,,-8.031909266919904,13.412469309873938
mp-1245336,unknown,unconfirmed_candidate,orthorhombic,,6.193813291402044,6.409765569796381
mp-1184482,unknown,unconfirmed_candidate,hexagonal,,6.3162946473774095,0.024451561593163973
mp-1245171,unknown,unconfirmed_candidate,triclinic,,-24.867677002411014,1.9850089989094961
mp-11257,0,label0,cubic,,7.3268632156986335,-2.0275954045542086
mp-755422,unknown,unconfirmed_candidate,monoclinic,,3.308957734720451,0.4948689394699137
mp-768848,unknown,unconfirmed_candidate,monoclinic,,-12.642874201692283,-9.365971866763537
mp-6089,unknown,unconfirmed_candidate,monoclinic,,-1.2132460111727816,-2.768059912265924
mp-1420871,0,label0,trigonal,,-18.48163815684815,-4.141169266949564
mp-1312265,unknown,unconfirmed_candidate,monoclinic,,-17.312423229226383,1.3439295518082268
mp-1521970,unknown,unconfirmed_candidate,orthorhombic,,-28.286255834797693,0.7983132409608196
mp-554581,unknown,unconfirmed_candidate,monoclinic,,2.4331815434062847,-5.2615942004631275
mp-754546,unknown,unconfirmed_candidate,orthorhombic,,-6.307932783326557,8.575142062904252
mp-972412,0,label0,cubic,,-0.7472559026061028,20.857685824346635
mp-759712,unknown,unconfirmed_candidate,triclinic,,1.8678457726512008,1.6368105145084186
mp-1206993,0,label0,trigonal,,2.6522138779587436,-0.5005125127441694
mp-18108,unknown,unconfirmed_candidate,monoclinic,,-7.716540589343591,-3.9255200338315
mp-862934,0,label0,cubic,,-1.3324300352841156,-1.3518475142103394
mp-1201273,unknown,unconfirmed_candidate,monoclinic,,-6.557528605540327,-8.356772637465838
mp-8771,0,label0,orthorhombic,,-3.761679328550038,-0.847658929252507
mp-2714301,0,label0,triclinic,,0.16203554836977574,-3.9822756032766904
mp-753913,unknown,unconfirmed_candidate,monoclinic,,5.148492901835814,-6.327941101897922
mp-1198333,unknown,unconfirmed_candidate,monoclinic,,-1.4751779035117742,-5.1180812274538
mp-1222911,0,label0,tetragonal,,-41.234040186279564,20.707648195346746
mp-1214178,unknown,unconfirmed_candidate,monoclinic,,-12.27169597846681,12.474874995612552
mp-850757,unknown,unconfirmed_candidate,triclinic,,19.013079116676632,17.716738562026837
mp-558012,unknown,unconfirmed_candidate,monoclinic,,0.34066255653442923,-3.78599953127223
mp-7086,0,label0,monoclinic,,4.490027426068172,7.068471923003752
mp-567664,unknown,unconfirmed_candidate,orthorhombic,,0.04114476637121811,4.207112810153042
mp-1186543,unknown,unconfirmed_candidate,hexagonal,,7.698700510137279,-1.0749027155037965
mp-21322,0,label0,trigonal,,0.7046506288932086,-0.6924098289995477
mp-1080220,unknown,unconfirmed_candidate,monoclinic,,-4.938735756437449,-2.916094046820362
mp-2229144,unknown,unconfirmed_candidate,triclinic,,9.2676906306422,7.731284798898535
mp-7167,0,label0,cubic,,0.09797613898536639,-1.8714849247565493
mp-1219922,0,label0,hexagonal,,7.128614550950722,-3.5282464138533296
mp-28631,unknown,unconfirmed_candidate,orthorhombic,,5.665487675208512,-9.442565375322701
mp-561048,0,label0,monoclinic,,0.9502055212727569,-3.1838572225050026
mp-1186002,0,label0,cubic,,0.6858074143904354,-5.565512161208082
mp-766661,unknown,unconfirmed_candidate,triclinic,,-2.9394294922112287,-0.40554954785133646
mp-1045129,unknown,unconfirmed_candidate,monoclinic,,-2.8365809262994617,2.526777210752936
mp-1372453,unknown,unconfirmed_candidate,monoclinic,,-8.812475282301914,7.027816821160371
mp-2218860,unknown,unconfirmed_candidate,orthorhombic,,-2.2237773308139737,-6.46893352660137
mp-1201493,unknown,unconfirmed_candidate,orthorhombic,,3.8347371325584074,-4.8707986316554575
mp-1187477,unknown,unconfirmed_candidate,hexagonal,,5.139029453322788,-2.3269851911635175
mp-1026499,0,label0,orthorhombic,,-7.305050656380338,3.8568626917086455
mp-510604,unknown,unconfirmed_candidate,orthorhombic,,-23.15868824190232,11.903195174187083
mp-782665,unknown,unconfirmed_candidate,orthorhombic,,-6.661343750292296,14.16310692770007
mp-504704,unknown,unconfirmed_candidate,cubic,,8.752013017127494,2.718516091452109
mp-756699,0,label0,triclinic,,-1.6005421897751226,-3.746431049977833
mp-866694,unknown,unconfirmed_candidate,hexagonal,,-10.22528760429298,4.927275791261302
mp-1225899,unknown,unconfirmed_candidate,orthorhombic,,-19.135545028078546,5.31753161074889
mp-1258362,0,label0,tetragonal,,3.5843624395750826,-2.892514194953826
mp-559758,unknown,unconfirmed_candidate,monoclinic,,-12.331918232870304,0.4134613301933996
mp-1043991,unknown,unconfirmed_candidate,monoclinic,,-4.132707996729025,1.0146114532931705
mp-1184479,0,label0,cubic,,5.9715915569495515,13.146999049690546
mp-1111505,0,label0,cubic,,-2.5114705324696622,-3.012337058516229
mp-569003,unknown,unconfirmed_candidate,orthorhombic,,7.264399338640954,-4.87709180510439
mp-31414,unknown,unconfirmed_candidate,hexagonal,,8.672279849171684,-3.5995724039439647
mp-771009,0,label0,monoclinic,,-3.8247925374662977,-1.9772026542316272
mp-1404711,unknown,unconfirmed_candidate,monoclinic,,-2.0909176360999453,-4.928488820418194
mp-1218012,0,label0,cubic,,10.016491947665692,1.5903189671240838
mp-2223927,unknown,unconfirmed_candidate,monoclinic,,-16.69184649149227,1.6572237093436293
mp-1233404,unknown,unconfirmed_candidate,triclinic,,2.903596465058474,-0.47881060897296734
mp-1038117,0,label0,tetragonal,,0.8404993103815919,-1.5219186796041697
mp-2230342,0,label0,monoclinic,,1.1948598440479614,-3.4220713084451972
mp-1192125,unknown,unconfirmed_candidate,orthorhombic,,-12.175575125170546,-1.9102846336248138
mp-764557,unknown,unconfirmed_candidate,triclinic,,2.124341880598081,17.019800379032173
mp-1176912,unknown,unconfirmed_candidate,triclinic,,-3.418493309768877,-1.4736780186349847
mp-1183217,0,label0,tetragonal,,14.386497158634011,4.38232598093564
mp-680602,unknown,unconfirmed_candidate,orthorhombic,,-1.7785788347343505,-1.2437797542303457
mp-1385938,unknown,unconfirmed_candidate,tetragonal,,-16.59897775481015,15.907690856060622
mp-18651,0,label0,trigonal,,-3.9238927045825527,0.44168542064642935
mp-639496,0,label0,orthorhombic,,12.37729394605271,-5.319946995459349
mp-2713542,0,label0,triclinic,,0.19805251059824158,0.10325681151376642
mp-5338,unknown,unconfirmed_candidate,orthorhombic,,-0.7008206923283531,-2.904986192989199
mp-1104487,0,label0,orthorhombic,,-7.407689530504612,-1.976603689723607
mp-1245863,unknown,unconfirmed_candidate,monoclinic,,12.091925635145042,-0.35465994798174094
mp-555359,1,label1,tetragonal,Mn,9.081726147183934,-5.905644106780914
mp-28425,unknown,unconfirmed_candidate,orthorhombic,,-4.569346243417979,3.1826781630780125
mp-1175375,unknown,unconfirmed_candidate,monoclinic,,0.13741200458404634,-5.625419872965912
mp-2226142,unknown,unconfirmed_candidate,trigonal,,4.623969321264381,-2.0456083620106362
mp-761216,unknown,unconfirmed_candidate,triclinic,,8.544044040232848,2.0387500098669094
mp-30580,0,label0,trigonal,,14.908649947332378,-1.536702621093763
mp-2232489,unknown,unconfirmed_candidate,orthorhombic,,1.7562901850338442,-4.600165229652488
mp-15813,unknown,unconfirmed_candidate,cubic,,7.248255137409595,-4.914672738504107
mp-1223235,0,label0,tetragonal,,13.823178049125696,1.4588001901481427
mp-1210385,unknown,unconfirmed_candidate,orthorhombic,,0.9266164316555425,-0.446950373142748
mp-1194793,unknown,unconfirmed_candidate,monoclinic,,-1.8167484394944111,6.57490283936702
mp-1201303,unknown,unconfirmed_candidate,monoclinic,,-3.5041160818006354,-2.508276131587575
mp-41057,0,label0,tetragonal,,-2.0707204938298958,-2.0895631950240343
mp-2715037,unknown,unconfirmed_candidate,triclinic,,-2.5338093278717686,-5.714624399779577
mp-1095164,0,label0,orthorhombic,,-0.73197636851474,3.0303150446727685
mp-1214233,unknown,unconfirmed_candidate,cubic,,-14.568674416274952,7.43032564056654
mp-1215839,unknown,unconfirmed_candidate,monoclinic,,5.586049307674598,-2.321216601276289
mp-1225272,0,label0,monoclinic,,-7.245778197153555,-5.520369976561351
mp-758458,unknown,unconfirmed_candidate,monoclinic,,-2.7361289551907007,0.2616034125313149
mp-1032964,0,label0,tetragonal,,-2.0671537551634067,1.1547567740647224
mp-780330,unknown,unconfirmed_candidate,monoclinic,,-3.7271719982003546,-1.3093918753272114
mp-776549,unknown,unconfirmed_candidate,hexagonal,,5.09213999893181,-6.536741769676045
mp-1204777,unknown,unconfirmed_candidate,monoclinic,,-3.8721697834475535,-1.8440596459812877
mp-1188025,0,label0,cubic,,6.466792238065526,-2.4034696202610952
mp-1042154,unknown,unconfirmed_candidate,triclinic,,-4.474598609757482,-3.1455483385315564
mp-2221664,unknown,unconfirmed_candidate,triclinic,,-41.868236808807495,32.755225883108125
mp-1184930,0,label0,hexagonal,,-19.58753001776411,30.724906113140737
mp-541218,unknown,unconfirmed_candidate,orthorhombic,,1.390602713596298,-5.408602885900258
mp-1223533,0,label0,monoclinic,,11.6732409887171,-3.5951798472307015
mp-23515,unknown,unconfirmed_candidate,orthorhombic,,0.163159927838322,-1.4919244165540295
mp-23628,unknown,unconfirmed_candidate,cubic,,-2.9267440629119754,2.6513410172996252
mp-542493,unknown,unconfirmed_candidate,tetragonal,,10.4654388964515,4.645130364144364
mp-567354,0,label0,trigonal,,-6.88272085414421,9.337637331792738
mp-540651,unknown,unconfirmed_candidate,orthorhombic,,2.585564751160341,-4.154586816547994
mp-1215503,0,label0,trigonal,,3.442086754636504,-1.0737693183870043
mp-758421,unknown,unconfirmed_candidate,orthorhombic,,-0.39299736092229764,-0.8609494819978849
mp-5908,0,label0,tetragonal,,5.9321140318078545,-2.292828520528829
mp-1210241,0,label0,cubic,,-18.111429249297906,-11.303202400826601
mp-1276259,0,label0,monoclinic,,-9.270762533993338,-3.2393616927084903
mp-1184078,0,label0,cubic,,4.297076327766458,-2.0551400806428983
mp-715664,unknown,unconfirmed_candidate,orthorhombic,,-19.39554370696041,4.245011673839173
mp-766706,unknown,unconfirmed_candidate,monoclinic,,-0.9628828666299682,-5.022969100882083
mp-1202152,unknown,unconfirmed_candidate,monoclinic,,-0.12205536749364398,-4.54296047910964
mp-1187134,0,label0,cubic,,4.789680207152898,-0.5380878396862698
mp-626703,unknown,unconfirmed_candidate,orthorhombic,,-2.502957418803888,-4.512611433584915
mp-28382,unknown,unconfirmed_candidate,triclinic,,0.46886660012784276,-4.226058542222262
mp-1220646,unknown,unconfirmed_candidate,trigonal,,7.501797101557791,-1.9095533452550395
mp-18513,unknown,unconfirmed_candidate,orthorhombic,,9.757129828141053,-1.1880024092539863
mp-777623,unknown,unconfirmed_candidate,orthorhombic,,-1.0797093242165232,-0.8779013025712743
mp-1244882,unknown,unconfirmed_candidate,triclinic,,2.035811933946899,-0.05334435553023198
mp-1222819,0,label0,monoclinic,,1.2182780046101342,-6.602572996324726
mp-1094117,unknown,unconfirmed_candidate,orthorhombic,,-0.46401084754971933,-5.03232576761317
mp-979267,0,label0,cubic,,14.26366162327419,11.364925720244464
mp-1229214,unknown,unconfirmed_candidate,triclinic,,0.916577059504025,1.2035971568617114
mp-1210465,unknown,unconfirmed_candidate,monoclinic,,-5.789506396119425,-1.4039712049120112
mp-1187299,unknown,unconfirmed_candidate,hexagonal,,6.621332176876946,21.900862127037005
mp-982013,0,label0,hexagonal,,-3.9656992589967395,6.324035684239046
mp-14328,unknown,unconfirmed_candidate,monoclinic,,-12.512673115469273,-3.2846917551771035
mp-758117,unknown,unconfirmed_candidate,monoclinic,,-7.134572697917918,-2.7159801532484558
mp-554903,unknown,unconfirmed_candidate,orthorhombic,,4.751739982238471,-0.5207281984254948
mp-1018687,0,label0,tetragonal,,0.6978285523781551,-6.704954652417017
mp-1212131,0,label0,monoclinic,,-10.093508993620038,-7.85757719328906
mp-672373,unknown,unconfirmed_candidate,cubic,,5.958987346298718,-0.2671282609117007
mp-540965,unknown,unconfirmed_candidate,orthorhombic,,0.27509978660158296,-7.032136776441865
mp-568565,unknown,unconfirmed_candidate,hexagonal,,3.720465528748715,4.736990014828805
mp-746690,unknown,unconfirmed_candidate,monoclinic,,-3.0854967984959565,0.7766864152959521
mp-20049,0,label0,tetragonal,,9.303330028852319,-0.7795826385226405
mp-1238856,unknown,unconfirmed_candidate,orthorhombic,,-4.60859991214161,1.0464765502645008
mp-2233162,unknown,unconfirmed_candidate,triclinic,,-10.182234297955084,0.29307557116650074
mp-551749,0,label0,tetragonal,,1.8308065117630612,17.033159303160108
mp-1022809,unknown,unconfirmed_candidate,monoclinic,,-2.12112724015115,-5.970380373286593
mp-1016852,0,label0,cubic,,-10.284185795894874,-0.4695537208125877
mp-776472,unknown,unconfirmed_candidate,triclinic,,-1.2975031754967468,-0.33773377682692285
mp-1191314,unknown,unconfirmed_candidate,hexagonal,,9.199628232103827,-3.6474127492478203
mp-2715832,unknown,unconfirmed_candidate,triclinic,,-1.7001667754338676,-5.439268147653328
mp-1044552,0,label0,monoclinic,,-12.593088064219444,8.97074610258927
mp-780400,unknown,unconfirmed_candidate,triclinic,,9.272375978227933,2.0928719866199508
mp-5603,unknown,unconfirmed_candidate,orthorhombic,,7.65667618048076,-0.6863328952769407
mp-1233427,unknown,unconfirmed_candidate,triclinic,,0.9578305392729973,0.21274717598076975
mp-284,0,label0,cubic,,8.66918345608006,-5.03415804091825
mp-1029357,unknown,unconfirmed_candidate,hexagonal,,2.94163030748307,0.5155553565900668
mp-624249,unknown,unconfirmed_candidate,orthorhombic,,-2.6034272525181272,7.188906916629147
mp-1035217,0,label0,tetragonal,,0.5976482028263135,-1.0492066327610061
mp-1042970,unknown,unconfirmed_candidate,monoclinic,,-8.810422346458601,10.114685267024761
mp-1096489,0,label0,orthorhombic,,4.472015912964569,-2.0817779378801173
mp-1110815,0,label0,cubic,,1.5498219902505284,1.4718121157951671
mp-1078876,0,label0,hexagonal,,6.843310839663573,2.803365973794559
mp-16672,unknown,unconfirmed_candidate,monoclinic,Nd,5.705138051193941,-8.64133292531502
mp-7846,unknown,unconfirmed_candidate,cubic,,-0.06553735243052117,-1.7268261462817023
mp-891955,unknown,unconfirmed_candidate,trigonal,,-21.72627413465421,2.90132107552375
mp-765972,0,label0,monoclinic,,-3.200428173222299,-5.272547213645703
mp-2223648,0,label0,tetragonal,,4.777952805316547,-4.313144837086279
mp-1213136,unknown,unconfirmed_candidate,orthorhombic,Dy,-0.23547013732584787,-4.160540715253699
mp-1246856,unknown,unconfirmed_candidate,triclinic,,9.34490206750285,11.004598193023057
mp-1036861,0,label0,tetragonal,,0.35352052492896746,-1.0387873368794835
mp-2228678,0,label0,monoclinic,,0.8068938209127374,13.48825856587488
mp-2058,unknown,unconfirmed_candidate,orthorhombic,,9.469571671002258,-5.737599272082528
mp-1519147,0,label0,cubic,,-12.680669672153382,-4.989560828896913
mp-1248625,0,label0,monoclinic,,-5.544700221169414,1.4858018552363745
mp-1211758,unknown,unconfirmed_candidate,monoclinic,,3.3421682900125766,-2.1739072821116103
mp-776432,0,label0,monoclinic,,-0.5922866816659749,-4.288464538957255
mp-1218929,0,label0,triclinic,,-8.558543271677234,-1.0216190962207143
mp-1178359,0,label0,orthorhombic,,5.743925110749986,-5.011509119851434
mp-1093770,0,label0,orthorhombic,,2.2194553768582743,-2.7756481505379984
mp-759774,0,label0,monoclinic,,-4.950080144490496,-6.728894335060742
mp-1101243,unknown,unconfirmed_candidate,triclinic,,-0.4443418067547178,6.048885679941542
mp-686442,0,label0,monoclinic,,-1.2152173209759063,-9.518894185089199
mp-1303127,unknown,unconfirmed_candidate,monoclinic,,-0.6974429262949364,-1.5572314197786419
mp-1213191,0,label0,monoclinic,,-10.96309351496075,-7.741127789280853
mp-560444,unknown,unconfirmed_candidate,tetragonal,,-11.613512312216862,2.5915084167046487
mp-556857,unknown,unconfirmed_candidate,orthorhombic,,-4.824600162208949,1.3930872194555093
mp-2220238,unknown,unconfirmed_candidate,monoclinic,,13.425527231218929,15.87473836771171
mp-759669,unknown,unconfirmed_candidate,monoclinic,,-5.220687665014921,-1.3322797529386818
mp-757017,unknown,unconfirmed_candidate,orthorhombic,,-0.19416837326637904,-5.897520468014724
mp-1229077,unknown,unconfirmed_candidate,tetragonal,,3.384433771627153,-8.814134969523183
mp-779303,unknown,unconfirmed_candidate,triclinic,,-0.22983736680176037,-1.5944543001401925
mp-1032787,0,label0,tetragonal,,-4.027716453167056,1.2726759236241243
mp-1221976,0,label0,tetragonal,,-3.6011422190994686,-4.288491524647114
mp-1188111,0,label0,hexagonal,,7.662064708572757,-6.262464613264205
mp-1193873,unknown,unconfirmed_candidate,monoclinic,,-5.5313117711045265,-6.216737037334266
mp-760314,unknown,unconfirmed_candidate,triclinic,,-0.6806533322428905,18.899704522414833
mp-559752,unknown,unconfirmed_candidate,orthorhombic,,-0.17165389539495735,-1.4167874045566702
mp-22877,0,label0,trigonal,,0.7637322291035176,4.107914486291179
mp-18121,unknown,unconfirmed_candidate,monoclinic,,-3.2262635411018152,32.749690892961866
mp-999454,0,label0,trigonal,,-4.925650078702908,0.9045451651737935
mp-1286090,unknown,unconfirmed_candidate,triclinic,,-3.39117582498724,-8.724032398584681
mp-1219818,0,label0,hexagonal,,7.972448115285982,-2.0468918158240044
mp-1208334,unknown,unconfirmed_candidate,orthorhombic,,8.131688260102926,0.7565490864661655
mp-758443,unknown,unconfirmed_candidate,monoclinic,,-4.88610796559912,8.519470495827065
mp-612918,unknown,unconfirmed_candidate,triclinic,,10.13376851965786,-2.6665331417116285
mp-1200410,0,label0,hexagonal,,6.189847443780538,-0.14469166430909652
mp-1198299,unknown,unconfirmed_candidate,monoclinic,,-4.765379089045851,-5.880345313283595
mp-776584,unknown,unconfirmed_candidate,triclinic,,-6.420608798421867,3.954157128574817
mp-1096039,0,label0,orthorhombic,,4.988498364427546,-4.2525176786001335
mp-1205979,0,label0,hexagonal,,2.4819837005812815,-3.4815940353410753
mp-7577,unknown,unconfirmed_candidate,cubic,,6.747039031164075,2.777119189815842
mp-1226567,unknown,unconfirmed_candidate,monoclinic,,-1.6738187771039605,13.008600701419166
mp-1180672,unknown,unconfirmed_candidate,monoclinic,,-8.056450274658417,-3.8049916468353135
mp-765689,unknown,unconfirmed_candidate,triclinic,,2.9872453218513897,-2.8240076924267736
mp-1223245,unknown,unconfirmed_candidate,tetragonal,,4.992970877995061,0.1873086297995421
mp-10930,0,label0,tetragonal,,-2.4297084958509174,4.402378935519597
mp-773174,unknown,unconfirmed_candidate,tetragonal,,-3.3315737866049275,-9.884025746062107
mp-7427,unknown,unconfirmed_candidate,orthorhombic,,13.17765397036256,3.7888051505265246
mp-1235579,unknown,unconfirmed_candidate,triclinic,,-3.519957932635265,-1.2171412570674676
mp-1218814,0,label0,monoclinic,,5.484371674599656,0.6465767236840456
mp-759745,unknown,unconfirmed_candidate,triclinic,,-3.471212188210629,-0.7123020525711183
mp-780096,unknown,unconfirmed_candidate,triclinic,,-4.419160653083761,2.2383842571000407
mp-758435,unknown,unconfirmed_candidate,orthorhombic,,4.3323120110205835,-7.260294889803902
mp-17269,unknown,unconfirmed_candidate,hexagonal,,1.5085296900622929,-3.341075982177845
mp-2226734,unknown,unconfirmed_candidate,tetragonal,,10.096026604593233,0.1475648641557754
mp-1112271,0,label0,cubic,,-4.598514081515802,3.522862124665096
mp-23910,0,label0,trigonal,,-2.347654504079493,-7.087384750201968
mp-1221945,unknown,unconfirmed_candidate,triclinic,,-1.2482838145383468,-5.828899661848906
mp-865560,0,label0,cubic,,3.4254107407607712,-0.025764421698976747
mp-861734,0,label0,cubic,,10.060746355317368,-3.257214218190983
mp-1183784,0,label0,cubic,,7.796488584346612,2.319789494093399
mp-510403,0,label0,cubic,,14.109783838533247,-1.1558071333730666
mp-556417,0,label0,cubic,,2.5871866197980076,12.336501109563315
mp-1184136,0,label0,cubic,,4.125294304129456,-0.3735900653708235
mp-1245528,unknown,unconfirmed_candidate,monoclinic,,6.021622241190743,6.419336058363367
mp-1177745,unknown,unconfirmed_candidate,triclinic,,-3.272990978151906,-4.84196040480915
mp-570042,unknown,unconfirmed_candidate,orthorhombic,,-9.076157512781037,4.586057793877689
mp-775699,0,label0,triclinic,,-0.25649019877142365,-5.527351662406499
mp-867861,0,label0,cubic,,0.1109948739453337,2.417556538367929
mp-699251,unknown,unconfirmed_candidate,orthorhombic,,-4.770041936426914,-5.057562629136685
mp-1185550,0,label0,cubic,,-22.989862405443603,0.6982587614866667
mp-1282790,unknown,unconfirmed_candidate,triclinic,,-11.740546479891293,0.9751286680328342
mp-1002573,unknown,unconfirmed_candidate,monoclinic,,-5.491297016109314,-3.667659426539144
mp-775979,unknown,unconfirmed_candidate,monoclinic,,4.434738257652741,-5.196587931062005
mp-1216082,unknown,unconfirmed_candidate,orthorhombic,,-1.1790519466483964,-9.22662226668256
mp-2240190,0,label0,orthorhombic,,-7.131569624510487,-3.4453776349089758
mp-1574300,unknown,unconfirmed_candidate,triclinic,,10.725458418181185,6.688826628715848
mp-865011,unknown,unconfirmed_candidate,cubic,,0.10806780912796299,-4.340025307685346
mp-2228780,unknown,unconfirmed_candidate,triclinic,,-2.8698513115313773,4.623184124170983
mp-1246117,unknown,unconfirmed_candidate,monoclinic,,-0.8017290610269399,5.0878760495044055
mp-1190295,unknown,unconfirmed_candidate,orthorhombic,,-0.8819690130989777,-2.4570845540090716
mp-1246318,unknown,unconfirmed_candidate,monoclinic,,-2.953042310070394,4.461836776756492
mp-1205410,unknown,unconfirmed_candidate,tetragonal,,-1.061820838495965,-5.858020929497165
mp-1190258,unknown,unconfirmed_candidate,orthorhombic,,9.490534982010415,5.2949358244848845
mp-1177528,unknown,unconfirmed_candidate,monoclinic,,-4.649631117148015,-4.974456740820031
mp-1101014,unknown,unconfirmed_candidate,triclinic,,2.318364100178421,2.2873157859154887
mp-1092281,unknown,unconfirmed_candidate,hexagonal,,6.408732020367646,-0.8500560731144553
mp-1521465,0,label0,cubic,,-14.249244525314595,-2.4962373297121196
mp-2838,0,label0,cubic,,9.557899083403159,-5.902580464964293
mp-1221076,0,label0,monoclinic,,-7.063407735182327,-2.027838700332449
mp-651279,unknown,unconfirmed_candidate,monoclinic,,12.506947896950031,7.628471203266994
mp-1222464,unknown,unconfirmed_candidate,orthorhombic,,7.969292318413684,-4.2472760212412375
mp-775275,0,label0,trigonal,,-1.6156953275490444,7.506992780387648
mp-1291398,unknown,unconfirmed_candidate,triclinic,,-8.664869728784513,-3.8565044157959996
mp-13567,unknown,unconfirmed_candidate,monoclinic,,3.6171872474900635,-5.311999879240162
mp-1095442,unknown,unconfirmed_candidate,orthorhombic,,7.368039094958323,-1.578884585141445
mp-1523231,unknown,unconfirmed_candidate,orthorhombic,,-27.10636051476483,-0.9871910553060204
mp-1519512,0,label0,cubic,,0.14275261477657963,-1.7724985613146202
mp-585266,unknown,unconfirmed_candidate,triclinic,,-0.16214575179533952,-1.731386582819166
mp-1178246,0,label0,monoclinic,,-2.5129256452496556,-4.884579824424646
mp-757066,unknown,unconfirmed_candidate,monoclinic,,-5.252490366865324,-2.8225892822286927
mp-1199934,unknown,unconfirmed_candidate,tetragonal,,3.7275880025084938,-1.8781995124866846
mp-893219,unknown,unconfirmed_candidate,triclinic,,-1.1853153896542175,-2.0261495283776956
mp-1180947,0,label0,orthorhombic,,8.483034413697004,3.1240362466336045
mp-30157,unknown,unconfirmed_candidate,orthorhombic,,-1.1368870855127753,4.174965696921571
mp-1198799,unknown,unconfirmed_candidate,monoclinic,,0.22038615102086823,-0.470154423532108
mp-755863,unknown,unconfirmed_candidate,orthorhombic,,14.682925357513643,7.643521606447148
mp-866224,0,label0,cubic,,-5.618245395840475,2.0234820536166325
mp-1080270,unknown,unconfirmed_candidate,monoclinic,,5.165064305369338,-2.3632297682592665
mp-1246882,0,label0,trigonal,,-5.267000230563458,-0.4642739829779039
mp-1246716,unknown,unconfirmed_candidate,cubic,,4.412299827271333,1.6875728489443915
mp-1194277,0,label0,triclinic,,1.8077175086563884,-0.3760857950834122
mp-777320,unknown,unconfirmed_candidate,triclinic,,-9.718710346427041,2.7508590157077073
mp-1205725,0,label0,cubic,,-3.2362968529983682,17.33773077783798
mp-30076,unknown,unconfirmed_candidate,orthorhombic,,15.446267135471183,14.033879256260906
mp-1102952,unknown,unconfirmed_candidate,orthorhombic,,7.581193118606487,-1.5759411244004742
mp-1225460,unknown,unconfirmed_candidate,orthorhombic,,-2.7554751276436953,-6.040644113491183
mp-1046321,unknown,unconfirmed_candidate,monoclinic,,-10.021146514061737,16.396954042275727
mp-1212811,unknown,unconfirmed_candidate,orthorhombic,,5.510492467646662,-1.4033409496890457
mp-997029,0,label0,hexagonal,,-8.762065897626723,-3.3354637321640563
mp-1249385,unknown,unconfirmed_candidate,triclinic,,-7.939289401213124,-1.1546624300672264
mp-1196234,unknown,unconfirmed_candidate,monoclinic,,-3.0803058896226787,-1.8779454460537668
mp-2223679,0,label0,tetragonal,,1.6766118647543173,-8.693104527945772
mp-13164,0,label0,tetragonal,,0.7071472658752391,-1.5367549561522527
mp-694913,unknown,unconfirmed_candidate,triclinic,,-0.2854775147592008,0.5439303378818039
mp-1213443,unknown,unconfirmed_candidate,cubic,,-3.569371004134833,-5.577103847064839
mp-1519314,0,label0,cubic,,-9.263828066527427,-4.901500699379314
mp-1248580,0,label0,monoclinic,,-9.40306015899775,1.320876229786517
mp-1235519,unknown,unconfirmed_candidate,monoclinic,,-1.3336843035650823,-4.743380630559956
mp-1220689,0,label0,trigonal,,1.977270523863126,-2.7499389960334053
mp-1246563,0,label0,trigonal,,-5.456994708964817,0.7527095747654258
mp-2230893,unknown,unconfirmed_candidate,triclinic,,-1.0152491532469803,-5.1554996614411515
mp-727103,0,label0,triclinic,,-4.851918995123832,-2.5843108180084293
mp-2224805,unknown,unconfirmed_candidate,triclinic,,-2.47299757205338,0.913851886560856
mp-558894,unknown,unconfirmed_candidate,orthorhombic,,-6.410713487492398,-2.8245463291855355
mp-720118,unknown,unconfirmed_candidate,monoclinic,,8.110064119542933,1.2404976257460874
mp-558765,0,label0,triclinic,,0.7649392820414107,-7.397502099026994
mp-1009132,0,label0,cubic,,8.38018047406407,-0.8575269458827819
mp-1110646,0,label0,cubic,,-3.41677494792091,19.1240823250679
mp-11311,0,label0,hexagonal,,-7.482676724219679,6.523641099869845
mp-1076548,unknown,unconfirmed_candidate,orthorhombic,,5.364640541355708,2.273331420480133
mp-1204587,unknown,unconfirmed_candidate,orthorhombic,,-2.7101399222673486,-2.118737320365897
mp-863752,0,label0,monoclinic,,-0.8305236701929211,-3.8001054971181585
mp-1237751,0,label0,orthorhombic,,14.608918816882333,5.987574837221317
mp-1224164,unknown,unconfirmed_candidate,trigonal,,-2.2559115666252723,-3.200437513047593
mp-1200514,unknown,unconfirmed_candidate,orthorhombic,,0.35071110659372096,-4.387739129438289
mp-1198535,unknown,unconfirmed_candidate,monoclinic,,-7.020106243408076,-7.698211925914226
mp-1189784,unknown,unconfirmed_candidate,tetragonal,,-9.036366364133507,-2.192817544323285
mp-1048319,0,label0,orthorhombic,,-13.140352834824895,7.3908852690158575
mp-756629,0,label0,orthorhombic,,-1.4972889123115714,-3.8135013696982867
mp-17006,unknown,unconfirmed_candidate,tetragonal,,-6.296374869106199,-6.65669058564567
mp-977362,0,label0,cubic,,-5.074755881968969,-2.0216969873416932
mp-1221152,unknown,unconfirmed_candidate,orthorhombic,,-0.2719615853936439,-1.9615803699342163
mp-1215854,unknown,unconfirmed_candidate,orthorhombic,,5.758376289849812,1.3908460334670067
mp-16955,unknown,unconfirmed_candidate,monoclinic,,-2.6386883973246604,-4.691720988437249
mp-776572,unknown,unconfirmed_candidate,triclinic,,2.0316228359214357,-5.76074269282377
mp-1208187,0,label0,triclinic,,3.3211452688057594,4.423234237839527
mp-1517046,0,label0,cubic,,-13.280648622645465,5.067224587165228
mp-1206326,0,label0,orthorhombic,,4.337489795425398,-0.055383351661927094
mp-1222901,unknown,unconfirmed_candidate,monoclinic,,-5.885860291790802,-3.334363742436059
mp-777801,0,label0,triclinic,,0.16147230555583647,7.119490709329867
mp-762657,0,label0,triclinic,,0.732242269807891,-0.251593183281404
mp-2823,0,label0,cubic,,7.015493160141244,-6.312436701170768
mp-1181672,unknown,unconfirmed_candidate,monoclinic,,-3.1226871160842613,-3.0591277582854737
mp-754797,0,label0,triclinic,,-4.052510309290639,-4.319696402154962
mp-21941,unknown,unconfirmed_candidate,orthorhombic,,14.489027620140188,0.4556257834635815
mp-972088,0,label0,tetragonal,,16.612889725654288,-0.09495548343706162
mp-756010,unknown,unconfirmed_candidate,triclinic,,7.767383674337001,-4.130359208556449
mp-1202030,unknown,unconfirmed_candidate,monoclinic,,-14.526084452477328,-2.150629298097023
mp-772539,unknown,unconfirmed_candidate,monoclinic,,-5.7462188685532,3.004652406398229
mp-557014,unknown,unconfirmed_candidate,trigonal,,-7.367601865567998,-7.419445442669417
mp-780157,unknown,unconfirmed_candidate,monoclinic,,-5.847336314629285,-5.1589365384039745
mp-1215940,0,label0,tetragonal,,12.179318952546552,2.9110673269643925
mp-1102069,unknown,unconfirmed_candidate,hexagonal,,10.444985438161286,-3.5727942600674876
mp-2714601,unknown,unconfirmed_candidate,monoclinic,,-0.2039586176604331,-3.9586442164692137
mp-19013,unknown,unconfirmed_candidate,orthorhombic,,-5.7966448418952865,-3.372232359376218
mp-1199187,unknown,unconfirmed_candidate,orthorhombic,,2.041399914676976,-2.74115354542546
mp-757930,unknown,unconfirmed_candidate,hexagonal,,-7.168059730739451,-1.8312959389655514
mp-780580,unknown,unconfirmed_candidate,orthorhombic,,-3.5119024665677046,0.3482602593077253
mp-1228712,0,label0,triclinic,,-2.732078240343494,-2.8415732236241027
mp-1211106,unknown,unconfirmed_candidate,monoclinic,Pr,-1.0465940261586084,-5.929602504062748
mp-1520949,0,label0,cubic,,-12.101777746948379,6.006159618016984
mp-1222697,0,label0,trigonal,,4.326054614363661,-6.645742659419376
mp-756636,unknown,unconfirmed_candidate,orthorhombic,,-1.4794677920209978,-0.10245700273475222
mp-2716037,unknown,unconfirmed_candidate,triclinic,,-1.9478839940078707,-4.806488232174724
mp-697757,unknown,unconfirmed_candidate,monoclinic,,-4.433873022659082,1.415965195905013
mp-1213175,0,label0,orthorhombic,,8.932143808487995,0.06549821761497299
mp-1204222,unknown,unconfirmed_candidate,orthorhombic,,-7.279975260561642,-0.5497406470645352
mp-1077056,0,label0,orthorhombic,,4.995531200935256,2.5497587645653184
mp-631488,0,label0,cubic,,9.247386258323866,-0.6875941682433151
mp-11568,0,label0,cubic,,7.463674687354688,-1.0339428531042145
mp-1100509,0,label0,triclinic,,2.704361372531487,-6.92385970784631
mp-1206141,0,label0,orthorhombic,,2.099109828445812,2.844356749048451
mp-777859,unknown,unconfirmed_candidate,triclinic,,0.15335812042822994,17.78167736429538
mp-705331,unknown,unconfirmed_candidate,monoclinic,,-1.52853571679249,-3.448411238249875
mp-1193243,0,label0,triclinic,,-2.164384496855508,0.4123626955454931
mp-2230532,unknown,unconfirmed_candidate,triclinic,,-5.325325363676633,2.13579610176539
mp-1093653,0,label0,orthorhombic,,-5.151801411288801,0.674698508978345
mp-768103,unknown,unconfirmed_candidate,monoclinic,,-3.3826099666984177,0.06312636652824466
mp-1643648,unknown,unconfirmed_candidate,triclinic,,2.685698817185905,-7.160440982832563
mp-1221678,0,label0,trigonal,,-10.664677771460816,-3.8626205306177255
mp-2225293,unknown,unconfirmed_candidate,triclinic,,-7.292247572821594,0.460288695070485
mp-760851,unknown,unconfirmed_candidate,tetragonal,,-24.978738810942538,3.908122839660013
mp-1188333,unknown,unconfirmed_candidate,trigonal,,7.104060402915856,-4.678179271265462
mp-17360,unknown,unconfirmed_candidate,monoclinic,,0.8893375415101126,4.262094959081278
mp-1077033,0,label0,tetragonal,,5.698034861711774,-1.495141768909484
mp-1245798,unknown,unconfirmed_candidate,orthorhombic,,8.69395714537723,0.6475467376248254
mp-672290,0,label0,hexagonal,,2.9378204076755914,1.9718186625105822
mp-2240824,0,label0,triclinic,,0.9638841286634836,0.6604707737832456
mp-1907,0,label0,trigonal,,3.5731455664922365,-3.304015639585872
mp-21693,unknown,unconfirmed_candidate,orthorhombic,,8.674121772156665,-0.9304148500791811
mp-1183904,0,label0,cubic,,8.71286035089688,1.4226637599710656
mp-2240423,0,label0,triclinic,,2.7469352919677092,10.48917557303912
mp-2230275,unknown,unconfirmed_candidate,triclinic,,-5.348672964832801,-0.0015208421387526982
mp-1195449,unknown,unconfirmed_candidate,tetragonal,,-0.9307536162699108,-0.8049023230122856
mp-1191502,unknown,unconfirmed_candidate,monoclinic,,-8.679500588043854,-6.753110187670494
mp-761131,0,label0,triclinic,,3.6835423950057216,-6.150336547547322
mp-721856,unknown,unconfirmed_candidate,orthorhombic,,5.3012790971950405,2.5481625162880874
mp-1638843,unknown,unconfirmed_candidate,triclinic,,2.925468058474298,-3.9670039452775114
mp-640053,unknown,unconfirmed_candidate,orthorhombic,,7.046976426943244,-2.4322821950142046
mp-1040459,unknown,unconfirmed_candidate,monoclinic,,-11.65465905197567,8.720735706458477
mp-1095718,0,label0,orthorhombic,,2.9912624778624135,-0.15472438803200106
mp-861457,unknown,unconfirmed_candidate,triclinic,,10.568724723753878,6.365137470921518
mp-757132,unknown,unconfirmed_candidate,monoclinic,,3.14389732206544,-7.3739148040639435
mp-1046180,0,label0,triclinic,,0.297197673526572,-0.14402350376561657
mp-1194306,unknown,unconfirmed_candidate,monoclinic,,-13.095590946996033,-4.950681387897983
mp-1340104,unknown,unconfirmed_candidate,triclinic,,3.2559311120548973,-2.9495054699695373
mp-985304,0,label0,trigonal,,-0.4778536737449919,-5.301646620837261
mp-1203201,unknown,unconfirmed_candidate,cubic,,9.01310868965213,2.8481282728899373
mp-21494,0,label0,hexagonal,,4.137930318841299,-0.9312807488827808
mp-759598,unknown,unconfirmed_candidate,triclinic,,-1.0508287244249068,-5.171484473965371
mp-770641,unknown,unconfirmed_candidate,tetragonal,,-15.043421390385,5.374073078148442
mp-1184028,0,label0,tetragonal,,3.838680244419928,-5.044037211015281
mp-1232705,unknown,unconfirmed_candidate,monoclinic,,-10.86733936538548,2.9954569788305427
mp-12494,unknown,unconfirmed_candidate,orthorhombic,,-2.0188389608608936,-0.20791464940256787
mp-763003,unknown,unconfirmed_candidate,trigonal,,-4.994736038528117,1.9275480983379047
mp-1147698,0,label0,triclinic,,4.3113488833074225,-4.505152563073137
mp-556107,unknown,unconfirmed_candidate,orthorhombic,,3.7267475535871917,-5.467772119727288
mp-1244979,unknown,unconfirmed_candidate,triclinic,,-7.773665406618061,2.3725099694616247
mp-1106300,unknown,unconfirmed_candidate,orthorhombic,,7.523465054403912,0.6084835089145102
mp-1207083,0,label0,cubic,,-41.957966562705764,49.12443966021917
mp-26269,unknown,unconfirmed_candidate,monoclinic,,-0.6972320415747575,-0.17449914451193393
mp-977565,0,label0,cubic,,6.575368748882628,-2.1085080920014327
mp-1186007,0,label0,cubic,,7.2094167199818155,-2.816925633553133
mp-1106146,unknown,unconfirmed_candidate,orthorhombic,,6.005145930376353,0.04183462144433747
mp-982559,0,label0,cubic,,1.5945576037224285,-3.3965835454861146
mp-1209087,unknown,unconfirmed_candidate,tetragonal,,18.641292198960983,6.690962758931917
mp-1219695,unknown,unconfirmed_candidate,trigonal,,-7.1753603495896705,-4.8667065382773345
mp-1206436,0,label0,hexagonal,,7.410420241079166,-1.6008034548278598
mp-1103421,unknown,unconfirmed_candidate,orthorhombic,,8.548482790271978,0.1834158267696573
mp-1097888,unknown,unconfirmed_candidate,monoclinic,,1.447328821608938,7.578313864186665
mp-1191420,unknown,unconfirmed_candidate,hexagonal,,0.3701778281189476,-1.9765306865350745
mp-1112944,0,label0,cubic,,4.81469882157554,-2.446404742410021
mp-1212876,unknown,unconfirmed_candidate,orthorhombic,,4.645860322922523,0.5976249301893866
mp-2715997,0,label0,triclinic,,-1.0945507577321472,-0.24927185561917042
mp-1198099,unknown,unconfirmed_candidate,monoclinic,,2.185687365381032,-0.350559906665044
mp-1046967,0,label0,monoclinic,,0.6702170958116724,0.07100372756588058
mp-504928,0,label0,trigonal,,-0.3407042425543345,-6.369875350650082
mp-20103,0,label0,hexagonal,,3.418537413662296,2.0827288744772687
mp-1519728,0,label0,cubic,,-13.227135570300618,-4.5459645506924655
mp-770559,unknown,unconfirmed_candidate,monoclinic,,-19.39106692095585,-3.8156474985804394
mp-771431,0,label0,triclinic,,0.17542679141634565,-6.450613645582324
mp-27844,unknown,unconfirmed_candidate,orthorhombic,,10.247999592946853,-3.0627030775138735
mp-1047107,unknown,unconfirmed_candidate,monoclinic,,0.6263124053434517,-2.6797675446942186
mp-764033,unknown,unconfirmed_candidate,monoclinic,,-16.435262599389382,3.630727895088423
mp-582924,0,label0,cubic,,23.869974058751048,4.183754031817113
mp-1420147,unknown,unconfirmed_candidate,monoclinic,,-0.08785426606564428,-5.29077734464771
mp-1183449,0,label0,cubic,,-34.11007528523086,15.037450365780753
mp-861504,unknown,unconfirmed_candidate,orthorhombic,,-14.64856385592396,-3.8383806801399363
mp-13906,0,label0,trigonal,,-3.073900426707681,2.381197449399771
mp-1233893,unknown,unconfirmed_candidate,triclinic,,-2.555115296699803,-2.87841244811462
mp-1212556,unknown,unconfirmed_candidate,orthorhombic,,5.035600518760855,-4.478018698591443
mp-1206990,0,label0,cubic,,6.329156016615025,8.076276883580338
mp-1297800,unknown,unconfirmed_candidate,monoclinic,,3.257163738766872,-7.408956685689928
mp-1079362,unknown,unconfirmed_candidate,tetragonal,,9.660142520537123,7.568064363685597
mp-1235342,0,label0,trigonal,,3.8024280875324425,-2.9369155409768055
mp-1209978,unknown,unconfirmed_candidate,hexagonal,,7.250656086038331,0.4929719331965501
mp-1040299,0,label0,tetragonal,,0.8257514063253844,-1.87930390948328
mp-773801,unknown,unconfirmed_candidate,triclinic,,-3.0653418794546425,-2.129920151122308
mp-1003317,0,label0,monoclinic,,-9.395341592091818,-0.022647900842425628
mp-760024,unknown,unconfirmed_candidate,triclinic,,-5.6910714179867625,-5.938034672029197
mp-2232197,unknown,unconfirmed_candidate,monoclinic,,7.928755764655401,1.5308438657310255
mp-1516609,0,label0,cubic,,-5.582221554534595,0.874675717090792
mp-1516524,0,label0,cubic,,-6.426474693044966,-5.297923654475916
mp-617442,unknown,unconfirmed_candidate,orthorhombic,,-0.8543871486691081,-3.7245821285199288
mp-568747,0,label0,tetragonal,,7.990622355659623,-3.3077428393860853
mp-768412,0,label0,monoclinic,,-0.5792163229224343,-4.141347528443756
mp-1247088,unknown,unconfirmed_candidate,orthorhombic,,-3.853828268226181,4.549933937325022
mp-1209848,unknown,unconfirmed_candidate,tetragonal,,4.503023322845721,7.190805499741572
mp-776587,0,label0,trigonal,,-14.80063683883877,5.285071981836143
mp-1198442,unknown,unconfirmed_candidate,monoclinic,,1.0912878704672124,-5.4026236572062984
mp-780394,unknown,unconfirmed_candidate,monoclinic,,-8.678020851252288,2.0757210478839667
mp-1208955,unknown,unconfirmed_candidate,cubic,,8.490492203195586,2.081240846769255
mp-1103744,0,label0,orthorhombic,,-0.4255094687945302,-1.9284773172657772
mp-1097153,0,label0,orthorhombic,,-0.08245702143456057,-1.0161308235910695
mp-769578,unknown,unconfirmed_candidate,orthorhombic,,-6.374298431795317,-1.1632530659770381
mp-1197593,0,label0,orthorhombic,,0.9412291005795979,-2.9118117233294587
mp-556509,0,label0,orthorhombic,,-3.952526744856854,-10.19301239014672
mp-772997,0,label0,trigonal,,-2.3527380227804144,-7.744476825391651
mp-672244,0,label0,trigonal,,-0.8704962418012769,-1.1326707643573144
mp-562985,unknown,unconfirmed_candidate,monoclinic,,15.62245685030977,6.956624615724358
mp-757293,unknown,unconfirmed_candidate,triclinic,,-4.62451507414184,3.2000752088791344
mp-731595,0,label0,triclinic,,4.0695855410961705,8.1151873174421
mp-1201787,unknown,unconfirmed_candidate,hexagonal,,9.029983311487333,-3.612220050084254
mp-1217921,unknown,unconfirmed_candidate,tetragonal,,7.583460450021816,-5.004712921686133
mp-1191288,unknown,unconfirmed_candidate,orthorhombic,,-5.950685205460225,-1.906038065033865
mp-30771,unknown,unconfirmed_candidate,orthorhombic,,1.8470592092532776,12.522798944296735
mp-761161,unknown,unconfirmed_candidate,triclinic,,-1.4119490178951892,-3.475681137581484
mp-1185183,0,label0,cubic,,8.61100746729132,6.03090877421748
mp-698670,unknown,unconfirmed_candidate,triclinic,,3.737697028445954,-4.847758976827642
mp-1209561,unknown,unconfirmed_candidate,orthorhombic,,-10.7246838810081,8.496749937961003
mp-2229138,unknown,unconfirmed_candidate,triclinic,,12.8601171010678,8.750328195750264
mp-976155,0,label0,cubic,,-5.4447162288373505,2.369231912475545
mp-1191589,unknown,unconfirmed_candidate,hexagonal,,10.648605821300212,-2.1908734955137508
mp-1215639,0,label0,monoclinic,,20.32222002676035,-1.0353919432437984
mp-1033940,0,label0,orthorhombic,,0.971007386169287,-1.2615906317147747
mp-2217005,unknown,unconfirmed_candidate,triclinic,,-3.6481432507693548,-4.360297750866321
mp-759397,unknown,unconfirmed_candidate,triclinic,,-2.9609926092023997,8.429999780146197
mp-1189116,unknown,unconfirmed_candidate,orthorhombic,,-0.635671817449758,11.77423110636336
mp-1043519,unknown,unconfirmed_candidate,tetragonal,,-3.3734235610345387,0.8173865284231603
mp-18966,unknown,unconfirmed_candidate,hexagonal,,-4.901083536199479,2.0963245879370866
mp-697905,unknown,unconfirmed_candidate,monoclinic,,-2.1969140281792967,-4.9903022122752
mp-1217301,0,label0,orthorhombic,,4.5375096489602775,-4.326020901011068
mp-775021,unknown,unconfirmed_candidate,triclinic,,-10.898311681428066,2.065635899444022
mp-1222557,0,label0,orthorhombic,,6.5878100394003845,-0.11972636829484884
mp-1212465,unknown,unconfirmed_candidate,orthorhombic,,-0.03922377342526673,-1.1341995445131232
mp-555101,0,label0,tetragonal,,-9.720900397597752,3.15112227580941
mp-1216845,0,label0,hexagonal,,7.635097513136888,0.040170488182265984
mp-27918,unknown,unconfirmed_candidate,hexagonal,,7.941404052938024,-3.22752030598938
mp-1238580,unknown,unconfirmed_candidate,orthorhombic,,2.768721174199321,-8.053819657601064
mp-22771,0,label0,tetragonal,,-1.1695742152062785,1.0945881656868934
mp-561257,unknown,unconfirmed_candidate,monoclinic,,-5.152089692636292,3.6961327463734612
mp-1232142,unknown,unconfirmed_candidate,orthorhombic,,0.49462181556956253,-5.470021757645059
mp-26500,unknown,unconfirmed_candidate,monoclinic,,-6.119382999698683,1.7375154033408577
mp-1095029,0,label0,orthorhombic,,-11.992336063718007,6.880768199235412
mp-1207794,unknown,unconfirmed_candidate,cubic,,5.584090085441526,-0.805879722501551
mp-1202439,unknown,unconfirmed_candidate,trigonal,,-5.102147650379337,-6.0409639157848805
mp-1216161,0,label0,monoclinic,,18.902143647904747,2.1402172152586196
mp-850906,unknown,unconfirmed_candidate,triclinic,,-0.4409068790165094,-1.9417901926731673
mp-1232991,unknown,unconfirmed_candidate,triclinic,,-12.448438085037587,2.853706916151843
mp-1280283,0,label0,tetragonal,,6.306987794083218,-1.5830875347236262
mp-1187917,0,label0,cubic,,7.64977852720218,3.166084347353074
mp-1210745,unknown,unconfirmed_candidate,monoclinic,,-4.337716095553997,-5.157804858986049
mp-1183271,0,label0,hexagonal,,5.941561373947415,-2.5926337336666396
mp-1201776,unknown,unconfirmed_candidate,tetragonal,,9.607185885280673,2.706165662024876
mp-768425,unknown,unconfirmed_candidate,monoclinic,,0.4905550785784776,-7.634990231861556
mp-1080252,0,label0,cubic,,6.735877589811164,2.910520097814821
mp-2713718,unknown,unconfirmed_candidate,triclinic,,-1.398041201543208,-4.679207398984412
mp-1200892,unknown,unconfirmed_candidate,tetragonal,,-13.035695608295406,-3.207447198704301
mp-776169,unknown,unconfirmed_candidate,orthorhombic,,-4.3417492952826,-1.9087901415913748
mp-1201972,unknown,unconfirmed_candidate,orthorhombic,,15.756796855153514,0.9103450453100308
mp-746681,unknown,unconfirmed_candidate,triclinic,,-0.9116416802907175,-4.2245778857305645
mp-631310,0,label0,cubic,,4.83963148516923,1.672756639835157
mp-1197716,unknown,unconfirmed_candidate,tetragonal,,3.043565978273648,-2.156414703539724
mp-1375998,unknown,unconfirmed_candidate,monoclinic,,5.009591050253428,4.5966544700555225
mp-776319,unknown,unconfirmed_candidate,tetragonal,,4.403645994119032,-8.746231490491038
mp-645953,0,label0,triclinic,,-18.024146273990844,8.104422647545594
mp-760116,0,label0,triclinic,,-3.4863469490963723,9.900413434675674
mp-759474,unknown,unconfirmed_candidate,triclinic,,-1.1280452295180368,5.520042076834194
mp-764723,unknown,unconfirmed_candidate,triclinic,,-5.80962533476297,13.537048351635168
mp-672368,unknown,unconfirmed_candidate,orthorhombic,,0.20096324917951236,0.2380909327402776
mp-680696,unknown,unconfirmed_candidate,orthorhombic,,1.1085002708687632,3.6185799782887713
mp-20069,0,label0,monoclinic,,4.154744275968687,-1.3085485376816717
mp-1195359,unknown,unconfirmed_candidate,monoclinic,,-0.28370017172481354,4.331016281051475
mp-1327,0,label0,cubic,,-2.9069329549120866,5.396700876415657
mp-18770,0,label0,cubic,,1.5685485418263951,1.0607274726122924
mp-1186041,0,label0,tetragonal,,19.76134259988108,9.906193888569884
mp-1218565,0,label0,tetragonal,,-4.205595434658399,-1.2752803097081014
mp-865759,0,label0,cubic,,-0.7094782843177541,-0.9240429858887289
mp-1112146,0,label0,cubic,,6.300544272382728,-1.9493811541939454
mp-1216773,0,label0,trigonal,,10.076321223316086,-5.719360996801562
mp-1209407,unknown,unconfirmed_candidate,trigonal,,-34.10856555399459,7.516930811867059
mp-1223198,unknown,unconfirmed_candidate,orthorhombic,,6.528655412893292,-5.43715639529772
mp-1192919,unknown,unconfirmed_candidate,triclinic,,-6.4537066069411715,-10.228013949989023
mp-1208713,0,label0,monoclinic,,4.410261777736785,10.242779173220079
mp-1327747,unknown,unconfirmed_candidate,cubic,,-4.424184159755388,3.001013722868361
mp-552089,0,label0,orthorhombic,,7.38450597158219,0.08471718336156542
mp-863014,unknown,unconfirmed_candidate,orthorhombic,,-2.3436092956263543,-4.123032209592095
mp-1215380,unknown,unconfirmed_candidate,orthorhombic,,13.942536637387672,-5.468958087370012
mp-1217505,unknown,unconfirmed_candidate,trigonal,,11.456157067078404,1.5517446143123088
mp-1210621,0,label0,triclinic,,3.569867881009934,0.14678144642323332
mp-561144,unknown,unconfirmed_candidate,orthorhombic,,-9.781764009477492,-3.8873894158971254
mp-1096148,0,label0,orthorhombic,,9.445047080191873,-6.034156824866015
mp-1189523,0,label0,triclinic,,-3.523601327184533,-7.132097325363853
mp-2218434,unknown,unconfirmed_candidate,triclinic,,9.370992032417401,21.696204665631914
mp-1197298,unknown,unconfirmed_candidate,trigonal,,1.0597992849924829,0.08807981045849189
mp-2232474,0,label0,triclinic,,1.1672152643145743,9.967482967710545
mp-1046569,unknown,unconfirmed_candidate,monoclinic,,-2.9972852903149096,0.35916925994852633
mp-557471,unknown,unconfirmed_candidate,monoclinic,,-1.1075881059742905,-2.4088395957244586
mp-691043,0,label0,triclinic,,-14.67034964385953,-5.301190520580304
mp-1080128,unknown,unconfirmed_candidate,tetragonal,,11.979281774252295,1.8241027309633253
mp-1093996,unknown,unconfirmed_candidate,trigonal,,10.711833103616081,3.7000411770002692
mp-1227718,unknown,unconfirmed_candidate,monoclinic,,-6.075629986753398,6.5411347212495805
mp-1234680,unknown,unconfirmed_candidate,monoclinic,,7.799294840149216,6.693691832875238
mp-567194,unknown,unconfirmed_candidate,orthorhombic,,17.070610260532124,5.9979193973026455
mp-1233407,unknown,unconfirmed_candidate,triclinic,,3.94891515814858,-4.700359221996123
mp-1215750,unknown,unconfirmed_candidate,trigonal,,25.78426382392197,8.69090156912024
mp-1205951,0,label0,hexagonal,,4.651037001303896,-2.977752105988083
mp-1216492,0,label0,monoclinic,,-12.970056950892058,-5.870909400790348
mp-1217250,unknown,unconfirmed_candidate,hexagonal,,3.045519072616429,0.8263622125273891
mp-774499,unknown,unconfirmed_candidate,triclinic,,-7.497555029081969,4.207078411665311
mp-760022,unknown,unconfirmed_candidate,triclinic,,6.109758746561601,2.2910793031840875
mp-779879,unknown,unconfirmed_candidate,orthorhombic,,-6.0443517609932655,-6.054189757418996
mp-766459,unknown,unconfirmed_candidate,orthorhombic,,-5.334890225566198,1.4638803496397088
mp-559799,unknown,unconfirmed_candidate,monoclinic,,-0.09979711180326944,-4.290597388481986
mp-542902,unknown,unconfirmed_candidate,monoclinic,,-3.46315421363051,-5.06607169514851
mp-1194369,unknown,unconfirmed_candidate,orthorhombic,,-2.8819848837528497,-4.473651665397329
mp-1177385,0,label0,monoclinic,,3.194479839399701,-4.87681934059448
mp-1226373,unknown,unconfirmed_candidate,monoclinic,,5.861983443430136,2.3734884885717236
mp-556536,0,label0,monoclinic,,10.45997344102429,-7.302031547311529
mp-2232100,0,label0,triclinic,,-14.866278541517651,5.101187662228487
mp-743878,0,label0,triclinic,,-7.774208465106298,0.012607584814293915
mp-2218246,0,label0,triclinic,,-7.7655041028411205,-4.565793031173174
mp-541958,0,label0,tetragonal,,1.7879245007875753,-8.122997323359872
mp-17871,unknown,unconfirmed_candidate,orthorhombic,,1.0832429420211689,-3.6612298767420697
mp-753118,unknown,unconfirmed_candidate,trigonal,,-3.409809083414828,2.8596715675560915
mp-1216689,0,label0,triclinic,,5.427264290764382,-2.6998390973820303
mp-759665,unknown,unconfirmed_candidate,monoclinic,,0.18537286541719666,-5.5742088077973175
mp-1102496,unknown,unconfirmed_candidate,orthorhombic,,-8.667607749069997,-2.8148062020460944
mp-849057,unknown,unconfirmed_candidate,trigonal,,11.802320966238355,12.60652672183382
mp-1283389,unknown,unconfirmed_candidate,monoclinic,,-37.00084890740799,24.17596197314896
mp-26164,0,label0,triclinic,,-5.157552807921128,1.669789931332513
mp-2217647,unknown,unconfirmed_candidate,triclinic,,8.143293916092812,14.674709251992216
mp-1209534,unknown,unconfirmed_candidate,orthorhombic,,-4.628238676730184,1.8750844211310174
mp-977188,0,label0,hexagonal,,8.912146568613169,-0.9600404495759989
mp-1106232,unknown,unconfirmed_candidate,orthorhombic,,-7.576259366080844,6.676725896880438
mp-757400,unknown,unconfirmed_candidate,triclinic,,-3.739396378143873,-0.9434324410568209
mp-779107,unknown,unconfirmed_candidate,triclinic,,0.9121331754190258,0.29491144338458497
mp-1205958,0,label0,cubic,,-12.730746360088546,6.340367881864015
mp-1021301,unknown,unconfirmed_candidate,orthorhombic,,-6.227877316707879,6.331361602519273
mp-2713435,unknown,unconfirmed_candidate,monoclinic,,1.494528768586509,-7.831272186569798
mp-669445,0,label0,triclinic,,5.320407046496442,-6.861672768979162
mp-21358,0,label0,tetragonal,,3.7096275871038102,5.333019680477978
mp-1223878,0,label0,triclinic,,-3.442973704647521,-0.1808125938688896
mp-1063239,0,label0,tetragonal,,3.665544566419909,-1.1462693522335101
mp-4338,unknown,unconfirmed_candidate,cubic,,-6.160277244491322,1.9171451025020687
mp-1055899,0,label0,triclinic,,12.996331517189969,-1.3338855024332243
mp-1105040,0,label0,trigonal,,7.513281267659526,2.4700305453699123
mp-1224217,0,label0,hexagonal,,-10.294485268985845,-0.7286312282635414
mp-14207,unknown,unconfirmed_candidate,orthorhombic,,19.259077395511667,7.366680432634471
mp-1208062,unknown,unconfirmed_candidate,orthorhombic,,2.226385320709671,5.311714701274557
mp-771209,0,label0,monoclinic,,1.6406523462633835,-8.779044891660401
mp-1080172,0,label0,tetragonal,,1.8610249592896118,1.8485962340117545
mp-865375,unknown,unconfirmed_candidate,cubic,,6.714275272520455,14.726976056571235
mp-1202527,unknown,unconfirmed_candidate,trigonal,,-2.9798957272433917,-0.3433785015748221
mp-756931,0,label0,monoclinic,,2.082437804856049,4.296896608114679
mp-556885,unknown,unconfirmed_candidate,trigonal,,-1.2098421718272832,6.119691863613742
mp-1044783,unknown,unconfirmed_candidate,orthorhombic,,2.1234439570981216,-2.6952141967523104
mp-2714167,unknown,unconfirmed_candidate,triclinic,,-1.4326855098599047,-4.071255512458551
mp-1078758,unknown,unconfirmed_candidate,cubic,,-0.513394739069323,15.982826364375097
mp-1218588,0,label0,triclinic,,-7.818307302071048,-7.619900718767843
mp-567418,0,label0,cubic,,9.862614321844179,0.8843181071061537
mp-2231483,0,label0,triclinic,,-1.0722828537593116,5.385560618922899
mp-800289,unknown,unconfirmed_candidate,triclinic,,7.2076057049473,8.205351715322493
mp-1209451,unknown,unconfirmed_candidate,monoclinic,,-10.351425809132028,-7.358512606550944
mp-774736,unknown,unconfirmed_candidate,triclinic,,11.466652583951669,-6.092955441551153
mp-1211366,0,label0,triclinic,,-6.3957711362384835,-8.835441807140786
mp-11549,0,label0,orthorhombic,,-0.6712360821454659,-2.2780645882808184
mp-1400520,0,label0,monoclinic,,6.0318048658845225,5.44494253955736
mp-1220086,unknown,unconfirmed_candidate,hexagonal,,7.189522354335374,-3.3877021697073815
mp-1186483,unknown,unconfirmed_candidate,orthorhombic,,-1.6671288023156947,3.383703179247398
mp-5197,0,label0,hexagonal,,-4.824429574855589,7.917881386030029
mp-1210391,0,label0,triclinic,,3.3376578571438493,1.3009733856720906
mp-1176752,unknown,unconfirmed_candidate,orthorhombic,,-24.009949958796334,23.500668016239967
mp-772016,0,label0,triclinic,,2.28855950219954,-0.48863855879903184
mp-36088,0,label0,tetragonal,,5.210568276573918,-5.388688213132987
mp-1225964,unknown,unconfirmed_candidate,orthorhombic,,1.3687027748046212,-5.591857456945096
mp-1093914,0,label0,orthorhombic,,5.86098249749986,-4.95297071600805
mp-763247,0,label0,orthorhombic,,-4.516415567831501,-4.990024760587616
mp-998196,0,label0,monoclinic,,5.55591049429537,-1.6401786369130615
mp-1047387,unknown,unconfirmed_candidate,triclinic,,-9.179873232944626,-6.849790657627548
mp-1246133,unknown,unconfirmed_candidate,orthorhombic,,-1.6594236942267635,6.801009358664782
mp-1084850,0,label0,monoclinic,,2.4204021416011656,6.132430794732176
mp-754375,0,label0,trigonal,,-0.5647865703113943,-3.670467660268308
mp-1210320,unknown,unconfirmed_candidate,monoclinic,,-5.866358362749516,-6.873344851288442
mp-9540,0,label0,orthorhombic,,-12.683839915800977,7.558808957231907
mp-849060,0,label0,triclinic,,-7.6062525528821325,8.256235135167902
mp-755808,unknown,unconfirmed_candidate,monoclinic,,3.2852850045504844,-3.5108934819632562
mp-1216505,unknown,unconfirmed_candidate,monoclinic,,2.962204167817191,-1.1325364557617483
mp-1007900,0,label0,trigonal,,4.710520749792474,-6.394109759928485
mp-1520704,0,label0,cubic,,-5.052527332642484,-6.095077749698245
mp-1517280,0,label0,cubic,,-3.047525140095935,-0.1274499684955721
mp-779916,unknown,unconfirmed_candidate,triclinic,,4.846306949873677,-5.773406262121021
mp-1007,0,label0,cubic,,15.553663186080382,-1.104079618111541
mp-1784691,unknown,unconfirmed_candidate,triclinic,,-0.6704217469705149,-6.105273722673619
mp-1207752,unknown,unconfirmed_candidate,monoclinic,,5.5963482259652935,5.192527932692091
mp-1239171,unknown,unconfirmed_candidate,orthorhombic,,-10.16321175820434,4.368656899751965
mp-1667345,unknown,unconfirmed_candidate,triclinic,,-2.7665975935707117,-1.786363080407023
mp-1225185,0,label0,hexagonal,,3.900083980365798,-5.535198762741075
mp-570015,unknown,unconfirmed_candidate,cubic,,9.44373267521373,2.237971435139965
mp-1206059,0,label0,cubic,,2.3305950176312855,8.258420228486354
mp-1204375,unknown,unconfirmed_candidate,orthorhombic,,1.0123397237297702,-7.135325268796153
mp-864999,unknown,unconfirmed_candidate,cubic,,1.95529916147537,1.3500426035064272
mp-1182789,unknown,unconfirmed_candidate,trigonal,,4.6588343969813515,9.097283214439916
mp-1224930,0,label0,cubic,,17.34443703806897,1.314316287075421
mp-5146,0,label0,cubic,,-10.300847569906349,-0.8623455372794737
mp-17981,unknown,unconfirmed_candidate,orthorhombic,,-13.597573538029778,-1.7224005955774278
mp-753149,unknown,unconfirmed_candidate,trigonal,,6.123268065077593,0.7312989729688191
mp-754151,0,label0,trigonal,,1.0888171660633752,18.83515006679883
mp-771204,0,label0,monoclinic,,-1.7292515352073679,-1.8191489305785602
mp-865201,unknown,unconfirmed_candidate,orthorhombic,,10.54848671555929,-3.8037799506629106
mp-1213121,unknown,unconfirmed_candidate,orthorhombic,,-7.116171720932748,-1.7035172644558507
mp-1207534,unknown,unconfirmed_candidate,cubic,,2.1448327562698744,-8.237994719452146
mp-1199683,unknown,unconfirmed_candidate,hexagonal,,-4.850055004966954,-7.982318424691968
mp-1200737,unknown,unconfirmed_candidate,monoclinic,,16.46196087810654,5.866328819135031
mp-714960,unknown,unconfirmed_candidate,tetragonal,,-17.360262141978723,-4.144900936056514
mp-581345,unknown,unconfirmed_candidate,triclinic,,-5.7408839946708845,-6.552469304719201
mp-1215421,0,label0,tetragonal,,0.39625822249171705,-5.497765844687313
mp-704317,unknown,unconfirmed_candidate,monoclinic,,4.863233950056387,-7.020347553856858
mp-1046475,0,label0,triclinic,,-12.173912098901635,16.819921493807325
mp-778248,unknown,unconfirmed_candidate,triclinic,,20.199950759726136,20.14882550628032
mp-1247343,unknown,unconfirmed_candidate,monoclinic,,3.2955626746035502,8.911080762282555
mp-2217889,unknown,unconfirmed_candidate,monoclinic,,-3.9794854083318008,7.047242812730655
mp-2713641,0,label0,triclinic,,-0.168992239844723,-6.093671532331797
mp-558599,unknown,unconfirmed_candidate,orthorhombic,,3.551966236134028,5.658186990702202
mp-778364,unknown,unconfirmed_candidate,monoclinic,,-2.0574362334726075,-5.25856341976643
mp-23580,1,label1,hexagonal,Co,1.4398770145547282,-5.242921466405852
mp-1187818,0,label0,cubic,,11.69513094832368,-1.2799307158259214
mp-1211177,0,label0,monoclinic,,4.59279618926039,-7.685170981542202
mp-2230664,unknown,unconfirmed_candidate,triclinic,,1.5343601835893494,1.3787387617198341
mp-1192808,unknown,unconfirmed_candidate,triclinic,,-2.7821074073874854,3.4486538178824624
mp-1188169,0,label0,monoclinic,,-2.9384566001180907,2.438994572637881
mp-1213305,unknown,unconfirmed_candidate,orthorhombic,,-7.010461995787324,-2.8976080049940673
mp-555252,unknown,unconfirmed_candidate,trigonal,,-3.146049357573162,3.6359459301705996
mp-1103118,unknown,unconfirmed_candidate,tetragonal,,12.013285253626135,-6.029649769113348
mp-765626,unknown,unconfirmed_candidate,monoclinic,,-1.1617359154029465,3.1801645949610133
mp-1196652,unknown,unconfirmed_candidate,cubic,,2.0266539253352462,-7.138910887797888
mp-773133,unknown,unconfirmed_candidate,monoclinic,,-2.193776487891416,-1.2008383295050749
mp-2226878,unknown,unconfirmed_candidate,trigonal,,5.602425452307555,-1.09016780616982
mp-1369134,unknown,unconfirmed_candidate,orthorhombic,,-3.628393523777241,-0.886371451553142
mp-1195117,unknown,unconfirmed_candidate,tetragonal,,1.8200359552849612,2.486097325792148
mp-541929,unknown,unconfirmed_candidate,trigonal,,1.0778826891426156,-3.1065266436732557
mp-695670,unknown,unconfirmed_candidate,orthorhombic,,-1.1337211581965434,0.5943871801412683
mp-1209950,0,label0,cubic,,3.8571245735179467,0.43898186587813015
mp-1232099,unknown,unconfirmed_candidate,triclinic,,-0.24742780001565734,-4.466620554847868
mp-778167,unknown,unconfirmed_candidate,orthorhombic,,8.564248824025709,10.695932452377637
mp-758605,unknown,unconfirmed_candidate,orthorhombic,,-7.70237678740726,0.4094868360112791
mp-1521782,unknown,unconfirmed_candidate,orthorhombic,,-11.412811154166512,-3.0516026744721287
mp-2228925,unknown,unconfirmed_candidate,triclinic,,10.784642944861643,8.117114023975422
mp-38805,0,label0,tetragonal,,2.4329060050904836,1.4114138965647882
mp-774048,unknown,unconfirmed_candidate,triclinic,,18.32972673821907,17.694917631104563
mp-768236,unknown,unconfirmed_candidate,monoclinic,,-6.773527066695252,3.6451669462594936
mp-1223024,unknown,unconfirmed_candidate,tetragonal,,12.37928339339657,8.623753986696137
mp-1014366,unknown,unconfirmed_candidate,tetragonal,,0.8568034075262858,4.226971512603633
mp-1199208,unknown,unconfirmed_candidate,monoclinic,,-4.934325987200992,-2.259958708439795
mp-1246445,0,label0,orthorhombic,,-13.879337176976435,0.5833335288032266
mp-1038123,0,label0,tetragonal,,1.1513359383844701,-0.8051442024651259
mp-1192403,unknown,unconfirmed_candidate,tetragonal,,-1.3735795847658885,-3.3068073733948857
mp-1517517,0,label0,cubic,,-15.85952722274856,-1.2931165333131815
mp-4177,0,label0,tetragonal,,5.095461689094149,0.43352229415126686
mp-25839,unknown,unconfirmed_candidate,monoclinic,,0.1252787820762471,-3.9308936237366865
mp-27804,unknown,unconfirmed_candidate,orthorhombic,,4.684248022319229,5.31268549688652
mp-1045788,unknown,unconfirmed_candidate,monoclinic,,-4.23291955597891,1.2236913189950087
mp-695243,unknown,unconfirmed_candidate,monoclinic,,-13.466546996368088,0.9651671776161947
mp-31739,0,label0,triclinic,,-2.69725162530181,-4.001366241657312
mp-1002223,0,label0,cubic,,8.908062024546817,-3.6020743768254064
mp-16254,0,label0,hexagonal,,17.268796244328204,-0.2961388334268342
mp-1211079,unknown,unconfirmed_candidate,monoclinic,,-5.372673343213659,-2.4335217712300032
mp-1208469,unknown,unconfirmed_candidate,cubic,,13.85513985675555,4.25065528510655
mp-774390,unknown,unconfirmed_candidate,tetragonal,,-6.312338503359847,-5.833729781058224
mp-1211541,unknown,unconfirmed_candidate,monoclinic,,-2.348231738974558,-4.735451309250827
mp-35690,0,label0,monoclinic,,-3.5881176818017586,-0.0325180684232933
mp-755760,0,label0,monoclinic,,-2.8089294524453443,-4.34800568672677
mp-776196,unknown,unconfirmed_candidate,cubic,,-3.17908849140829,-0.9527097928573554
mp-1210664,0,label0,cubic,,0.4023561018177553,12.257733337427393
mp-1045736,unknown,unconfirmed_candidate,monoclinic,,0.4138872616676572,-6.937218318374864
mp-2715862,unknown,unconfirmed_candidate,triclinic,,-3.427926520620005,-5.4406227053146345
mp-556659,unknown,unconfirmed_candidate,orthorhombic,,7.730098611923607,11.954334683073807
mp-1407616,unknown,unconfirmed_candidate,orthorhombic,,-4.128411095310387,10.644829646565537
mp-3676,unknown,unconfirmed_candidate,cubic,,8.316201711761575,-4.458152813387008
mp-1205226,unknown,unconfirmed_candidate,monoclinic,,6.019146653476643,2.8272676887671473
mp-1238930,unknown,unconfirmed_candidate,trigonal,,-3.0898241095976147,-2.6094875806976923
mp-18909,0,label0,trigonal,,-3.6634764359956193,5.091355899484434
mp-1047187,0,label0,monoclinic,,-8.942410438648423,1.631887911807798
mp-504674,0,label0,cubic,,-11.256329279375699,-4.363231209849211
mp-1233668,unknown,unconfirmed_candidate,triclinic,,3.141981936905479,-2.83664011951611
mp-2365,unknown,unconfirmed_candidate,cubic,,5.563064207157025,7.903558401938167
mp-2712565,unknown,unconfirmed_candidate,monoclinic,,-4.234110623938701,-3.512895262869847
mp-17177,unknown,unconfirmed_candidate,orthorhombic,,-1.7510648733040455,-8.06244544217481
mp-1173875,unknown,unconfirmed_candidate,triclinic,,7.046312924497656,-5.3002593554834725
mp-780194,unknown,unconfirmed_candidate,triclinic,,-2.473838819427378,0.5221587134381274
mp-1226115,0,label0,monoclinic,,-20.141429271758568,-3.532885801590222
mp-1106026,0,label0,cubic,,0.766903280394132,-4.020684826772358
mp-1219840,unknown,unconfirmed_candidate,orthorhombic,,-0.26015447331313624,2.0814874190800303
mp-22397,0,label0,tetragonal,,2.7040507295394143,1.2190620966646897
mp-1147595,0,label0,tetragonal,,18.44049734551287,7.046319802119488
mp-1022889,unknown,unconfirmed_candidate,orthorhombic,,-2.6966037469102737,-6.084837093658541
mp-764792,unknown,unconfirmed_candidate,triclinic,,8.89001430500311,4.645733088863526
mp-1212993,unknown,unconfirmed_candidate,monoclinic,,-16.644787983132204,-1.246117865048241
mp-1201035,unknown,unconfirmed_candidate,orthorhombic,,5.9721391336575,1.5198860607212055
mp-1202387,unknown,unconfirmed_candidate,monoclinic,,9.986992337480372,4.189176450504938
mp-2224731,unknown,unconfirmed_candidate,monoclinic,Fe,1.150010094707806,3.6476188419476365
mp-5757,0,label0,hexagonal,,-7.045386776483557,-1.4167848539162424
mp-1177785,unknown,unconfirmed_candidate,triclinic,,-1.870723644868928,-4.585549607244365
mp-1227115,unknown,unconfirmed_candidate,orthorhombic,,-19.384270657156883,-3.05579021399992
mp-1521476,0,label0,cubic,,-2.686694081939489,-10.382471138093596
mp-1196832,unknown,unconfirmed_candidate,triclinic,,-2.7635582450507137,-5.483291937254018
mp-1018028,0,label0,hexagonal,,-8.911871681458226,6.153858307083048
mp-2228832,unknown,unconfirmed_candidate,triclinic,,-5.736935054965336,5.4981201755177125
mp-1102523,unknown,unconfirmed_candidate,orthorhombic,,2.5416484945620823,2.045453286021889
mp-1048889,unknown,unconfirmed_candidate,trigonal,,-5.210445383324625,-1.5498179113909174
mp-768935,unknown,unconfirmed_candidate,triclinic,,-1.614673224031474,-2.868204695751876
mp-755917,unknown,unconfirmed_candidate,triclinic,,11.046570116123513,1.410919253019621
mp-1096384,0,label0,orthorhombic,,6.367161254233437,-5.60606790189839
mp-867137,0,label0,cubic,,3.9850833649031685,-0.42274678142513267
mp-1180005,unknown,unconfirmed_candidate,cubic,,-8.281287026660625,-9.404878119894134
mp-1235588,0,label0,orthorhombic,,-1.3771324312052862,-6.850269127086541
mp-1205210,unknown,unconfirmed_candidate,monoclinic,,-9.869897573243353,-5.942603593537216
mp-671861,unknown,unconfirmed_candidate,triclinic,,2.4241156458713817,-3.1249297838428944
mp-5700,0,label0,orthorhombic,,10.373064968453619,0.3655233736421444
mp-757204,unknown,unconfirmed_candidate,orthorhombic,,1.1971291812144074,-3.392933336198892
mp-27226,unknown,unconfirmed_candidate,orthorhombic,,8.309762169847216,-1.7463097944331771
mp-975784,0,label0,tetragonal,,7.497722329505935,-0.5035029167274203
mp-18595,unknown,unconfirmed_candidate,orthorhombic,,1.0920522916453343,-2.0520874537396523
mp-1105000,0,label0,triclinic,,-1.4988722096435083,-5.5224519752430705
mp-1075922,unknown,unconfirmed_candidate,cubic,,-12.738298547382644,5.1194691297110495
mp-1222588,0,label0,monoclinic,,-0.07390952316203325,1.0048629447106912
mp-1220854,unknown,unconfirmed_candidate,triclinic,,-10.76617297727288,-1.230600772435455
mp-1180189,0,label0,trigonal,,-20.607351990159614,-3.7042454294016807
mp-1111381,0,label0,cubic,,2.4785437326332307,0.18506183610595173
mp-1235399,0,label0,monoclinic,,-7.311520958997562,-2.3924572291996924
mp-30192,unknown,unconfirmed_candidate,orthorhombic,,-2.441300221479487,2.8412478080940176
mp-558139,0,label0,hexagonal,,-8.721961820441312,-2.4670730942675476
mp-2563,0,label0,cubic,,7.8314057516730475,-4.055214184945893
mp-1194646,unknown,unconfirmed_candidate,orthorhombic,,8.523619348573495,4.296187766186652
mp-764927,0,label0,triclinic,,-1.3065212496944767,-6.656389231198672
mp-627355,unknown,unconfirmed_candidate,orthorhombic,,2.839703807342751,3.9835887091557574
mp-764470,unknown,unconfirmed_candidate,triclinic,,7.812075666133106,3.872209741730778
mp-3587,0,label0,tetragonal,,10.059820087499624,2.8589627374159896
mp-861481,0,label0,cubic,,9.799716652071883,-0.30005399799978605
mp-2229305,unknown,unconfirmed_candidate,triclinic,,3.371569614179032,2.7223826372445927
mp-753770,0,label0,triclinic,,-4.5626848919167,-1.2137945752180634
mp-2230588,unknown,unconfirmed_candidate,monoclinic,,4.898156912738575,4.908787002712007
mp-554994,0,label0,monoclinic,,-1.4141295287242635,-5.796009392784864
mp-1187712,0,label0,hexagonal,,18.568459257391996,0.5013421983793656
mp-1233657,unknown,unconfirmed_candidate,triclinic,,12.47303525310872,12.033496292345422
mp-1217810,unknown,unconfirmed_candidate,monoclinic,,-5.892771334039896,3.9302820016903866
mp-2217159,0,label0,triclinic,,11.402503334012305,22.820979408901184
mp-541426,0,label0,trigonal,,-2.4057960657823436,12.143886761866387
mp-1097664,0,label0,orthorhombic,,14.018544769821641,-0.7828579862941183
mp-1225692,unknown,unconfirmed_candidate,tetragonal,,1.8045900582251413,-6.026667207081285
mp-1522918,unknown,unconfirmed_candidate,orthorhombic,,-13.233241663404911,-6.71399232612224
mp-1186389,0,label0,cubic,,14.735696196664428,5.883257845449094
mp-762996,unknown,unconfirmed_candidate,orthorhombic,,16.38753785264791,17.768245280109912
mp-974973,unknown,unconfirmed_candidate,cubic,,12.971695100597675,-2.8877662528501844
mp-1213140,unknown,unconfirmed_candidate,orthorhombic,,-14.018164766998993,-4.337311157559155
mp-11143,unknown,unconfirmed_candidate,tetragonal,,9.18749793585177,-2.006492652304301
mp-22599,1,label1,orthorhombic,Co;Nd,-0.8211289467684644,-3.7051431613925345
mp-1209389,0,label0,monoclinic,,-14.821152877952663,-7.101821557436361
mp-1028119,0,label0,orthorhombic,,-4.322139667484457,1.8932679190922066
mp-1211241,unknown,unconfirmed_candidate,monoclinic,,-10.447928648583687,-2.0200952239990375
mp-1577282,unknown,unconfirmed_candidate,triclinic,,3.8993485653503352,-4.25966528500933
mp-2681,unknown,unconfirmed_candidate,hexagonal,,18.14299742615697,5.77597801104281
mp-3488,unknown,unconfirmed_candidate,monoclinic,,-6.165026330051241,-4.103034938119604
mp-1028329,0,label0,orthorhombic,,-1.8106314583774328,-0.25717563391502907
mp-2228401,unknown,unconfirmed_candidate,triclinic,,15.477041902164567,20.033366164041485
mp-2716106,unknown,unconfirmed_candidate,triclinic,,2.1513637459652024,-3.5845201113659257
mp-1176375,unknown,unconfirmed_candidate,triclinic,,-2.488496640382145,4.266637226802015
mp-28928,0,label0,orthorhombic,,4.583422481711045,-6.566241242674138
mp-12411,0,label0,cubic,,1.6812720538943573,-4.490521847079368
mp-1025320,0,label0,monoclinic,,8.175946120801472,7.004978707275004
mp-1222492,0,label0,monoclinic,,1.2619308211854836,-4.00047534303352
mp-1039631,unknown,unconfirmed_candidate,trigonal,,8.409641169512163,5.0308871356523035
mp-1095867,0,label0,orthorhombic,,-0.23167807402508345,1.037655221155962
mp-769734,unknown,unconfirmed_candidate,orthorhombic,,2.8202368878468462,-0.04401359312493014
mp-1223828,0,label0,trigonal,,5.2191309287090295,-3.3003883607793476
mp-2216849,unknown,unconfirmed_candidate,triclinic,,5.909389518286215,-4.841100191936125
mp-864824,0,label0,cubic,,5.4867403982583305,-4.055892570861552
mp-690607,0,label0,triclinic,,-2.7816070600927603,3.6924881532282754
mp-32516,unknown,unconfirmed_candidate,monoclinic,,-6.129081522661441,2.474163027990727
mp-1199194,unknown,unconfirmed_candidate,orthorhombic,,1.7813573884747242,-2.5743857801291767
mp-1233725,unknown,unconfirmed_candidate,triclinic,,0.3081078633064429,-2.3120744619440075
mp-9760,unknown,unconfirmed_candidate,tetragonal,,-4.783136400800153,-0.27035871724534744
mp-756812,unknown,unconfirmed_candidate,monoclinic,,-3.8651760082848092,-2.777442319831831
mp-760929,unknown,unconfirmed_candidate,triclinic,,7.632366724119942,2.4601891567482603
mp-1246891,unknown,unconfirmed_candidate,monoclinic,,3.2477753909633797,-3.048620559596655
mp-1188107,unknown,unconfirmed_candidate,tetragonal,,3.9038827594379537,-0.699512368521944
mp-771775,unknown,unconfirmed_candidate,trigonal,,-8.796581809429835,0.629469514060041
mp-1224257,0,label0,tetragonal,,4.161045396407575,1.8094069603110725
mp-2232687,unknown,unconfirmed_candidate,monoclinic,,-14.9813192980357,0.7932017444692328
mp-2216107,unknown,unconfirmed_candidate,triclinic,,-2.9541391144884734,8.394881175669603
mp-25302,0,label0,trigonal,,-1.8041639208310478,-11.274399795053725
mp-849345,unknown,unconfirmed_candidate,orthorhombic,,4.546107120160077,-3.608450708722149
mp-1398496,0,label0,trigonal,,-18.152835498186704,27.218980254367043
mp-1325286,unknown,unconfirmed_candidate,monoclinic,,-5.490587350768376,5.076151470936129
mp-530567,unknown,unconfirmed_candidate,triclinic,,-12.760624620454596,1.3042827659878249
mp-780403,unknown,unconfirmed_candidate,orthorhombic,,9.027213826364129,-6.019247904092111
mp-1207888,unknown,unconfirmed_candidate,hexagonal,,8.986898618834088,-3.584217540029945
mp-1213886,unknown,unconfirmed_candidate,monoclinic,,-12.486229573828453,9.087547841698129
mp-568924,0,label0,tetragonal,,-13.200406779362766,1.8842886567266781
mp-590,unknown,unconfirmed_candidate,hexagonal,,7.547385608437727,0.4995037107688738
mp-1104579,unknown,unconfirmed_candidate,tetragonal,,-8.534560867484,-6.247409229178309
mp-1211113,unknown,unconfirmed_candidate,orthorhombic,,-2.463964999554527,0.21877207522605246
mp-1048601,0,label0,tetragonal,,-10.63632090161494,-8.808969626309711
mp-1222365,0,label0,trigonal,,2.498702784281843,-0.8808231253291652
mp-973069,0,label0,cubic,,5.706691821299341,-2.319866377641297
mp-755230,unknown,unconfirmed_candidate,monoclinic,,12.144032262172153,7.617646805460392
mp-19396,unknown,unconfirmed_candidate,monoclinic,Fe,-0.4838637858886905,-3.229714936681251
mp-735510,unknown,unconfirmed_candidate,monoclinic,,0.3598115465905778,-1.7755003414702344
mp-1180599,unknown,unconfirmed_candidate,monoclinic,,-6.35029280193768,-8.66836119107622
mp-776580,unknown,unconfirmed_candidate,triclinic,,-2.3058842877938766,-0.1388639687932418
mp-1287942,0,label0,monoclinic,,-17.035634466172354,8.916450442196592
mp-19134,unknown,unconfirmed_candidate,triclinic,,-8.432025963068472,1.8366059233251235
mp-1018177,0,label0,tetragonal,,11.557638826993202,2.3988456579973025
mp-755928,unknown,unconfirmed_candidate,monoclinic,,4.894986417972225,-6.066230643184184
mp-529,0,label0,cubic,,0.8175926223224472,-1.8400291338572021
mp-1078473,unknown,unconfirmed_candidate,triclinic,,8.921237811180609,5.183892264103477
mp-554623,0,label0,monoclinic,,-0.8955909774193103,-1.9266512263916677
mp-1193614,unknown,unconfirmed_candidate,orthorhombic,,10.468124378186015,-4.030616530275674
mp-1196176,unknown,unconfirmed_candidate,orthorhombic,,-8.420459421656695,-4.96631029096833
mp-1021359,unknown,unconfirmed_candidate,orthorhombic,,0.3512057488485709,-0.960684507527457
mp-18673,unknown,unconfirmed_candidate,orthorhombic,,1.5173350696840373,2.4736644342999234
mp-1227245,0,label0,hexagonal,,16.632354562560856,4.463228635204516
mp-1214593,unknown,unconfirmed_candidate,orthorhombic,,0.39565926372967297,-4.697154051160801
mp-1111941,0,label0,cubic,,-4.553640564884947,3.3846790760832306
mp-1379601,unknown,unconfirmed_candidate,orthorhombic,,-3.3212852948138725,0.5445602394619016
mp-1218618,unknown,unconfirmed_candidate,monoclinic,,7.9955403895667825,-3.880544958651795
mp-705301,unknown,unconfirmed_candidate,monoclinic,,-2.619044649358809,0.9889481826713364
mp-1196380,unknown,unconfirmed_candidate,monoclinic,,-2.2486158990704332,-5.343549188949387
mp-2217822,0,label0,trigonal,,-5.561111441703222,-2.9668142854381347
mp-1101725,unknown,unconfirmed_candidate,triclinic,,-6.354609224325976,2.5408333234167735
mp-1177463,unknown,unconfirmed_candidate,orthorhombic,,-3.8246972651842626,-3.833490373572724
mp-1217515,0,label0,orthorhombic,,6.050421113878,-1.3775724974709842
mp-1233340,unknown,unconfirmed_candidate,triclinic,,2.2459435835180948,-0.868948855692846
mp-1036086,0,label0,orthorhombic,,1.2298614260388376,-1.51597243660067
mp-1210374,unknown,unconfirmed_candidate,orthorhombic,,2.4884140312461653,1.587798829042292
mp-1916,0,label0,cubic,,14.64609310532467,-1.5052661800583014
mp-861654,0,label0,cubic,,6.351008813217133,2.1044875826661205
mp-759311,unknown,unconfirmed_candidate,monoclinic,,-4.138338992167004,9.59716855983967
mp-1174026,unknown,unconfirmed_candidate,monoclinic,,-1.9604386690829152,-6.090702859454165
mp-849459,unknown,unconfirmed_candidate,monoclinic,,2.620024816693551,-4.119824613125575
mp-764900,unknown,unconfirmed_candidate,monoclinic,,11.516518958432886,12.181083035371728
mp-1184196,unknown,unconfirmed_candidate,hexagonal,,10.962728566192553,8.847872922907662
mp-2714447,unknown,unconfirmed_candidate,monoclinic,,-2.102670642214246,-5.174265322459114
mp-2715370,unknown,unconfirmed_candidate,triclinic,,-3.204332212102436,-2.2486943391436736
mp-999257,0,label0,cubic,,-1.2944623178858734,-5.069889713730168
mp-9319,0,label0,cubic,,-15.764264119107345,-2.65852982791176
mp-1246520,unknown,unconfirmed_candidate,monoclinic,,5.515552869108044,-2.061563356185749
mp-1209249,unknown,unconfirmed_candidate,monoclinic,,-2.260581411041379,-10.468822867854104
mp-1027838,0,label0,orthorhombic,,-2.170543273019778,0.39111335321783613
mp-675260,0,label0,triclinic,,-20.22105515853019,3.341373433889661
mp-1688,0,label0,cubic,,8.863383963143454,-4.071930232486464
mp-683791,unknown,unconfirmed_candidate,triclinic,,13.439657634929459,6.386948929489691
mp-1208047,unknown,unconfirmed_candidate,monoclinic,,-5.860361085736994,-2.968672901369528
mp-1226421,unknown,unconfirmed_candidate,monoclinic,,1.8208151197760785,3.471455274139384
mp-1664575,unknown,unconfirmed_candidate,triclinic,,-1.1938558198096807,-3.557826507687512
mp-725062,unknown,unconfirmed_candidate,trigonal,,0.1454015203384884,-5.915112299932149
mp-1247671,unknown,unconfirmed_candidate,monoclinic,,-9.970043177137661,6.997674448503869
mp-26980,unknown,unconfirmed_candidate,orthorhombic,,-0.9778588178143082,-3.460119398985075
mp-755210,unknown,unconfirmed_candidate,monoclinic,,10.073746224662598,4.815577811992156
mp-1095452,0,label0,orthorhombic,,8.041895654211729,5.820997581798611
mp-20673,unknown,unconfirmed_candidate,hexagonal,,16.182120242040543,9.917180680417772
mp-1218984,0,label0,tetragonal,,-3.7564516422930616,-0.09846322883670311
mp-1194676,0,label0,monoclinic,,-3.697223268828001,-2.0350777986980546
mp-1068250,0,label0,tetragonal,,20.15759053349176,12.639515644388535
mp-1228921,0,label0,tetragonal,,2.9020279702452925,-3.6233889504874224
mp-780159,unknown,unconfirmed_candidate,monoclinic,,-6.163116778195974,-6.210158359453295
mp-556714,unknown,unconfirmed_candidate,orthorhombic,,1.9086094848422306,-4.121321414733375
mp-1045482,unknown,unconfirmed_candidate,orthorhombic,,-8.982887334801262,-3.481041018809236
mp-1196718,unknown,unconfirmed_candidate,monoclinic,,-6.401432381035427,-4.936080487321439
mp-1220035,0,label0,trigonal,,3.1844697406801483,8.295292530364595
mp-1224028,unknown,unconfirmed_candidate,orthorhombic,,-3.380125303891578,-7.129644527280377
mp-1101664,unknown,unconfirmed_candidate,triclinic,,-2.393171756813203,0.4411640307449396
mp-772545,unknown,unconfirmed_candidate,orthorhombic,,-5.032067532163097,-4.932128027037939
mp-3824,unknown,unconfirmed_candidate,hexagonal,,9.785681169723592,5.801575502760876
mp-1228399,unknown,unconfirmed_candidate,trigonal,,-6.650126268700511,-5.696840541195185
mp-757319,unknown,unconfirmed_candidate,orthorhombic,,-4.3024807930814575,1.0003190619158744
mp-2220659,unknown,unconfirmed_candidate,monoclinic,,14.107037592828888,16.555028434123546
mp-1077081,0,label0,orthorhombic,,-2.416344174567154,-7.024348982965478
mp-1079012,unknown,unconfirmed_candidate,tetragonal,,1.4781624418036081,-2.8516994328546215
mp-756081,unknown,unconfirmed_candidate,monoclinic,,-3.527196156106495,-0.878733520800985
mp-752517,unknown,unconfirmed_candidate,monoclinic,,-5.064083898516049,-1.000060081161397
mp-1028334,0,label0,orthorhombic,,-6.7760377249120936,4.2732121563333045
mp-781672,unknown,unconfirmed_candidate,monoclinic,,-5.820484693337317,-5.667376163914524
mp-21251,0,label0,tetragonal,,-2.2636210001285164,-1.1058032708070336
mp-1187316,0,label0,tetragonal,,7.774931401552331,18.353516157630995
mp-2230710,unknown,unconfirmed_candidate,orthorhombic,,0.5801192618827784,0.6188075841136218
mp-1200627,unknown,unconfirmed_candidate,orthorhombic,,12.622151880102372,8.37146824518915
mp-504877,unknown,unconfirmed_candidate,orthorhombic,,-14.015080508761386,-4.333649076127472
mp-32833,unknown,unconfirmed_candidate,triclinic,,7.322402145854314,-3.0798527886221265
mp-1197964,0,label0,monoclinic,,-2.370227240076158,-1.7161230782754142
mp-780216,unknown,unconfirmed_candidate,triclinic,,-0.5919329764144798,-7.778231808713109
mp-1247215,0,label0,monoclinic,,-8.855688227074832,-0.9386011087492392
mp-608655,unknown,unconfirmed_candidate,tetragonal,,-2.0002266331217946,-6.759993614189661
mp-25837,unknown,unconfirmed_candidate,monoclinic,,-0.5851368284570668,-3.1024776776521996
mp-21011,unknown,unconfirmed_candidate,cubic,,10.554928965504452,1.7739572296498771
mp-1225542,unknown,unconfirmed_candidate,triclinic,,-1.6120591387193564,9.379090383873177
mp-2227254,unknown,unconfirmed_candidate,monoclinic,,-10.895956189160213,2.639869985619267
mp-2230242,unknown,unconfirmed_candidate,triclinic,,5.859595538842186,2.476512598016683
mp-541294,unknown,unconfirmed_candidate,hexagonal,,11.606973087505896,-2.310322075206818
mp-1393408,0,label0,tetragonal,,5.698730935338846,-4.693849332907291
mp-1101756,0,label0,tetragonal,,-10.016141672158547,-6.25340504805018
mp-1247345,unknown,unconfirmed_candidate,monoclinic,,5.153148308108319,3.593255984936242
mp-1224202,0,label0,triclinic,,6.05390980500281,-5.255323120959682
mp-780322,unknown,unconfirmed_candidate,monoclinic,,-9.641460754546173,-4.29002735571464
mp-1184710,0,label0,tetragonal,,13.74570217151135,12.03055637860653
mp-2228787,unknown,unconfirmed_candidate,monoclinic,,-5.421563485093749,-3.455412895457643
mp-2715888,unknown,unconfirmed_candidate,triclinic,,-2.1769372923838617,-6.111870516584309
mp-540439,0,label0,triclinic,,-0.4810262897599351,-3.0089210243696947
mp-7477,0,label0,trigonal,,2.716897185237247,-3.2662297322644296
mp-757416,unknown,unconfirmed_candidate,triclinic,,2.2004594556706145,7.4193215305698885
mp-1105755,unknown,unconfirmed_candidate,tetragonal,,2.1159774018946145,1.6394514011326429
mp-1215281,unknown,unconfirmed_candidate,orthorhombic,,16.230369339208373,1.999050265572194
mp-555161,unknown,unconfirmed_candidate,monoclinic,,0.887166641948653,14.199545380238053
mp-18330,0,label0,trigonal,,-1.1929013697286095,0.24940155067282888
mp-720230,unknown,unconfirmed_candidate,triclinic,,-3.4871014347696594,-0.40999286640995436
mp-1229199,unknown,unconfirmed_candidate,tetragonal,,10.515167742411696,12.251621878683718
mp-2219010,unknown,unconfirmed_candidate,triclinic,,-4.943835162057841,9.049549765582423
mp-1022647,unknown,unconfirmed_candidate,orthorhombic,,-1.118366174473568,-1.5168079637385183
mp-7698,0,label0,tetragonal,,1.0622395310459645,-8.473836037257085
mp-11446,0,label0,cubic,,15.59363230923464,10.164402640669145
mp-1041919,unknown,unconfirmed_candidate,monoclinic,,-4.178363760394927,-5.078437316162914
mp-2223159,unknown,unconfirmed_candidate,monoclinic,,8.259475104985952,1.4131601064418575
mp-753976,unknown,unconfirmed_candidate,tetragonal,,1.433226619042749,-5.613295671994829
mp-776983,unknown,unconfirmed_candidate,monoclinic,,13.130913337550957,12.088757278946588
mp-1208369,unknown,unconfirmed_candidate,monoclinic,,-18.06617514781557,15.802764662552395
mp-1201050,unknown,unconfirmed_candidate,tetragonal,,-2.7399895759750734,-10.224731574570177
mp-510493,unknown,unconfirmed_candidate,hexagonal,,10.388362185625407,1.0141961629578766
mp-977570,unknown,unconfirmed_candidate,cubic,,11.126413235648347,3.381858285035566
mp-756665,unknown,unconfirmed_candidate,monoclinic,,2.1336897100152683,-3.6602406485445442
mp-744239,unknown,unconfirmed_candidate,monoclinic,,-8.71332322885078,2.4914206588361623
mp-1183870,0,label0,tetragonal,,-24.04886356041549,26.467997292656026
mp-1436662,0,label0,cubic,,-4.59780263860922,3.1031223619240897
mp-764505,unknown,unconfirmed_candidate,monoclinic,,-1.3429484349682355,6.469787063522329
mp-12642,0,label0,cubic,,-8.004211268128689,-6.708173078240577
mp-861657,0,label0,cubic,,3.5925029362085468,-3.508347443972964
mp-1189635,0,label0,triclinic,,6.210478245813743,0.7326146386147947
mp-1233591,0,label0,monoclinic,,9.988403818543103,1.0201981851102744
mp-973926,unknown,unconfirmed_candidate,monoclinic,,-1.2139611547917468,0.1584295267197291
mp-19135,unknown,unconfirmed_candidate,monoclinic,,-0.255889336711558,2.5540784371501317
mp-758100,unknown,unconfirmed_candidate,monoclinic,,2.2379865399415095,-3.5337896205547885
mp-546027,unknown,unconfirmed_candidate,trigonal,Cr,2.485264642980642,-4.970856549023631
mp-1031392,0,label0,tetragonal,,-10.813166293229326,4.996547620002421
mp-1102313,unknown,unconfirmed_candidate,orthorhombic,,7.473637117191952,7.043343194320659
mp-1043634,unknown,unconfirmed_candidate,tetragonal,,4.218597492053727,1.7090094634085773
mp-1025102,0,label0,hexagonal,,-4.48069231041816,0.16805653759680084
mp-672275,0,label0,cubic,,-1.703942422854066,-1.203185052306015
mp-1235088,0,label0,tetragonal,,5.105146666862103,-4.038315511105724
mp-561428,1,label1,trigonal,Ni,2.561028138475365,2.930347583733642
mp-1174804,0,label0,triclinic,,-1.9408181463818224,-6.26030952548372
mp-1216077,0,label0,orthorhombic,,2.538794409684261,-3.3618153881392896
mp-1212822,unknown,unconfirmed_candidate,cubic,,-8.478762745341285,-9.421663720419286
mp-26477,0,label0,tetragonal,,1.413507569481709,-4.331696461190685
mp-757447,unknown,unconfirmed_candidate,orthorhombic,,-3.4853127976236387,5.418057328899806
mp-865967,unknown,unconfirmed_candidate,cubic,,7.841973332451635,1.4198664798130416
mp-1518836,unknown,unconfirmed_candidate,orthorhombic,,-15.908783619843845,-3.951513807721879
mp-1301120,unknown,unconfirmed_candidate,monoclinic,,-6.333625026007535,-3.6095094474221305
mp-779467,unknown,unconfirmed_candidate,triclinic,,-3.1599106365509364,-0.8142486463552707
mp-757463,unknown,unconfirmed_candidate,monoclinic,,-0.6510095983069633,5.666777158465621
mp-764620,unknown,unconfirmed_candidate,triclinic,,-4.292352583020971,12.681512200928474
mp-1209412,unknown,unconfirmed_candidate,hexagonal,,5.196016349194229,-2.513505250048862
mp-1204537,unknown,unconfirmed_candidate,monoclinic,,-0.21466939897540271,-0.3602567595090207
mp-2231444,unknown,unconfirmed_candidate,monoclinic,,-0.8578996986502077,-0.7084480618853526
mp-18840,0,label0,trigonal,,-5.1268345873794985,-4.32438930223592
mp-1247752,0,label0,monoclinic,,-9.14197850297354,13.182979867012818
mp-557561,unknown,unconfirmed_candidate,triclinic,,-0.4453784015476181,-2.66361081898488
mp-859132,unknown,unconfirmed_candidate,hexagonal,,4.114646722518714,-6.563719342296826
mp-1113739,0,label0,cubic,,5.5592597897422475,-2.563890734493345
mp-707874,unknown,unconfirmed_candidate,trigonal,,10.853887631751642,-5.895614039155328
mp-1212163,unknown,unconfirmed_candidate,monoclinic,,-0.38609615937645714,-2.379390576392632
mp-1273482,unknown,unconfirmed_candidate,triclinic,,0.2437534573825566,4.07898193608078
mp-1212150,unknown,unconfirmed_candidate,monoclinic,,-12.523758643611462,-7.835808399153795
mp-1197468,unknown,unconfirmed_candidate,orthorhombic,,-6.277236320491223,-8.958820714995163
mp-1650354,unknown,unconfirmed_candidate,triclinic,,4.024694988243306,0.0545311123594594
mp-26995,unknown,unconfirmed_candidate,monoclinic,,-0.6499526333906971,-4.072676894021814
mp-772421,unknown,unconfirmed_candidate,triclinic,,-3.7158173818717906,-4.258114820997983
mp-1044349,unknown,unconfirmed_candidate,orthorhombic,,-11.023959678182475,1.8106065062617063
mp-1218095,0,label0,tetragonal,,-10.034419741537203,2.170282818393243
mp-1246304,unknown,unconfirmed_candidate,orthorhombic,,0.11687009907723223,6.237618326621231
mp-1101006,unknown,unconfirmed_candidate,triclinic,,-19.759117052445376,1.0528272392563167
mp-755337,0,label0,triclinic,,-5.092922298420305,-3.3390231126619945
mp-1516532,0,label0,cubic,,-11.22955390007349,-2.8024298156975256
mp-865658,unknown,unconfirmed_candidate,orthorhombic,,0.24826344660467825,0.07695481529998816
mp-1206403,0,label0,cubic,,2.792622616546641,14.138514892839257
mp-2714579,unknown,unconfirmed_candidate,monoclinic,,-2.5904618666640182,-5.356783376442863
mp-567735,unknown,unconfirmed_candidate,tetragonal,,-0.7833892128351252,5.396863143548231
mp-1104703,unknown,unconfirmed_candidate,tetragonal,,5.929569230485582,25.699226193257015
mp-1221848,unknown,unconfirmed_candidate,triclinic,,-0.009498826863389098,-6.381848781793499
mp-556847,0,label0,triclinic,,-12.740407408221536,-0.021075423188285924
mp-1225704,0,label0,trigonal,,0.6620936704308527,-3.468775993710995
mp-1223260,unknown,unconfirmed_candidate,orthorhombic,,1.6872679443203396,-5.6118237488632
mp-759536,unknown,unconfirmed_candidate,triclinic,,12.750300484927106,7.56878153378414
mp-1209466,unknown,unconfirmed_candidate,monoclinic,,-8.922676993383114,-10.540536325032148
mp-1212743,unknown,unconfirmed_candidate,orthorhombic,,6.825106951487115,-5.127150812460295
mp-1205763,0,label0,hexagonal,,-1.5334990036070941,-3.262413669999189
mp-1235260,unknown,unconfirmed_candidate,monoclinic,,-7.583901097368464,-1.2695530755154927
mp-15336,unknown,unconfirmed_candidate,orthorhombic,,3.243889147483239,-4.318654191086617
mp-764991,unknown,unconfirmed_candidate,triclinic,,-3.7008584743884576,-0.0727640848134179
mp-555827,unknown,unconfirmed_candidate,orthorhombic,,3.20962399006331,-0.1768351919240061
mp-1200402,unknown,unconfirmed_candidate,tetragonal,,2.3438222661199646,0.9092951842722705
mp-1105567,unknown,unconfirmed_candidate,orthorhombic,,1.7264933501277717,0.6452777188299237
mp-561403,unknown,unconfirmed_candidate,triclinic,,-13.924263805857954,-2.126462695025353
mp-1208146,unknown,unconfirmed_candidate,orthorhombic,,-0.4339067199882223,5.207663664455204
mp-560363,0,label0,triclinic,,-1.0584293575437194,-4.702841051308896
mp-1216408,0,label0,monoclinic,,11.383361457584122,-2.455873944483063
mp-1233184,unknown,unconfirmed_candidate,triclinic,,-4.115144344238399,-3.3002731455667185
mp-1045695,unknown,unconfirmed_candidate,triclinic,,-1.0073841931184688,10.487669182843952
mp-2230038,0,label0,monoclinic,,-0.13811963228751623,-6.014805417579829
mp-1006056,0,label0,cubic,,6.889927947199036,-1.0205242540981168
mp-1385211,0,label0,triclinic,,1.138432032764161,-2.8258292336178794
mp-21149,0,label0,tetragonal,,-16.185790561970727,-5.6814247953766195
mp-1028292,0,label0,hexagonal,,-3.3465665950508807,-1.6916999555394927
mp-760323,0,label0,monoclinic,,-18.66246045700656,-0.22036267645825447
mp-1223054,0,label0,tetragonal,,6.03303247888485,2.83418128723844
mp-1208094,unknown,unconfirmed_candidate,orthorhombic,,-1.4860736687158926,-5.852118146556505
mp-2218256,0,label0,trigonal,,-15.319151247973203,-2.254592390645497
mp-660213,unknown,unconfirmed_candidate,triclinic,,-1.3730766171533517,-1.580219228316981
mp-655656,unknown,unconfirmed_candidate,orthorhombic,,-5.901964756950807,-1.1823174551223694
mp-1212892,unknown,unconfirmed_candidate,cubic,,8.006304118504481,2.997569614640657
mp-756549,unknown,unconfirmed_candidate,tetragonal,,-15.119106453541676,31.66525024161106
mp-1177169,unknown,unconfirmed_candidate,triclinic,,-3.9577124458002615,-0.08779600520507103
mp-1204900,unknown,unconfirmed_candidate,tetragonal,,6.099501226985179,-1.5045973420834642
mp-1359472,unknown,unconfirmed_candidate,monoclinic,,-1.1965402014473163,-3.544399517270529
mp-10989,0,label0,trigonal,,6.818419004116352,-3.993481019867314
mp-616575,unknown,unconfirmed_candidate,tetragonal,,-8.278257689363144,-4.139417276251919
mp-2224753,0,label0,monoclinic,,-0.7461336656993574,-5.52374628788796
mp-765973,unknown,unconfirmed_candidate,orthorhombic,,-2.465260429870959,-4.76758544602488
mp-757773,unknown,unconfirmed_candidate,triclinic,,-8.471872093981371,-3.7794930489607346
mp-1207491,unknown,unconfirmed_candidate,orthorhombic,,-3.4602924586374364,-7.9950616374308225
mp-1105530,0,label0,monoclinic,,-0.39125349702451473,-2.7332039920238973
mp-775489,0,label0,trigonal,,-2.8195940057132205,6.2024982478889115
mp-1299412,unknown,unconfirmed_candidate,triclinic,,6.013017938088112,-4.3326508319099375
mp-10532,unknown,unconfirmed_candidate,tetragonal,,4.701952085087202,0.9082018226922273
mp-20962,0,label0,cubic,,9.818687907900417,-5.920193102311899
mp-1046092,unknown,unconfirmed_candidate,monoclinic,,-1.3535060059299653,-5.595650459357088
mp-1520689,unknown,unconfirmed_candidate,tetragonal,,-11.084469643784026,-1.7127762940243496
mp-1097610,0,label0,orthorhombic,,7.514610362915963,-3.384125351289983
mp-2218852,unknown,unconfirmed_candidate,trigonal,,-5.337165273501316,-5.786732601521935
mp-1225860,unknown,unconfirmed_candidate,monoclinic,,1.21415481476458,-5.061015993017728
mp-756459,unknown,unconfirmed_candidate,monoclinic,,1.1413142052494578,0.13781911501278898
mp-556399,unknown,unconfirmed_candidate,monoclinic,,-3.0527140005661764,-6.338164705106175
mp-558690,0,label0,orthorhombic,,-0.32683425521823395,-6.044778354090134
mp-559094,unknown,unconfirmed_candidate,monoclinic,,2.2004130422774324,-2.849563289730055
mp-756133,unknown,unconfirmed_candidate,triclinic,,18.83459142616329,19.539471797000598
mp-1018048,0,label0,orthorhombic,,10.830127438848693,0.4982262857901816
mp-863681,0,label0,cubic,,-6.318554865928167,0.2666902080018936
mp-1207849,0,label0,tetragonal,,11.686239139244218,15.331360254672273
mp-1079796,unknown,unconfirmed_candidate,cubic,,1.5915173719968827,-1.6170901822876296
mp-1191505,unknown,unconfirmed_candidate,monoclinic,,-3.8292279166062,-9.620515330351362
mp-1092248,0,label0,hexagonal,,2.679310951684897,3.0268193444820746
mp-654801,0,label0,triclinic,,6.371968046925787,-2.6324000112861334
mp-849620,unknown,unconfirmed_candidate,triclinic,,-4.707824976049121,11.39744735578357
mp-1077563,0,label0,orthorhombic,,-0.10250431114834768,-3.2579268892750157
mp-2217296,unknown,unconfirmed_candidate,triclinic,,-19.287321229646672,23.53611859598006
mp-1179796,unknown,unconfirmed_candidate,orthorhombic,,4.867715658462684,-1.2068346215648837
mp-632502,unknown,unconfirmed_candidate,tetragonal,,14.680378039652869,-3.1406033852636384
mp-971705,0,label0,cubic,,-2.6692061841677415,6.089168850915481
mp-1045817,unknown,unconfirmed_candidate,monoclinic,,-3.5494114430409667,14.58864616092633
mp-1096157,0,label0,orthorhombic,,0.22806920066072678,-2.750603822005395
mp-1097266,0,label0,orthorhombic,,-1.4775757692058278,-3.0202709630500078
mp-1173227,unknown,unconfirmed_candidate,triclinic,,-6.532430263721089,-3.96755942769102
mp-7707,0,label0,tetragonal,,14.105355943827012,-0.05205657610745362
mp-849623,unknown,unconfirmed_candidate,monoclinic,,-0.663048691962107,-4.421245803076756
mp-1001017,0,label0,cubic,,8.345191667382952,-4.892874818606579
mp-850989,unknown,unconfirmed_candidate,triclinic,,9.439221636706694,7.217482689241525
mp-1192764,unknown,unconfirmed_candidate,monoclinic,,5.357242950735829,-4.020193754133945
mp-1021972,unknown,unconfirmed_candidate,orthorhombic,,0.4484696077051815,0.07722065525805277
mp-850739,unknown,unconfirmed_candidate,triclinic,,18.392588508281943,18.229589285602
mp-1213392,0,label0,orthorhombic,,-3.9181190769053025,-8.686155372203856
mp-1192982,unknown,unconfirmed_candidate,monoclinic,,1.402650447792535,-1.8644079316700157
mp-1272285,unknown,unconfirmed_candidate,triclinic,,-4.220029577353468,-5.896189130058135
mp-1027862,0,label0,orthorhombic,,-1.9750971044138268,0.001904212144456352
mp-1520256,unknown,unconfirmed_candidate,orthorhombic,,-23.117801782239702,-0.3877401941738654
mp-558871,unknown,unconfirmed_candidate,orthorhombic,,6.052211697708609,12.781478099789854
mp-1096349,0,label0,orthorhombic,,1.668430782436662,-2.6434706699069004
mp-1187905,0,label0,cubic,,-8.593140279351033,-7.336623701319228
mp-758751,unknown,unconfirmed_candidate,triclinic,,-3.511103092765456,3.9982604224716454
mp-1222756,unknown,unconfirmed_candidate,monoclinic,,3.702264991577211,1.31451349331968
mp-1197924,unknown,unconfirmed_candidate,orthorhombic,,7.408519285873377,-5.228893127320708
mp-1212749,unknown,unconfirmed_candidate,hexagonal,,-17.794920854476786,-1.087613002741385
mp-1006245,0,label0,cubic,,5.669853860009226,11.093444213702572
mp-567322,unknown,unconfirmed_candidate,orthorhombic,,8.26154665810633,-4.613114854917077
mp-2225985,unknown,unconfirmed_candidate,triclinic,,6.598302924473316,18.409457278493537
mp-1228918,unknown,unconfirmed_candidate,tetragonal,,9.218692185229939,-5.139662162983154
mp-1187224,0,label0,cubic,,13.703384368646697,1.7855039642846506
mp-760080,0,label0,triclinic,,-8.531144591366683,-4.502601808948411
mp-774316,unknown,unconfirmed_candidate,monoclinic,,3.5984286868953443,1.1558324225760082
mp-26387,unknown,unconfirmed_candidate,orthorhombic,,-0.8090939464129185,7.045061415385547
mp-755389,0,label0,trigonal,,-27.088913260432534,24.154643449845697
mp-1439,unknown,unconfirmed_candidate,orthorhombic,,-7.791338557774132,-6.763267745478608
mp-2229293,0,label0,triclinic,,-1.6270600307064136,-7.57944117309172
mp-1072192,0,label0,hexagonal,,-6.500816067248152,-2.710995617640286
mp-1223824,unknown,unconfirmed_candidate,hexagonal,,18.62813348009564,10.890722840237338
mp-774710,unknown,unconfirmed_candidate,triclinic,,7.136924502049769,0.12898984676460756
mp-705430,unknown,unconfirmed_candidate,trigonal,,-11.989594506382907,-4.299254939096226
mp-6599,unknown,unconfirmed_candidate,orthorhombic,,1.9225269669943756,-6.4811192404974385
mp-755680,unknown,unconfirmed_candidate,triclinic,,-0.7151052365753081,-8.394471241220515
mp-1179703,unknown,unconfirmed_candidate,monoclinic,,-0.13000222861847988,-4.928237064710231
mp-1213732,0,label0,tetragonal,,8.18089169927266,0.6987595616804825
mp-865981,0,label0,cubic,,-4.0165369769390615,10.092975798669642
mp-571015,unknown,unconfirmed_candidate,orthorhombic,,2.952583265898756,0.6673645136073887
mp-10634,0,label0,cubic,,-3.5822725384307503,12.233671018826946
mp-558909,unknown,unconfirmed_candidate,monoclinic,,-11.26026728966395,-2.1858121790398712
mp-2219361,unknown,unconfirmed_candidate,trigonal,,-8.433816353160964,4.099447769877244
mp-1046733,0,label0,triclinic,,-17.976920070837167,10.747945261052038
mp-1203799,unknown,unconfirmed_candidate,monoclinic,,-5.024263125128996,-9.241390833443637
mp-801461,unknown,unconfirmed_candidate,triclinic,,-8.006676018727376,0.35958897378984744
mp-531201,unknown,unconfirmed_candidate,trigonal,,6.624534390131773,-4.378892095059539
mp-980420,unknown,unconfirmed_candidate,tetragonal,,2.3485134377721657,-0.9924823545324593
mp-626547,unknown,unconfirmed_candidate,triclinic,,-4.703366195836008,-5.6983675556419495
mp-780463,unknown,unconfirmed_candidate,triclinic,,-1.9877377184273861,-4.4099421361670625
mp-10405,0,label0,trigonal,,3.133678815613351,-0.849126049953
mp-1234663,unknown,unconfirmed_candidate,triclinic,,-6.151892831297243,-7.358390413375879
mp-866170,0,label0,cubic,,0.0701142946043305,-1.5626933584432106
mp-18940,0,label0,tetragonal,,-10.005963135052916,9.953733544322407
mp-729046,0,label0,triclinic,,-6.916330529418211,3.4071838706732755
mp-2230048,unknown,unconfirmed_candidate,triclinic,,2.803231408484713,-2.9011869102155625
mp-1228371,unknown,unconfirmed_candidate,monoclinic,,6.779979441996048,2.0018334885929576
mp-650285,unknown,unconfirmed_candidate,orthorhombic,Mn,29.601852098905063,31.51851635249496
mp-971633,unknown,unconfirmed_candidate,hexagonal,,-0.24839349978342895,-6.79704698703673
mp-1217147,unknown,unconfirmed_candidate,monoclinic,,13.27335732994645,-3.6522004399953065
mp-19241,unknown,unconfirmed_candidate,hexagonal,,3.2583222737790347,-1.8190745526052527
mp-862929,0,label0,cubic,,-3.8202061464989328,-1.1299753476754475
mp-1193451,unknown,unconfirmed_candidate,triclinic,,-8.184757853272455,-0.5064395251807419
mp-558481,unknown,unconfirmed_candidate,orthorhombic,,3.0794844146917164,6.295747001860288
mp-1209766,0,label0,cubic,,14.431363274901667,16.092383894564204
mp-542995,unknown,unconfirmed_candidate,cubic,,20.23253912845736,10.60136906603319
mp-540640,unknown,unconfirmed_candidate,monoclinic,,-4.021875221849466,-3.874252424708743
mp-759789,unknown,unconfirmed_candidate,monoclinic,,-3.6280766299951352,-0.06893936084194507
mp-20831,unknown,unconfirmed_candidate,cubic,,14.732918745747455,2.462712977033373
mp-1305278,unknown,unconfirmed_candidate,triclinic,,-10.301231760481745,1.7137041350985527
mp-585354,unknown,unconfirmed_candidate,monoclinic,,-4.980376125731539,-0.32962651120332964
mp-1212046,unknown,unconfirmed_candidate,orthorhombic,,0.438177263234401,-0.2785658328916192
mp-1048352,unknown,unconfirmed_candidate,tetragonal,,-9.946953667659187,31.552285991481558
mp-1186585,0,label0,cubic,,2.3898708131517346,-0.36846560038747356
mp-1190798,unknown,unconfirmed_candidate,trigonal,,5.229169645053599,6.4030967092095565
mp-21145,0,label0,tetragonal,,-5.504803709560335,19.817071781829274
mp-1228386,0,label0,tetragonal,,-11.81577337338641,-8.31337482203487
mp-780295,0,label0,monoclinic,,-0.9091847181931669,-3.2166018334658872
mp-770750,unknown,unconfirmed_candidate,monoclinic,,-3.483434475343188,-5.415498870890044
mp-1195927,0,label0,monoclinic,,9.225111079603739,0.766633491866326
mp-18381,unknown,unconfirmed_candidate,hexagonal,,-13.763235726881419,-2.2934465827885333
mp-8053,0,label0,orthorhombic,,6.845168636233529,-4.243626918323484
mp-24445,unknown,unconfirmed_candidate,monoclinic,,-5.144613657913265,-6.822366667688787
mp-1187559,0,label0,hexagonal,,7.360236572182023,2.033196683228134
mp-772148,0,label0,triclinic,,3.272047024703623,-5.333176376407414
mp-1444174,0,label0,trigonal,,5.382605458901882,0.013818998742031852
mp-1360010,0,label0,monoclinic,,-2.7275166614098616,9.658805529028083
mp-8695,0,label0,trigonal,,0.07830969039872215,-0.4570524253216348
mp-1186478,0,label0,cubic,,-1.8866460501561626,6.968089958341832
mp-753922,unknown,unconfirmed_candidate,triclinic,,1.5152888788437942,2.1247105802788724
mp-754022,unknown,unconfirmed_candidate,triclinic,,-18.45666021289746,2.8895066860996543
mp-2227250,unknown,unconfirmed_candidate,triclinic,,3.1765635273946504,-1.943782619353021
mp-1205779,0,label0,hexagonal,,6.955841226079324,-3.330274305607725
mp-1219434,unknown,unconfirmed_candidate,hexagonal,,15.231764123888684,7.885060923855747
mp-763931,unknown,unconfirmed_candidate,monoclinic,,10.867307272015799,5.539708602274221
mp-675068,unknown,unconfirmed_candidate,orthorhombic,,4.013905011604493,-5.383582582122958
mp-1246377,unknown,unconfirmed_candidate,hexagonal,,-2.213913278836074,2.9524851838088253
mp-3175,unknown,unconfirmed_candidate,orthorhombic,,-5.699978754777419,-7.0518670456209644
mp-735184,unknown,unconfirmed_candidate,monoclinic,,3.9822988328612414,6.342468311928826
mp-866119,unknown,unconfirmed_candidate,cubic,,4.15594089044518,21.200093819035654
mp-558062,unknown,unconfirmed_candidate,monoclinic,,6.321791751144541,-5.562884538825429
mp-1177195,unknown,unconfirmed_candidate,triclinic,,-5.223345944784764,3.208842900250133
mp-1227028,0,label0,cubic,,-6.025395730396479,3.2156419373949383
mp-774868,unknown,unconfirmed_candidate,triclinic,,1.2217655961205196,-4.811828161045238
mp-1188153,unknown,unconfirmed_candidate,tetragonal,,2.057762099928677,-0.7577786752764624
mp-1031541,0,label0,tetragonal,,-4.331385320005506,4.210278171311625
mp-1519726,unknown,unconfirmed_candidate,cubic,,-4.842116955763565,-7.010723052569711
mp-1198744,unknown,unconfirmed_candidate,orthorhombic,Mn,6.3112402039234095,-6.693770041016085
mp-1111636,0,label0,cubic,,3.4649082737308703,-0.06445553120192216
mp-510418,unknown,unconfirmed_candidate,monoclinic,,-2.2085769423335613,-2.2982077855998
mp-1330351,unknown,unconfirmed_candidate,triclinic,,-8.450967228146009,-4.93525619334552
mp-726272,unknown,unconfirmed_candidate,triclinic,,-1.7987897711023706,-3.4221080982482377
mp-1215424,0,label0,tetragonal,,4.856130861971728,-1.3426704736557564
mp-1176918,unknown,unconfirmed_candidate,triclinic,,-3.626250334426196,0.04247422432324299
mp-2230765,unknown,unconfirmed_candidate,triclinic,,0.1369980840669882,5.449774041241739
mp-19729,unknown,unconfirmed_candidate,hexagonal,,3.4740088849505284,-1.8084107948709214
mp-865788,0,label0,cubic,,-8.50076020852784,1.029870027239241
mp-1191394,0,label0,orthorhombic,,-0.20295131196104066,-1.6691900385259721
mp-5121,unknown,unconfirmed_candidate,monoclinic,,1.2319959818637791,-9.184630162668322
mp-763315,unknown,unconfirmed_candidate,orthorhombic,,10.594012692677852,8.91657207067787
mp-560544,unknown,unconfirmed_candidate,cubic,,-3.6393603221527435,-5.222702590657624
mp-29160,unknown,unconfirmed_candidate,monoclinic,,4.64824609385785,-5.067830373975845
mp-1097166,0,label0,orthorhombic,,-4.686066164170434,-0.8794653018083096
mp-1302676,unknown,unconfirmed_candidate,triclinic,,-10.561238979275188,3.152476018017744
mp-1095931,0,label0,orthorhombic,,-5.3551682106205405,4.821101075259133
mp-1185046,0,label0,cubic,,9.036517914942035,-1.6510505699244113
mp-1221763,0,label0,tetragonal,,4.1472072260370325,-7.16220194239029
mp-1196906,unknown,unconfirmed_candidate,orthorhombic,,10.212476908001964,2.6716882569530043
mp-972116,0,label0,cubic,,-10.352111044939313,27.359711840999726
mp-2219157,unknown,unconfirmed_candidate,trigonal,,-0.9322386744933979,-6.292609784333315
mp-766811,unknown,unconfirmed_candidate,monoclinic,,-7.042847030905637,0.09559727183264499
mp-11034,unknown,unconfirmed_candidate,trigonal,,-0.02388161744995898,-5.396249357701302
mp-2715737,unknown,unconfirmed_candidate,triclinic,,-0.6147004896647736,-6.283624033664202
mp-775900,unknown,unconfirmed_candidate,orthorhombic,,1.0517458468380632,-4.173663141980434
mp-583985,unknown,unconfirmed_candidate,trigonal,,-3.487470705727244,-3.074417882677281
mp-1176407,unknown,unconfirmed_candidate,monoclinic,,-2.7465165515571073,-2.1317835199307407
mp-1099079,0,label0,orthorhombic,,-6.1794116097315595,5.663060806636359
mp-18610,unknown,unconfirmed_candidate,orthorhombic,,-3.83177087333177,-1.1298155093582025
mp-757719,unknown,unconfirmed_candidate,monoclinic,,-0.5264260371272194,-3.299381996600948
mp-676270,unknown,unconfirmed_candidate,hexagonal,,-1.1521744636309066,8.914657218136107
mp-1236,0,label0,cubic,,7.885379747590214,0.441294002360042
mp-1042391,unknown,unconfirmed_candidate,orthorhombic,,-4.639166415087921,-2.0674664133521823
mp-1232052,unknown,unconfirmed_candidate,orthorhombic,,3.641584520324235,-4.5710774727313925
mp-1210189,unknown,unconfirmed_candidate,orthorhombic,,-5.767914238822051,5.455095647077805
mp-738657,0,label0,triclinic,,0.5931081544708903,-2.3429753990126976
mp-1070662,0,label0,tetragonal,,4.694228850792356,-1.3951420776650902
mp-1210361,unknown,unconfirmed_candidate,monoclinic,,-8.755351690843053,-2.2208551614908583
mp-1401652,0,label0,trigonal,,-2.7461902843960075,-1.5108116143442842
mp-1006256,0,label0,cubic,,10.816452830673235,-3.771946113803555
mp-23283,unknown,unconfirmed_candidate,cubic,,11.551508926030916,0.10433666092753313
mp-669560,0,label0,triclinic,,3.336085649403204,-4.7999602249453766
mp-1220993,0,label0,tetragonal,,-7.508389300828657,-5.350054684290633
mp-755173,unknown,unconfirmed_candidate,triclinic,,3.1433519762267306,-5.3990198971443775
mp-758469,unknown,unconfirmed_candidate,monoclinic,,-3.653302206801378,-1.486169676398358
mp-1201237,unknown,unconfirmed_candidate,hexagonal,,-5.02076593998817,-5.432684937950825
mp-759086,unknown,unconfirmed_candidate,monoclinic,,-12.309403489471663,8.434692250275749
mp-755164,unknown,unconfirmed_candidate,orthorhombic,,2.264064165623786,-1.1073186715530703
mp-676752,unknown,unconfirmed_candidate,triclinic,,1.7861953770006593,2.5064635092980616
mp-21323,unknown,unconfirmed_candidate,orthorhombic,,6.421000693647731,1.5206740983031892
mp-24585,unknown,unconfirmed_candidate,orthorhombic,,-0.2241103058097096,-5.023647157146044
mp-1218545,unknown,unconfirmed_candidate,monoclinic,,-6.760739475381413,-3.6276891827700037
mp-768947,0,label0,triclinic,,3.4267337160945583,-7.281449556470964
mp-1187293,0,label0,cubic,,-7.572747479043549,-0.5664222980826956
mp-1223255,0,label0,orthorhombic,,-3.9372526533023553,-6.728607814204272
mp-20071,0,label0,cubic,,14.885345197349416,-2.953498542306754
mp-1392653,unknown,unconfirmed_candidate,monoclinic,,-1.2074625561054226,2.4266278205603307
mp-25424,0,label0,trigonal,,-11.410659326800062,-3.504982215450088
mp-1173526,unknown,unconfirmed_candidate,hexagonal,Ni,7.282680258574814,-2.681781556897711
mp-979433,unknown,unconfirmed_candidate,cubic,,11.044451810033962,-2.580992835384855
mp-1184165,0,label0,cubic,,7.78686388452946,12.28031119881171
mp-1100536,0,label0,triclinic,,3.5139330417287216,-7.165190905172482
mp-560093,unknown,unconfirmed_candidate,orthorhombic,,6.445042827520597,1.2023274316045196
mp-1097197,0,label0,orthorhombic,,16.628058117557487,-2.9933994774760517
mp-1078576,unknown,unconfirmed_candidate,tetragonal,,4.976757620548167,-7.322596060108955
mp-1372050,unknown,unconfirmed_candidate,monoclinic,,-13.175884272190551,7.389535384392353
mp-2713156,0,label0,triclinic,,-1.430217080901297,-3.5056047783925575
mp-972957,0,label0,cubic,,3.216205259098892,-0.48898437440943354
mp-14044,unknown,unconfirmed_candidate,cubic,,1.9755230869935119,-0.3009028687052471
mp-1367439,unknown,unconfirmed_candidate,orthorhombic,,-6.377939230793963,3.7438055920137714
mp-610687,unknown,unconfirmed_candidate,monoclinic,,5.513051183233763,-0.23408085829855096
mp-21010,unknown,unconfirmed_candidate,orthorhombic,,4.430670186510454,0.3008653641657766
mp-1042220,0,label0,tetragonal,,3.737425913335054,-1.0233709104930142
mp-851256,unknown,unconfirmed_candidate,triclinic,,-3.3652000286934722,-1.3517606678712717
mp-1110761,0,label0,cubic,,-0.759171888023662,0.14224729779799716
mp-1077386,0,label0,orthorhombic,,9.346933077559415,0.0855006157308047
mp-1185092,0,label0,cubic,,5.518531893997563,-1.6892058297613968
mp-773431,0,label0,monoclinic,,-3.4068971944615285,4.0710661956556145
mp-754355,unknown,unconfirmed_candidate,monoclinic,,-6.078749795702503,-2.5534468625210014
mp-1022079,unknown,unconfirmed_candidate,orthorhombic,,-0.3055864914645383,-3.552274942225047
mp-532212,unknown,unconfirmed_candidate,trigonal,,-15.413544596418404,0.043673850965959105
mp-1022818,unknown,unconfirmed_candidate,orthorhombic,,-4.938447896659348,5.822556740741124
mp-707110,unknown,unconfirmed_candidate,triclinic,,6.7667580736833255,9.635524567367646
mp-1043146,unknown,unconfirmed_candidate,triclinic,,-2.7345137234288615,6.249257230595553
mp-762012,unknown,unconfirmed_candidate,triclinic,,-5.601195989623346,6.675187582688718
mp-979983,0,label0,hexagonal,,6.214587939242154,-2.8585678127820557
mp-761279,unknown,unconfirmed_candidate,triclinic,,1.500180751921114,-5.257773810791871
mp-1187637,0,label0,tetragonal,,-33.92351945993687,23.90962504364256
mp-1072802,0,label0,hexagonal,,12.900842807481872,5.031210604197405
mp-1212385,unknown,unconfirmed_candidate,orthorhombic,,-7.0544683820215255,4.272499101994292
mp-1275120,unknown,unconfirmed_candidate,triclinic,,1.002631018987529,-2.8025860473413555
mp-1228928,0,label0,monoclinic,,9.224334384132547,0.6114344701279251
mp-1031798,0,label0,tetragonal,,-9.379712417710515,4.886819980648241
mp-1233139,unknown,unconfirmed_candidate,orthorhombic,,-4.8245830137751184,0.532268107029573
mp-20814,0,label0,tetragonal,,-2.8714374524969664,-2.9070768306863606
mp-1333124,unknown,unconfirmed_candidate,hexagonal,,2.2936415167548247,-2.1534555596266145
mp-1193728,unknown,unconfirmed_candidate,orthorhombic,,-31.679479752110815,19.02586358992205
mp-1344975,0,label0,triclinic,,4.05030696255775,-5.457839814570756
mp-865334,0,label0,cubic,,7.54054440016232,11.074151220004477
mp-29265,unknown,unconfirmed_candidate,monoclinic,,-6.689818698925166,-10.077819848416452
mp-6972,0,label0,trigonal,,5.016661347812057,3.6738778933353196
mp-2225390,unknown,unconfirmed_candidate,monoclinic,,2.6225764999314976,-5.558739664410252
mp-766485,unknown,unconfirmed_candidate,triclinic,,-5.702806273329763,7.5401406147641445
mp-640067,unknown,unconfirmed_candidate,orthorhombic,,6.333977580207042,-4.100890195686681
mp-1186773,0,label0,cubic,,14.264549760168368,0.2617417900346375
mp-1235459,unknown,unconfirmed_candidate,triclinic,,2.852098056984296,-6.404320678365185
mp-640562,unknown,unconfirmed_candidate,cubic,,-8.469254591585038,3.8367611930580345
mp-7236,0,label0,cubic,,17.791810120259534,10.415901296857164
mp-1184134,0,label0,cubic,,11.311614668272767,6.099014716329798
mp-1041004,unknown,unconfirmed_candidate,trigonal,,-5.5301220174081855,-1.570815672642878
mp-1516567,0,label0,cubic,,-7.380386122173952,4.749559208636317
mp-2224794,0,label0,triclinic,,-0.3394445003712647,12.550920723091242
mp-17389,unknown,unconfirmed_candidate,hexagonal,,2.379138501712344,1.5836968419946515
mp-763331,unknown,unconfirmed_candidate,orthorhombic,,-11.562462178062678,7.374230153696953
mp-1018818,0,label0,tetragonal,,-1.323049122797869,6.180529581628321
mp-1081,0,label0,monoclinic,,-4.708571769670421,6.966462626714293
mp-1226001,0,label0,trigonal,,2.5744198585036173,-4.449531349473482
mp-795621,0,label0,monoclinic,,-19.101114095085876,-5.503058718545882
mp-1207445,unknown,unconfirmed_candidate,hexagonal,,14.882252380753812,-5.126847078351192
mp-765498,unknown,unconfirmed_candidate,orthorhombic,,12.39164901808395,6.689939946091631
mp-1207760,0,label0,tetragonal,,3.931471597312722,1.8445703224002514
mp-2230375,unknown,unconfirmed_candidate,triclinic,,12.081944475185892,20.744109692427646
mp-1226847,unknown,unconfirmed_candidate,tetragonal,,-19.043260097070238,-2.7631920771311798
mp-1233112,unknown,unconfirmed_candidate,triclinic,,0.2650860734953149,-1.1672384831852547
mp-556252,unknown,unconfirmed_candidate,triclinic,,0.6122322953451551,-8.741746376687091
mp-684467,unknown,unconfirmed_candidate,triclinic,,-6.132015178490864,-0.13744219979711758
mp-1177109,unknown,unconfirmed_candidate,triclinic,,-5.573212197346166,2.9605013762715764
mp-1087511,unknown,unconfirmed_candidate,tetragonal,,7.543928821696836,4.61357736754826
mp-1186379,0,label0,cubic,,11.964800490543265,-0.780451506263347
mp-20719,0,label0,hexagonal,,-0.010655448298113157,12.795005854416335
mp-20532,0,label0,tetragonal,,10.285280141255376,2.969586345891255
mp-1042698,unknown,unconfirmed_candidate,orthorhombic,,-0.40894412819600845,-4.43692064695572
mp-1201385,unknown,unconfirmed_candidate,hexagonal,Fe,6.147541583241532,-6.137867397652473
mp-1049253,unknown,unconfirmed_candidate,trigonal,,0.3681357072835745,13.218955182101041
mp-1519973,0,label0,cubic,,-6.5794596331627595,-7.756130744745777
mp-680610,unknown,unconfirmed_candidate,monoclinic,,9.503631325352936,-2.3038910300772866
mp-1199285,unknown,unconfirmed_candidate,monoclinic,,-0.08167715798186848,-4.202255908341041
mp-865515,unknown,unconfirmed_candidate,cubic,,3.0442944931938456,1.7835600018912103
mp-1045800,unknown,unconfirmed_candidate,monoclinic,,-3.788196682935535,5.751891756166113
mp-530444,unknown,unconfirmed_candidate,monoclinic,,-37.44248658537308,19.38245683352351
mp-1079316,0,label0,tetragonal,,0.7881493166148132,5.072508139339963
mp-1232323,0,label0,tetragonal,,16.518662868242235,8.263476590544993
mp-1445738,0,label0,orthorhombic,,3.3581101372295716,10.381554088050347
mp-1519183,0,label0,cubic,,-7.674659012285531,-4.780837114032302
mp-773526,unknown,unconfirmed_candidate,monoclinic,,-3.8706532453791844,-3.298228761988751
mp-1200680,unknown,unconfirmed_candidate,orthorhombic,,-0.5634434357652545,-1.9484227663197498
mp-998160,0,label0,cubic,,2.240891882223888,-0.3196143972217591
mp-1177973,unknown,unconfirmed_candidate,triclinic,,-28.786906828308034,12.662024763313621
mp-1182420,unknown,unconfirmed_candidate,orthorhombic,,-10.828441203376947,0.6752654012367572
mp-849078,0,label0,tetragonal,,9.265250314321143,-5.57710690801699
mp-2715863,unknown,unconfirmed_candidate,triclinic,,-0.7385756243888721,-3.9966984217135515
mp-2234316,unknown,unconfirmed_candidate,monoclinic,,-5.271149776193482,-5.0474882309792335
mp-1244978,unknown,unconfirmed_candidate,triclinic,,-24.244593586191904,2.8113400284053647
mp-1516435,0,label0,cubic,,6.330366515655005,-2.9072366592763856
mp-1212861,unknown,unconfirmed_candidate,orthorhombic,,-7.890722162741344,-1.5010455074608018
mp-1208315,0,label0,orthorhombic,,13.599384396298461,-1.300022052214329
mp-777800,unknown,unconfirmed_candidate,monoclinic,,11.52440268891892,1.6937353876664503
mp-2228830,unknown,unconfirmed_candidate,monoclinic,,-4.181726508757301,1.6580505217518073
mp-849625,unknown,unconfirmed_candidate,monoclinic,,-12.906774184694832,3.7782246365489947
mp-728203,unknown,unconfirmed_candidate,orthorhombic,,2.772625261671621,1.8855444843032743
mp-695496,0,label0,triclinic,,-1.133187294719228,-3.4216489764909515
mp-1180177,unknown,unconfirmed_candidate,orthorhombic,,-8.933780095594194,14.421236610211917
mp-689925,0,label0,cubic,,-3.9453335726211165,8.875018818325795
mp-560468,unknown,unconfirmed_candidate,monoclinic,,-1.3240133951937274,0.4356277767134742
mp-1197736,unknown,unconfirmed_candidate,orthorhombic,,-13.50688722053431,-6.61688052476822
mp-26456,unknown,unconfirmed_candidate,monoclinic,,-2.870539697872619,-2.469112839828229
mp-1271990,unknown,unconfirmed_candidate,cubic,,-4.139880064757264,-2.7764504985785337
mp-1120821,unknown,unconfirmed_candidate,monoclinic,,8.185862194529989,-1.650790432840747
mp-1045021,unknown,unconfirmed_candidate,monoclinic,,-33.06383819288834,13.619269651800884
mp-1229191,unknown,unconfirmed_candidate,monoclinic,,-7.2008624254154725,-2.781586755822044
mp-1187852,unknown,unconfirmed_candidate,monoclinic,,8.340276983019727,-5.541739246245905
mp-1078455,unknown,unconfirmed_candidate,tetragonal,,-9.611658125726006,-10.025501875094214
mp-753966,unknown,unconfirmed_candidate,tetragonal,,9.752356906905248,-6.0795266956125005
mp-849568,unknown,unconfirmed_candidate,triclinic,,-9.671605768804877,1.7055656050114862
mp-1187924,0,label0,cubic,,5.597937569632151,-4.170311981092993
mp-556360,0,label0,trigonal,,7.368953751673418,-2.30938426455201
mp-505066,unknown,unconfirmed_candidate,orthorhombic,,-6.450404636340988,11.500376960433854
mp-9367,0,label0,trigonal,,2.1346597450462177,-4.455351533753145
mp-753147,0,label0,triclinic,,-5.1324517351806875,-0.7708127703427508
mp-1101667,unknown,unconfirmed_candidate,monoclinic,,-2.813444737207128,-2.941746557154481
mp-30528,unknown,unconfirmed_candidate,orthorhombic,,-3.760971357102772,5.890888744389546
mp-1185601,0,label0,cubic,,-2.6896089106608407,0.9113585621000233
mp-758835,unknown,unconfirmed_candidate,cubic,,6.452332686697693,-2.86166461213827
mp-849770,unknown,unconfirmed_candidate,monoclinic,,-1.456747489746494,-1.159334196027391
mp-1219688,0,label0,orthorhombic,,-1.2183596813718012,9.138383666052857
mp-1042026,unknown,unconfirmed_candidate,triclinic,,-3.33048564223828,2.7687533812734344
mp-1279528,unknown,unconfirmed_candidate,triclinic,,-3.0969493510623956,-5.117778983128849
mp-2217881,unknown,unconfirmed_candidate,triclinic,,7.387379750296153,11.024059031010449
mp-754228,0,label0,trigonal,,5.222479773537923,-3.338710055094511
mp-2218348,unknown,unconfirmed_candidate,triclinic,,1.0174545899140526,-1.3056191645929829
mp-1518033,unknown,unconfirmed_candidate,cubic,,-14.20454789365327,-5.453278366240676
mp-1205702,0,label0,cubic,,10.770760355045583,0.8176560157406101
mp-772154,unknown,unconfirmed_candidate,monoclinic,,-5.770720599460727,-0.943044349998722
mp-1445065,unknown,unconfirmed_candidate,monoclinic,,-11.935207348279985,8.99670925561606
mp-1078668,1,label1,trigonal,Ni,7.617873952581517,1.863378633892708
mp-1203732,unknown,unconfirmed_candidate,tetragonal,,10.702681061611097,1.297354551153692
mp-760047,unknown,unconfirmed_candidate,monoclinic,,9.591477080594935,5.866712743537658
mp-2220732,unknown,unconfirmed_candidate,triclinic,,-4.468833942575543,-7.303717410023834
mp-1193844,0,label0,monoclinic,,-0.0571810572909115,-9.710749283490745
mp-554845,unknown,unconfirmed_candidate,tetragonal,,1.530554257529122,-5.247715981502713
mp-1111683,0,label0,cubic,,-13.671484765916382,4.360874896164042
mp-1177506,unknown,unconfirmed_candidate,monoclinic,,0.9508865146974443,-1.0002442310135145
mp-1520089,0,label0,cubic,,5.604016716492069,-3.220182999402244
mp-1211768,unknown,unconfirmed_candidate,hexagonal,,10.944799126096065,1.3224414487492666
mp-1178355,0,label0,tetragonal,,12.165673284560777,2.016455474770723
mp-772242,unknown,unconfirmed_candidate,orthorhombic,,-4.589822760873773,-0.06714450273759809
mp-867218,0,label0,cubic,,4.12610703612329,3.0735814083490283
mp-8763,unknown,unconfirmed_candidate,monoclinic,,9.145411744720427,0.5982852682784561
mp-2232352,unknown,unconfirmed_candidate,orthorhombic,,-4.183703405576441,-4.0942181797396024
mp-505346,unknown,unconfirmed_candidate,trigonal,,-3.501079327316024,1.4049300224216594
mp-1371287,0,label0,triclinic,,-1.8581766709342311,1.9569339938335517
mp-763216,unknown,unconfirmed_candidate,triclinic,,4.533393648487547,3.476433506992251
mp-768149,unknown,unconfirmed_candidate,hexagonal,,-1.2252438806487476,-6.303235030884219
mp-777737,unknown,unconfirmed_candidate,monoclinic,,19.822127501556462,21.39626988034752
mp-569047,0,label0,hexagonal,,5.491809391292625,-0.09503478168506874
mp-867250,unknown,unconfirmed_candidate,cubic,,-2.2522575565591403,-3.6486483548394926
mp-32471,0,label0,triclinic,,-5.78805139345668,1.3748016690716405
mp-1244983,unknown,unconfirmed_candidate,triclinic,,12.308970479900275,11.697348456669076
mp-865685,unknown,unconfirmed_candidate,hexagonal,,12.061940090720757,4.7235995826718735
mp-1225515,0,label0,trigonal,,10.766402738054962,3.4771570645773267
mp-774381,unknown,unconfirmed_candidate,triclinic,,-3.0795765292407644,9.874499023778526
mp-775424,0,label0,triclinic,,-3.401925387688145,-6.359974413130496
mp-1226451,0,label0,hexagonal,,5.652011289848199,-4.852248772875782
mp-1183964,0,label0,trigonal,,4.371279097867497,-3.7927533872465222
mp-861615,unknown,unconfirmed_candidate,orthorhombic,,2.4265143445157165,1.7944007825718558
mp-1190574,unknown,unconfirmed_candidate,orthorhombic,,4.145821379550581,-4.977001486216183
mp-16622,unknown,unconfirmed_candidate,trigonal,,-2.621137920885918,-4.720733036609639
mp-1027902,0,label0,orthorhombic,,-1.9661029611263494,-0.7567341444259448
mp-1336958,unknown,unconfirmed_candidate,triclinic,,-12.241362316824688,1.4849431523187313
mp-765775,unknown,unconfirmed_candidate,orthorhombic,,-2.2091116572523326,-4.838133777178173
mp-11113,0,label0,orthorhombic,,0.17482836514287925,6.328481056934507
mp-754300,0,label0,trigonal,,-1.307421442672407,-6.098249173400699
mp-560476,unknown,unconfirmed_candidate,monoclinic,,-2.0808595219986294,-4.367728036563943
mp-1247347,unknown,unconfirmed_candidate,monoclinic,,5.967399171722661,2.0174856351586605
mp-1246931,0,label0,monoclinic,,-1.657838374748625,-3.2566668456835384
mp-1216942,0,label0,hexagonal,,11.405584376293412,6.605698504787998
mp-1111363,0,label0,cubic,,-10.665358105622705,5.287949197093248
mp-759148,unknown,unconfirmed_candidate,orthorhombic,,-0.3284143267381623,6.102793077535509
mp-756432,0,label0,monoclinic,,1.0073498551222322,-9.590520294431899
mp-767600,unknown,unconfirmed_candidate,monoclinic,,-3.397344150617709,-2.080172362060164
mp-850405,0,label0,trigonal,,5.754202419158082,0.6988533379848185
mp-555896,unknown,unconfirmed_candidate,tetragonal,,14.45635168634729,2.990678093066883
mp-616160,unknown,unconfirmed_candidate,orthorhombic,,10.197138012403704,11.198926862013472
mp-2240071,0,label0,monoclinic,,6.877665851487395,-1.7543594118318229
mp-1187259,0,label0,hexagonal,,3.9513968727798314,-1.8145700797686501
mp-1177918,unknown,unconfirmed_candidate,triclinic,,-12.004481971720516,3.2417598194504365
mp-1194831,unknown,unconfirmed_candidate,monoclinic,,-4.585106629012156,-1.9272794521575474
mp-5787,0,label0,orthorhombic,,7.98821163353222,-2.127884299859213
mp-1214689,unknown,unconfirmed_candidate,cubic,,11.567912439939445,-3.2980936560978886
mp-1225390,unknown,unconfirmed_candidate,monoclinic,,-5.307258742267194,-2.188030454434804
mp-774412,unknown,unconfirmed_candidate,orthorhombic,,-0.2134502066341213,2.6042327691677976
mp-1245903,unknown,unconfirmed_candidate,orthorhombic,,-6.188486812544365,6.309687698808123
mp-780891,unknown,unconfirmed_candidate,monoclinic,,5.286258325102633,-6.504340288909473
mp-35512,0,label0,tetragonal,,1.5037537517627548,-5.478259401906989
mp-780393,unknown,unconfirmed_candidate,triclinic,,-5.650262726467691,-4.834314732605057
mp-772559,unknown,unconfirmed_candidate,triclinic,,-3.0083613556179785,-2.74938922509355
mp-2234300,unknown,unconfirmed_candidate,triclinic,,-1.335591017788083,-2.6037451274868637
mp-1185146,0,label0,hexagonal,,6.468029079743285,-4.17581044484429
mp-1209968,0,label0,triclinic,,0.9743655199352368,1.4529783398064886
mp-1042672,unknown,unconfirmed_candidate,monoclinic,,-12.19099684668571,-2.8055958536943564
mp-1785424,unknown,unconfirmed_candidate,triclinic,,-13.593291898922544,28.842505777483435
mp-758691,unknown,unconfirmed_candidate,triclinic,,-2.2869896574190918,7.954715670432524
mp-1225531,0,label0,cubic,,-7.1170167504683555,-0.7466716167277134
mp-774382,unknown,unconfirmed_candidate,monoclinic,,-1.2583802275069296,-2.8597200356045853
mp-18850,0,label0,tetragonal,,-0.9227356046274302,-3.3680211960063247
mp-1205469,unknown,unconfirmed_candidate,monoclinic,,0.03894981222705951,-6.423796055434991
mp-16513,0,label0,hexagonal,,-9.339891173191965,-0.9961148681211043
mp-753264,unknown,unconfirmed_candidate,triclinic,,-8.968247153804505,1.8717854332871404
mp-2225354,unknown,unconfirmed_candidate,tetragonal,,-0.068350087916766,2.8836517054792026
mp-510460,0,label0,orthorhombic,,0.3755808723219367,0.17081772944232654
mp-9173,unknown,unconfirmed_candidate,orthorhombic,,-6.653379733684488,-8.89999845627321
mp-1368210,unknown,unconfirmed_candidate,orthorhombic,,-6.616259228596114,25.24544594828632
mp-1209721,unknown,unconfirmed_candidate,cubic,,0.18240252284014957,6.0291478545335835
mp-1229146,unknown,unconfirmed_candidate,triclinic,,0.6352108932954721,-5.0105001296128915
mp-2132,0,label0,cubic,,4.623749884944459,0.9621390449440703
mp-1019525,unknown,unconfirmed_candidate,orthorhombic,,-0.9683844360836815,-0.7683029466322466
mp-1180828,0,label0,orthorhombic,,3.4051122265414246,-4.720475518488213
mp-1209521,unknown,unconfirmed_candidate,orthorhombic,,1.408723628711133,5.835406586237259
mp-1220495,unknown,unconfirmed_candidate,orthorhombic,,0.16378901552571534,6.387561852797134
mp-638051,unknown,unconfirmed_candidate,orthorhombic,,10.378270180078351,3.9584479674219253
mp-3498,0,label0,cubic,,6.269259795297412,-3.5144100620958962
mp-1247321,unknown,unconfirmed_candidate,monoclinic,,6.065132910199139,1.964730642380836
mp-10123,0,label0,cubic,,9.688785593125445,-5.598305582527312
mp-1219158,unknown,unconfirmed_candidate,trigonal,,-0.3903880998165654,-2.526581244737434
mp-6372,unknown,unconfirmed_candidate,cubic,,-5.34578144861587,6.324301800643436
mp-1104067,0,label0,tetragonal,,-4.853093738376252,-0.19104670795055867
mp-1102879,unknown,unconfirmed_candidate,orthorhombic,,3.8612852011194896,3.958750089137755
mp-776955,unknown,unconfirmed_candidate,monoclinic,,-0.9016205648385345,-2.776545384816732
mp-1209155,0,label0,monoclinic,,-5.22391096171048,-8.836261863833597
mp-720985,0,label0,monoclinic,,3.014586670578982,-0.2932901524170539
mp-630641,unknown,unconfirmed_candidate,tetragonal,,4.313671270321381,11.803695387033681
mp-2232484,unknown,unconfirmed_candidate,triclinic,,5.608788040629623,2.963538210457184
mp-849788,unknown,unconfirmed_candidate,orthorhombic,,0.37865320046306294,-4.442540958804081
mp-1113262,0,label0,cubic,,5.457623279072145,-2.4569059592866687
mp-1189166,unknown,unconfirmed_candidate,orthorhombic,,2.4508011817639535,4.710168443313478
mp-1281,unknown,unconfirmed_candidate,tetragonal,,6.950660234937708,-0.7376605820749909
mp-558826,0,label0,monoclinic,,-10.140109446517457,4.682142771248426
mp-851096,0,label0,triclinic,,0.8863051111394533,-6.381419409991016
mp-16894,0,label0,triclinic,,-8.732337103003484,1.1956610400116894
mp-1182771,unknown,unconfirmed_candidate,monoclinic,,-12.128867075204656,-6.264762942837011
mp-865659,0,label0,cubic,,-0.8760333895764205,4.086141342697573
mp-1246868,unknown,unconfirmed_candidate,orthorhombic,,-5.619349444932478,11.754996266306815
mp-559563,0,label0,cubic,,-5.858978280962212,9.169748305919214
mp-770632,unknown,unconfirmed_candidate,orthorhombic,,7.129716855251669,-8.413093877737122
mp-1232388,unknown,unconfirmed_candidate,orthorhombic,,-0.5116792694000907,-7.037449492047523
mp-1027966,0,label0,hexagonal,,3.235933838354409,-2.6685476672268695
mp-19155,unknown,unconfirmed_candidate,monoclinic,,-9.584116994809161,-6.779069585700785
mp-1214327,unknown,unconfirmed_candidate,orthorhombic,,-1.3901789078402338,2.510841063902994
mp-772993,0,label0,trigonal,,-4.666650914398716,-9.279366765212213
mp-1360682,unknown,unconfirmed_candidate,monoclinic,,-4.201789493060705,-4.086183168632475
mp-1198362,unknown,unconfirmed_candidate,monoclinic,,-2.5089851451698024,-3.5269353239776766
mp-615789,unknown,unconfirmed_candidate,monoclinic,,8.214428066909651,-6.889261022458276
mp-1216109,unknown,unconfirmed_candidate,monoclinic,,6.883521185779152,0.5076441064204644
mp-1184878,0,label0,cubic,,15.88122440763424,-0.3533786362869584
mp-1207389,0,label0,cubic,,-2.6303797557976445,1.7866445354826013
mp-1208448,unknown,unconfirmed_candidate,cubic,,1.5270750455551827,-4.564222573138915
mp-1294847,0,label0,orthorhombic,,-17.38803215804851,10.031740673861734
mp-19881,0,label0,cubic,,10.205821517184756,1.7542796763705581
mp-1047930,unknown,unconfirmed_candidate,monoclinic,,0.5605699814394463,12.870352133129373
mp-754655,0,label0,trigonal,,4.79773730077128,0.7808101699086336
mp-17012,unknown,unconfirmed_candidate,monoclinic,,8.040674231833203,1.3342678230748817
mp-1211201,unknown,unconfirmed_candidate,orthorhombic,,-5.148680208115206,-2.0021118817432164
mp-764417,unknown,unconfirmed_candidate,tetragonal,,16.95448934863815,8.77646807075855
mp-628305,unknown,unconfirmed_candidate,tetragonal,,5.347300933935877,-4.037384845776836
mp-1652638,unknown,unconfirmed_candidate,triclinic,,2.820018617454849,-7.1464806173085424
mp-1223308,0,label0,orthorhombic,,7.999675929233845,-0.04823554472136493
mp-1219552,unknown,unconfirmed_candidate,orthorhombic,,-6.580495273117151,-5.4679788370110085
mp-2715405,unknown,unconfirmed_candidate,monoclinic,,-5.2593337773035,-1.7131009795772432
mp-1223448,0,label0,triclinic,,-8.15946108075729,-1.525747400658462
mp-1225710,unknown,unconfirmed_candidate,tetragonal,,3.76358516605403,-7.626019060032592
mp-2220058,0,label0,monoclinic,,-0.4338059322520884,-2.1294048375901387
mp-1314851,unknown,unconfirmed_candidate,monoclinic,,-5.776598983695315,2.6995885833758066
mp-1216399,unknown,unconfirmed_candidate,triclinic,,0.6690679444185363,-3.3525319941773457
mp-865545,unknown,unconfirmed_candidate,cubic,,-0.6066912439066705,2.744950216312944
mp-1202912,unknown,unconfirmed_candidate,monoclinic,,-8.181143898888546,-8.923580429998125
mp-705547,unknown,unconfirmed_candidate,monoclinic,,1.3273041846441558,-5.3059455381758625
mp-773071,unknown,unconfirmed_candidate,triclinic,,-8.980914829738666,-0.5259029695294437
mp-757913,unknown,unconfirmed_candidate,triclinic,,-2.2003344935904465,3.813565016270829
mp-755974,0,label0,orthorhombic,,7.324223966970248,-6.61714435282212
mp-28317,unknown,unconfirmed_candidate,hexagonal,,3.7210654417590607,-8.237573541592084
mp-1043454,0,label0,monoclinic,,-9.825409230755831,6.7733899207553385
mp-780893,unknown,unconfirmed_candidate,monoclinic,,-5.464400235492619,-3.794690695957396
mp-757222,unknown,unconfirmed_candidate,monoclinic,,-1.9130260442498077,-1.4783495056499234
mp-1176804,0,label0,triclinic,,-6.228260303812505,-6.529862138979077
mp-2947,0,label0,hexagonal,,-10.495168368860995,0.7379676883733524
mp-1034815,0,label0,tetragonal,,0.9601993436387168,-1.571487947890823
mp-1046186,unknown,unconfirmed_candidate,orthorhombic,,6.202682412793649,-0.30975271405419846
mp-1041507,unknown,unconfirmed_candidate,monoclinic,,-3.270291407055879,7.418787911854643
mp-5456,0,label0,orthorhombic,,9.594707067891768,1.464883922545038
mp-561319,0,label0,trigonal,,0.3874610650915571,1.858806179250493
mp-4733,unknown,unconfirmed_candidate,monoclinic,,-9.721527228440987,-6.348815531898147
mp-23179,unknown,unconfirmed_candidate,orthorhombic,,10.053538971097893,-4.290134765971382
mp-1520906,0,label0,cubic,,-14.004338848657902,-1.9770977427109635
mp-673145,unknown,unconfirmed_candidate,triclinic,,2.802822973175193,-0.9816777839511595
mp-560356,unknown,unconfirmed_candidate,monoclinic,,-1.0804339964177778,-0.8951245244703934
mp-779012,unknown,unconfirmed_candidate,orthorhombic,,-9.095342770010209,-2.347379406086798
mp-753682,unknown,unconfirmed_candidate,tetragonal,,20.337933217054022,16.388639798689017
mp-1233152,unknown,unconfirmed_candidate,triclinic,,0.7005483444709348,-0.34366897946793173
mp-15827,unknown,unconfirmed_candidate,monoclinic,,9.774833201841995,3.933567006056858
mp-1235533,unknown,unconfirmed_candidate,triclinic,,-9.49151622978582,2.9630663539881894
mp-1185853,unknown,unconfirmed_candidate,hexagonal,,10.00700112262438,-5.8490094753605995
mp-768808,unknown,unconfirmed_candidate,triclinic,,0.39438115706452237,-6.323615856269681
mp-1575286,unknown,unconfirmed_candidate,monoclinic,,-11.20325072941484,1.414778909920365
mp-755359,unknown,unconfirmed_candidate,monoclinic,,19.892611788060947,17.848240934409024
mp-1216464,unknown,unconfirmed_candidate,tetragonal,,3.238108706809001,-0.8416117839790154
mp-641575,0,label0,cubic,,10.981584846161613,-4.4441807214558775
mp-1218226,unknown,unconfirmed_candidate,monoclinic,,2.7687357296727306,-3.1223081150573364
mp-1197605,0,label0,cubic,,5.34643395957454,-1.2891131062486973
mp-1045729,unknown,unconfirmed_candidate,monoclinic,,0.4114382317905374,-2.1018004445809986
mp-769584,unknown,unconfirmed_candidate,monoclinic,,-3.1134544892375473,-2.344178846625571
mp-1301507,unknown,unconfirmed_candidate,triclinic,,8.077559052241458,2.123919699943592
mp-765955,unknown,unconfirmed_candidate,monoclinic,,0.5765621137905512,-6.60118576864201
mp-2216003,unknown,unconfirmed_candidate,monoclinic,,-9.672869411317276,-7.547312067100167
mp-7422,0,label0,tetragonal,,12.535215826241165,-2.084572056431563
mp-2716415,0,label0,triclinic,,1.5809536636308046,-2.9292510304871477
mp-1516643,0,label0,cubic,,-21.617220708003344,-1.7107079288056237
mp-694942,unknown,unconfirmed_candidate,triclinic,,-4.845770097801839,2.548438387477237
mp-862898,0,label0,cubic,,0.91118141396894,-0.2813307740997004
mp-2394167,0,label0,tetragonal,,2.8846153993105936,-0.42815515275997384
mp-1043722,unknown,unconfirmed_candidate,orthorhombic,,9.673040881937007,3.734242109653504
mp-9036,0,label0,trigonal,,0.5351928462260425,-3.1044235488640464
mp-567555,unknown,unconfirmed_candidate,triclinic,,-0.9263727447854322,8.19334347249044
mp-1175464,0,label0,triclinic,,-1.8689331442612733,-5.794811851248173
mp-754131,unknown,unconfirmed_candidate,triclinic,,0.2558397721734629,-1.065871057206973
mp-772146,unknown,unconfirmed_candidate,hexagonal,,-1.1128283781314394,13.344165481929256
mp-1283489,unknown,unconfirmed_candidate,triclinic,,6.488094624061704,7.143553894110639
mp-849483,unknown,unconfirmed_candidate,triclinic,,18.28404678935573,18.76973789526838
mp-28488,unknown,unconfirmed_candidate,triclinic,,-8.040663146331873,6.4206976717817135
mp-42190,0,label0,tetragonal,,-5.084231190090229,1.6607560147402296
mp-754002,0,label0,monoclinic,,-3.524203730379668,-3.1677507487476912
mp-1112612,0,label0,cubic,,4.474072611124919,2.503578050345425
mp-757508,0,label0,monoclinic,,-18.633148380456625,1.5684690038341706
mp-761129,unknown,unconfirmed_candidate,triclinic,,7.2977978767492875,7.233999289269207
mp-2577,0,label0,cubic,,3.4724714866014335,-5.439738513819149
mp-976271,0,label0,orthorhombic,,-3.3954051804760716,0.5676640194090616
mp-759672,unknown,unconfirmed_candidate,monoclinic,,2.825838173602868,2.0475638307666806
mp-863431,unknown,unconfirmed_candidate,monoclinic,,0.5346438132585156,-3.190135031768138
mp-2239959,unknown,unconfirmed_candidate,orthorhombic,,6.821283886231408,-1.7716625617450017
mp-2230032,unknown,unconfirmed_candidate,orthorhombic,,-7.235381877624246,-0.2294836526970876
mp-1097625,0,label0,orthorhombic,,7.9367441385829345,-2.1443673528374596
mp-1233316,unknown,unconfirmed_candidate,triclinic,,2.3262537879141476,3.2739711847946467
mp-7680,0,label0,orthorhombic,,-0.3590382877101952,-0.7111159404590417
mp-1215378,0,label0,tetragonal,,14.351829830870276,-3.545311443717871
mp-608321,unknown,unconfirmed_candidate,monoclinic,,7.182409595561964,2.3468202064292285
mp-2713031,unknown,unconfirmed_candidate,monoclinic,,-0.18683352837992473,-3.987684321578328
mp-1048391,unknown,unconfirmed_candidate,hexagonal,,-17.288277273614476,0.9430973884602594
mp-680698,unknown,unconfirmed_candidate,orthorhombic,,1.1020626423899706,1.5135036030301414
mp-752552,unknown,unconfirmed_candidate,trigonal,,-11.501480478978085,-4.706950770939818
mp-22664,0,label0,cubic,,-0.7369854312561479,-1.0990930916829598
mp-764542,unknown,unconfirmed_candidate,triclinic,,-2.3033541357390774,7.051438276678827
mp-1048426,0,label0,orthorhombic,,-0.051264782155541866,18.532434121460202
mp-1219033,0,label0,tetragonal,,-5.69293306278642,-1.6265358923177313
mp-1026880,0,label0,orthorhombic,,-1.291052700491779,-3.30932194745734
mp-438,unknown,unconfirmed_candidate,orthorhombic,,0.2216811780440473,-7.309773488120449
mp-1344636,unknown,unconfirmed_candidate,monoclinic,,3.33356068288159,-0.4101036222742458
mp-862954,0,label0,cubic,,2.7963096429635463,-1.5307664659658347
mp-1031157,0,label0,tetragonal,,0.9204257128611637,-0.43233063624755275
mp-776392,unknown,unconfirmed_candidate,triclinic,,-3.9471260352298394,2.2320005135854046
mp-1147535,0,label0,tetragonal,,10.268864488119844,-3.9668289846608964
mp-1078517,0,label0,orthorhombic,,0.2311672312045303,3.146981321259947
mp-984791,0,label0,cubic,,10.986064124003367,4.568917802827098
mp-1215459,0,label0,tetragonal,,-1.8177775770031843,-3.867997562183815
mp-760255,unknown,unconfirmed_candidate,triclinic,,-2.4854359828448516,-2.9190098342866833
mp-1195575,unknown,unconfirmed_candidate,monoclinic,,-6.993254510182499,-2.7827238491917115
mp-1642624,unknown,unconfirmed_candidate,triclinic,,3.078343084013216,-7.275177684666536
mp-773455,unknown,unconfirmed_candidate,cubic,,-10.982462304022501,-0.9668993004543331
mp-752997,unknown,unconfirmed_candidate,orthorhombic,,6.8532909170918295,7.844219835281475
mp-2662,unknown,unconfirmed_candidate,orthorhombic,,6.978415119907407,-7.291811208930872
mp-1208005,unknown,unconfirmed_candidate,orthorhombic,,-7.986506010719047,0.1575803057614351
mp-1193931,unknown,unconfirmed_candidate,monoclinic,,4.955614884628815,-4.1725811126682935
mp-7107,0,label0,tetragonal,,-0.6470783117766601,4.466906139660168
mp-1080187,0,label0,cubic,,6.460185894802104,-0.2974365407490147
mp-1094096,unknown,unconfirmed_candidate,cubic,,13.330632579864881,0.6780430409144387
mp-778984,unknown,unconfirmed_candidate,triclinic,,0.8427225027982175,0.3267070680411912
mp-1217101,0,label0,trigonal,,-8.561035829825652,7.090013583016177
mp-1177915,unknown,unconfirmed_candidate,monoclinic,,-3.7496323793641366,1.6912448536364302
mp-559126,0,label0,triclinic,,8.118110908751653,-0.8873355404142416
mp-550468,unknown,unconfirmed_candidate,monoclinic,,-6.392275190431349,-0.14141323809372608
mp-975882,0,label0,tetragonal,,13.776837019580928,-4.27035007822159
mp-3092,0,label0,hexagonal,,1.4770571876436733,-1.252585068425553
mp-1079491,0,label0,tetragonal,,7.113957844555715,-3.551579077476939
mp-1208041,0,label0,trigonal,,-11.156726695983227,-5.162836938855866
mp-759583,unknown,unconfirmed_candidate,tetragonal,,-2.5474505391919138,-2.0984649778835465
mp-1206106,0,label0,cubic,,0.9059103719395729,17.028039846738718
mp-679985,unknown,unconfirmed_candidate,tetragonal,,-0.536773483561344,-6.579413270578112
mp-777657,unknown,unconfirmed_candidate,orthorhombic,,-3.6685624465226283,-2.537187187840429
mp-1037841,0,label0,tetragonal,,0.5019120594952646,-1.6328580816938345
mp-1111940,0,label0,cubic,,-9.002042579872736,2.5694881053607546
mp-984048,0,label0,cubic,,13.621068671480625,-2.106103825296227
mp-505089,unknown,unconfirmed_candidate,orthorhombic,,-6.91333028426547,-0.2816299640192952
mp-864895,0,label0,cubic,,-1.4986264892152725,-1.0486569451578838
mp-1225127,0,label0,tetragonal,,14.383285317157611,3.00871368513452
mp-1209697,unknown,unconfirmed_candidate,monoclinic,,6.215547489060723,1.8133739938279199
mp-1208536,unknown,unconfirmed_candidate,monoclinic,,9.164364854623857,2.0966379722677253
mp-1641,1,label1,hexagonal,Cr,12.752061395273,1.4025243487480346
mp-1041142,unknown,unconfirmed_candidate,trigonal,,-22.337851186349738,9.076617105609255
mp-774808,unknown,unconfirmed_candidate,monoclinic,,-0.5770776875545742,-5.526126019312509
mp-556324,unknown,unconfirmed_candidate,orthorhombic,,10.924885520153493,4.555823381464418
mp-1044947,unknown,unconfirmed_candidate,monoclinic,,0.3830937790001201,0.04515290593748489
mp-631506,0,label0,cubic,,14.592386253552283,-0.4365377658367642
mp-1213753,unknown,unconfirmed_candidate,orthorhombic,,6.1027512371328765,16.174623795379024
mp-1187723,0,label0,cubic,,8.458639175057792,-1.538329220683707
mp-1021779,0,label0,orthorhombic,,-6.267785747695807,-0.715040649142864
mp-1516951,0,label0,cubic,,-20.48719646272513,9.053801852627608
mp-662522,unknown,unconfirmed_candidate,triclinic,,-1.4133031102754607,-3.5713231135473134
mp-1006885,0,label0,trigonal,,2.8995430341667756,-7.685347035796221
mp-1225706,0,label0,orthorhombic,,8.09554598352456,0.2658351289792549
mp-21395,unknown,unconfirmed_candidate,orthorhombic,,-0.43461178695428515,-10.622450095067634
mp-19293,unknown,unconfirmed_candidate,tetragonal,,1.4660563180247266,10.078214670176159
mp-764021,unknown,unconfirmed_candidate,tetragonal,,-32.71056113803956,9.871271632058466
mp-37749,unknown,unconfirmed_candidate,monoclinic,,-4.143177596973487,-1.0232757250655666
mp-1106240,unknown,unconfirmed_candidate,orthorhombic,,6.154706685162477,5.467916106187982
mp-866142,0,label0,cubic,,-8.747817494095301,7.398597039810273
mp-1173529,unknown,unconfirmed_candidate,triclinic,,-0.7107781497454049,-7.581486369151856
mp-756553,0,label0,triclinic,,6.55242812417365,-6.3959661181899055
mp-10971,0,label0,tetragonal,,-2.0597244516425306,-3.646747749493592
mp-976744,0,label0,cubic,,6.40880308102215,1.4425525301091007
mp-973732,0,label0,cubic,,10.605759007566949,10.503315852498194
mp-554879,unknown,unconfirmed_candidate,orthorhombic,,-2.046545677991574,-2.1923831378949323
mp-1200709,unknown,unconfirmed_candidate,monoclinic,,0.47104155942995973,-5.06342840607914
mp-1220913,unknown,unconfirmed_candidate,triclinic,,-5.151054088621585,-4.48161874318472
mp-758383,0,label0,triclinic,,2.3660256103014916,-3.5430192966738616
mp-559099,unknown,unconfirmed_candidate,monoclinic,,-5.337626625215822,-2.9087178633352657
mp-1176941,unknown,unconfirmed_candidate,triclinic,,-4.65267289621675,-0.6929612221237775
mp-865279,unknown,unconfirmed_candidate,cubic,,11.076291857813464,13.91131337458824
mp-1025077,0,label0,tetragonal,,6.033781849115529,-3.585060343716618
mp-246,unknown,unconfirmed_candidate,trigonal,,-3.0959826058478193,0.4028779650159109
mp-640883,unknown,unconfirmed_candidate,monoclinic,,0.34651032976331564,-3.674854179864088
mp-1189538,unknown,unconfirmed_candidate,tetragonal,,4.804776716739431,-6.103638400472889
mp-1102255,unknown,unconfirmed_candidate,orthorhombic,,-19.253779678453604,-1.6957797016323628
mp-1213713,unknown,unconfirmed_candidate,orthorhombic,,2.2367745753752963,3.770723436962406
mp-1031945,0,label0,tetragonal,,-5.797746014986426,5.426884620828563
mp-1222610,0,label0,cubic,,5.577447730013219,-4.383295841021587
mp-1207206,0,label0,hexagonal,,2.904802801544715,-0.20621560849873788
mp-758737,unknown,unconfirmed_candidate,monoclinic,,0.27796266418596716,-3.5036896129704562
mp-557296,0,label0,tetragonal,,-0.8399907652696754,5.507394007018746
mp-776240,0,label0,monoclinic,,1.7018475645618416,-4.113597493697947
mp-759721,unknown,unconfirmed_candidate,triclinic,,13.149785556832432,11.464279881964387
mp-1185074,0,label0,cubic,,9.721091877630856,-2.389045647686535
mp-3502,unknown,unconfirmed_candidate,monoclinic,,3.3543637692811163,-7.280569864608841
mp-1235170,unknown,unconfirmed_candidate,triclinic,,-11.872685416889723,-3.0301635604162467
mp-2228567,unknown,unconfirmed_candidate,triclinic,,-4.999252511979268,-1.1019980305630455
mp-753962,unknown,unconfirmed_candidate,triclinic,,3.1628782234575468,5.508740376401999
mp-1093682,0,label0,orthorhombic,,5.703680548796832,-0.5396472941508357
mp-2715660,unknown,unconfirmed_candidate,triclinic,,-0.08585856229933242,-2.5570995021987635
mp-1236169,unknown,unconfirmed_candidate,triclinic,,-6.496769194661141,1.7145674833441902
mp-1522,unknown,unconfirmed_candidate,orthorhombic,,-8.879627466871725,17.457405263580046
mp-2714536,0,label0,triclinic,,0.08790804786852391,-4.692366095641624
mp-1183349,0,label0,hexagonal,,11.961173704358481,-4.286377247168854
mp-1216175,0,label0,monoclinic,,3.375941719651143,-6.445077233382765
mp-866693,unknown,unconfirmed_candidate,hexagonal,,-8.81810554985223,5.6852647496096544
mp-2714224,unknown,unconfirmed_candidate,triclinic,,-2.4180528150846428,-2.1336554480696943
mp-2715142,unknown,unconfirmed_candidate,triclinic,,-2.4453840099431154,-4.8827877200539
mp-1035993,0,label0,orthorhombic,,-0.9590182678478669,-0.8305829474201225
mp-1189763,unknown,unconfirmed_candidate,orthorhombic,,10.465216590662608,-4.485654391545312
mp-1371664,unknown,unconfirmed_candidate,orthorhombic,Cr,2.306049519369161,-2.6265430814773882
mp-1218993,0,label0,hexagonal,,3.282732153870496,2.584964017980159
mp-725491,0,label0,triclinic,,-6.145904737500874,-0.01892551438707102
mp-570912,0,label0,hexagonal,,8.74831665638371,-4.521739361052376
mp-19794,0,label0,tetragonal,,9.03818247318862,-3.1053534031336483
mp-863,unknown,unconfirmed_candidate,cubic,,8.60645002434942,-3.776427724592951
mp-1220606,0,label0,monoclinic,,-1.4619900637908394,5.225113245711917
mp-2976,0,label0,cubic,,-0.09368586961877412,0.11030461863131436
mp-867298,0,label0,cubic,,9.588366202370096,-3.27556233175922
mp-757389,0,label0,triclinic,,1.349532011720413,-5.962716132395926
mp-22514,unknown,unconfirmed_candidate,hexagonal,,4.146471928039405,-7.244992065481766
mp-1221288,0,label0,monoclinic,,-8.04908491029692,-4.908096523414034
mp-569978,0,label0,trigonal,,-3.4652159514108902,5.351700722407848
mp-17863,unknown,unconfirmed_candidate,monoclinic,,-3.8030474838448995,-2.0820613603496145
mp-1095117,0,label0,tetragonal,,-1.6967692418945113,-2.685549024456357
mp-1222980,unknown,unconfirmed_candidate,trigonal,,8.879982448908658,-2.919977617506909
mp-759132,unknown,unconfirmed_candidate,monoclinic,,3.3232747152729534,-0.3981783760666069
mp-758883,unknown,unconfirmed_candidate,monoclinic,,-1.042090177273483,-5.1228022275468845
mp-29300,unknown,unconfirmed_candidate,monoclinic,,1.7728952119014103,0.05372493193129202
mp-1356833,unknown,unconfirmed_candidate,monoclinic,,-32.82121706386765,17.066800672273178
mp-1187070,0,label0,cubic,,15.102849291782217,-0.8179118394554798
mp-17159,unknown,unconfirmed_candidate,trigonal,,6.493867168433072,-7.5429742367037615
mp-2098,0,label0,cubic,,15.54663631443006,7.555926531248655
mp-972395,0,label0,cubic,,-16.474584377189203,-1.8598141423694798
mp-1199584,unknown,unconfirmed_candidate,orthorhombic,,6.376699068031684,-3.2331376999398476
mp-780135,unknown,unconfirmed_candidate,triclinic,,-2.322958257942876,-0.04109055464471112
mp-1174337,unknown,unconfirmed_candidate,monoclinic,,4.93727150882302,-7.728179110171647
mp-1079131,unknown,unconfirmed_candidate,orthorhombic,,6.876546203005519,-0.5048772116020004
mp-1111844,0,label0,cubic,,-3.168994096419617,23.294706363152326
mp-763482,0,label0,tetragonal,,-13.632642813299334,-5.949118373108636
mp-768335,unknown,unconfirmed_candidate,orthorhombic,,4.3387882613566155,-1.4816084914026124
mp-12335,0,label0,trigonal,,3.113000267526054,6.3306182398745605
mp-753434,unknown,unconfirmed_candidate,triclinic,,-12.001323717919622,3.414104208852283
mp-752594,unknown,unconfirmed_candidate,orthorhombic,,11.453847816877992,1.3772269011335823
mp-755263,0,label0,trigonal,,-17.476649840709186,17.619061469466015
mp-1205048,unknown,unconfirmed_candidate,orthorhombic,,-4.766032846992303,-6.864158631237133
mp-754527,unknown,unconfirmed_candidate,monoclinic,,16.043518060265768,16.6314640047804
mp-863416,unknown,unconfirmed_candidate,orthorhombic,,1.4858449156014721,0.2371029877541062
mp-753129,0,label0,monoclinic,,-2.682539794658293,-5.247470020745697
mp-2713863,unknown,unconfirmed_candidate,trigonal,,2.637397535425162,-6.964513011037212
mp-1246798,unknown,unconfirmed_candidate,monoclinic,,3.131178618932127,4.379216930560727
mp-555151,unknown,unconfirmed_candidate,trigonal,,-3.097473391835358,-2.7464884654133925
mp-1216514,unknown,unconfirmed_candidate,triclinic,,-5.780330713741932,4.532173709691914
mp-1210213,0,label0,monoclinic,,4.200488795665127,-3.81844594805081
mp-775742,unknown,unconfirmed_candidate,hexagonal,,-13.279136610289257,2.7166213957700016
mp-1071839,unknown,unconfirmed_candidate,cubic,,5.490920599912554,-4.83079416044866
mp-1246325,unknown,unconfirmed_candidate,orthorhombic,,-4.095740275742255,-1.7675609309515057
mp-21319,0,label0,cubic,,9.61226484259711,-3.340846219239708
mp-1186469,0,label0,cubic,,9.961153834225659,-2.4596616361021315
mp-1224803,0,label0,hexagonal,,12.175583996113257,-2.9268625896571976
mp-1225567,0,label0,tetragonal,,3.7887951704190748,-4.659236809478607
mp-1095985,0,label0,orthorhombic,,4.717899764941071,-3.798856623038052
mp-695894,0,label0,triclinic,,-3.6023072415533086,-5.695462796550208
mp-6763,0,label0,triclinic,,-4.367073849442768,-0.5115752378004927
mp-1031639,0,label0,tetragonal,,4.732579065106558,2.15998152277227
mp-1400865,unknown,unconfirmed_candidate,cubic,,2.698987227750191,-4.720410347752315
mp-1028389,0,label0,hexagonal,,-1.241564744008322,-3.6508277471151125
mp-776467,unknown,unconfirmed_candidate,orthorhombic,,0.979948630454345,-5.489366049925724
mp-1226221,0,label0,trigonal,,5.696996671266696,-5.761475579082104
mp-581324,unknown,unconfirmed_candidate,monoclinic,,-7.573537103632521,-6.2877229580073415
mp-1048348,unknown,unconfirmed_candidate,monoclinic,,-10.148415859495628,10.259388581492935
mp-770570,unknown,unconfirmed_candidate,orthorhombic,,-18.45328300745483,-4.307319094951957
mp-1097435,0,label0,orthorhombic,,7.604028633250753,-3.429453854115888
mp-767145,0,label0,triclinic,,-5.7263668610469765,2.234857431393049
mp-1192107,0,label0,monoclinic,,14.878404328962947,5.008428303828953
mp-777594,unknown,unconfirmed_candidate,orthorhombic,,-1.2651933970766507,-4.285515584344244
mp-1197175,unknown,unconfirmed_candidate,triclinic,,-5.7516977796232,-0.38650841672096803
mp-1187566,0,label0,cubic,,4.694310141827808,0.042931816930693145
mp-1236521,0,label0,monoclinic,,-0.8502922450818922,-4.0962660727822
mp-582119,unknown,unconfirmed_candidate,cubic,,9.825790784273815,8.390040234033766
mp-20464,unknown,unconfirmed_candidate,orthorhombic,,-16.562512612552275,-4.1232459358810285
mp-1225508,unknown,unconfirmed_candidate,tetragonal,,7.783947817296919,-3.0524682697105785
mp-1101199,unknown,unconfirmed_candidate,monoclinic,,11.097975413687658,6.307585372816295
mp-1106407,0,label0,trigonal,,2.0029662035632256,-5.0905980277268
mp-1282757,unknown,unconfirmed_candidate,triclinic,,8.777918884602546,11.46857959298032
mp-757720,unknown,unconfirmed_candidate,tetragonal,,-3.1109375922246656,-3.312863382401355
mp-1184397,0,label0,tetragonal,,9.28182546279278,4.462132394165323
mp-1096166,0,label0,orthorhombic,,8.68352980691746,-5.174603499147613
mp-1346287,0,label0,triclinic,,-7.460377389468611,-1.9812283059508733
mp-1239238,unknown,unconfirmed_candidate,monoclinic,,-6.237900854462939,0.05838809886733998
mp-1184609,0,label0,cubic,,8.844470360509881,-0.7042426367995844
mp-761231,unknown,unconfirmed_candidate,triclinic,,-3.927663738215312,9.049288681832099
mp-780978,unknown,unconfirmed_candidate,triclinic,,20.712216949894792,19.798664864302555
mp-1215177,0,label0,cubic,,6.1158270293426185,-6.055988547623242
mp-1224190,0,label0,trigonal,,-3.1159351753571762,-1.1666412884641915
mp-1094493,0,label0,monoclinic,,0.5619669320395424,-1.0014294610209369
mp-2231984,unknown,unconfirmed_candidate,monoclinic,,-0.9162754089140428,3.0403320431991574
mp-1181106,0,label0,hexagonal,,5.2041920133414035,-7.223178768861018
mp-1002226,0,label0,cubic,,10.067966183474823,1.920852083794955
mp-19231,unknown,unconfirmed_candidate,tetragonal,,8.436236661599951,0.7827725726516235
mp-18901,unknown,unconfirmed_candidate,monoclinic,,6.999407905250836,0.6646925547037164
mp-1019597,unknown,unconfirmed_candidate,monoclinic,,-4.502266778667327,-3.0931811112784615
mp-1519277,0,label0,cubic,,-0.6148614550583353,-3.472671003919338
mp-1048141,unknown,unconfirmed_candidate,hexagonal,,-1.4791109467835533,-3.836050010304758
mp-1104573,unknown,unconfirmed_candidate,monoclinic,,-7.183880567888053,-5.771572725954551
mp-18925,unknown,unconfirmed_candidate,tetragonal,,4.414623072890164,-7.622030837085415
mp-1344248,unknown,unconfirmed_candidate,triclinic,,-4.020010611752323,-0.4114003677761673
mp-1190181,0,label0,trigonal,,0.16121134681450044,-4.113138799395445
mp-850003,unknown,unconfirmed_candidate,orthorhombic,,-10.135104084854234,9.570399879281435
mp-5756,unknown,unconfirmed_candidate,orthorhombic,,5.100006726888148,-6.543478703695492
mp-1187901,0,label0,cubic,,14.198265808176359,0.31428914844508427
mp-25396,0,label0,monoclinic,,-3.3710545364907,0.46005659407457955
mp-1217869,unknown,unconfirmed_candidate,monoclinic,,8.025387772200737,-0.6171353602518472
mp-1234398,unknown,unconfirmed_candidate,triclinic,,1.8896911543608823,17.67511419879992
mp-772615,unknown,unconfirmed_candidate,monoclinic,,-1.1393413110714619,-3.153087779415026
mp-757730,unknown,unconfirmed_candidate,monoclinic,,-3.7180710823006713,-4.225029928282902
mp-1097119,0,label0,orthorhombic,,7.694771566784736,-4.6236314146962325
mp-1340075,unknown,unconfirmed_candidate,triclinic,,-4.064902086268482,1.2650189170972368
mp-2713702,unknown,unconfirmed_candidate,triclinic,,-0.9037266582230465,-6.184478416398033
mp-1209122,0,label0,trigonal,,-12.607792610144465,-4.762730490417445
mp-1215960,unknown,unconfirmed_candidate,hexagonal,,3.282125079304162,-1.9431326327755674
mp-675013,unknown,unconfirmed_candidate,tetragonal,,6.462793818440693,-1.0109274306428233
mp-1184383,0,label0,cubic,,8.005777949432538,-3.453772876342807
mp-1517996,unknown,unconfirmed_candidate,orthorhombic,,-17.541210552769158,-0.8999751863863636
mp-1247529,unknown,unconfirmed_candidate,cubic,,3.0740748846959534,-1.75871933954636
mp-1183050,0,label0,tetragonal,,13.347134200841413,1.145083079065671
mp-4813,0,label0,cubic,,7.11176762816951,-2.874593778626094
mp-617298,unknown,unconfirmed_candidate,orthorhombic,,-3.069014764160027,-1.1070362784104582
mp-17420,unknown,unconfirmed_candidate,cubic,,17.781554157382573,7.144907383879964
mp-601693,0,label0,tetragonal,,9.19007985931551,8.04301842276275
mp-1218602,unknown,unconfirmed_candidate,monoclinic,,-12.747487570909009,-2.579451404331678
mp-2232710,unknown,unconfirmed_candidate,monoclinic,,-16.99068075825089,3.942025433671578
mp-585388,unknown,unconfirmed_candidate,monoclinic,,-8.114369457716297,11.315664520722606
mp-979074,0,label0,cubic,,-22.544043549593496,-3.4544807987859585
mp-772630,unknown,unconfirmed_candidate,monoclinic,,-7.395115679754124,-2.6993845947089525
mp-1210871,unknown,unconfirmed_candidate,monoclinic,,-1.2373889379597927,-5.8105865727160815
mp-861,0,label0,tetragonal,,7.070318223753487,-1.362177111145101
mp-1025552,0,label0,orthorhombic,,-0.808625944726554,4.113094945404601
mp-669699,unknown,unconfirmed_candidate,cubic,,18.94457129115257,5.841335401669877
mp-1222336,unknown,unconfirmed_candidate,tetragonal,,-3.4678575087600443,3.7286442161018947
mp-1197022,unknown,unconfirmed_candidate,orthorhombic,,-0.2488099532530974,-1.1019035188768314
mp-22236,unknown,unconfirmed_candidate,tetragonal,,11.719056652901918,-5.44206343510559
mp-1077453,0,label0,tetragonal,,7.381324989096715,-2.5265582366057693
mp-2228897,unknown,unconfirmed_candidate,monoclinic,,0.07023554990495029,5.488435703453092
mp-1099285,0,label0,orthorhombic,,2.970435128546729,-2.3905633138511924
mp-1227606,unknown,unconfirmed_candidate,monoclinic,,1.597620792691874,0.6030982982736077
mp-1101762,0,label0,trigonal,,-2.53054262239851,-1.176044800179973
mp-686599,unknown,unconfirmed_candidate,monoclinic,,-4.932972975370486,-4.283471280228454
mp-2217773,0,label0,orthorhombic,,-2.6805095374774837,-3.5363001390645135
mp-760015,unknown,unconfirmed_candidate,orthorhombic,,0.4793576692203949,-2.427345528664997
mp-801976,0,label0,triclinic,,-0.08811483555108168,0.5468838721471023
mp-1079244,unknown,unconfirmed_candidate,triclinic,,1.1338315049756815,1.3325635119110295
mp-1194768,unknown,unconfirmed_candidate,monoclinic,,6.276716542589533,6.2087921872919125
mp-3627,0,label0,trigonal,,-2.371426083170686,-2.288459231193661
mp-1225220,0,label0,monoclinic,,3.1315132982915443,-0.36814004684878654
mp-1105838,unknown,unconfirmed_candidate,hexagonal,,8.536041410026485,2.6294896794246903
mp-626851,unknown,unconfirmed_candidate,triclinic,,-3.7891354113830964,-5.413713857513752
mp-557940,unknown,unconfirmed_candidate,orthorhombic,,-10.470797222770859,-2.291543607770018
mp-1186317,0,label0,cubic,,7.006375228668672,1.5032178993616867
mp-1183139,0,label0,cubic,,-6.651821845350614,5.110165805294876
mp-26041,unknown,unconfirmed_candidate,orthorhombic,,-1.7171649541098901,8.353095772281456
mp-1026680,0,label0,orthorhombic,,-3.769698925795275,1.215604514392993
mp-758344,unknown,unconfirmed_candidate,orthorhombic,,-4.594415814630455,3.2110859281484316
mp-1517130,0,label0,cubic,,-2.2636420687111176,-2.0396020859199275
mp-864796,0,label0,cubic,,3.12129841569695,6.202730132183312
mp-1233600,unknown,unconfirmed_candidate,triclinic,,-6.196792886151258,-0.525359090470424
mp-26400,unknown,unconfirmed_candidate,triclinic,,-2.8588524856296296,-4.884129909507857
mp-1043356,unknown,unconfirmed_candidate,monoclinic,,-7.50683077603389,5.400494441427291
mp-1098348,0,label0,tetragonal,,1.5005229322021059,-2.5841811705507
mp-756274,0,label0,monoclinic,,-4.5673169823188005,0.5706223119926292
mp-849641,unknown,unconfirmed_candidate,monoclinic,,9.829710726067546,5.212611588427858
mp-1080310,unknown,unconfirmed_candidate,monoclinic,,5.449424689441468,-1.1846933046487642
mp-1208987,1,label1,tetragonal,Mn;Sc,8.029902626130797,-4.0592631556223555
mp-769612,0,label0,triclinic,,-2.9231371053121933,0.3107793076426226
mp-1224416,0,label0,cubic,,-5.8491180099334805,-0.4583542848301647
mp-1027955,0,label0,hexagonal,,-3.8421078288369905,0.15722114900488293
mp-755733,0,label0,tetragonal,,2.88976867323122,-4.902576340965785
mp-757215,0,label0,monoclinic,,-9.70830197430547,-2.529472147415383
mp-561035,unknown,unconfirmed_candidate,monoclinic,Fe,-0.9295724641243162,-3.3872580139960977
mp-14643,unknown,unconfirmed_candidate,orthorhombic,,6.291780956153367,-2.087984853420471
mp-757811,unknown,unconfirmed_candidate,monoclinic,,-5.268391768459317,-1.7782750345525482
mp-772137,unknown,unconfirmed_candidate,trigonal,,8.363015506633142,-6.7515164449838725
mp-641710,unknown,unconfirmed_candidate,orthorhombic,,5.646899733685068,-0.6616196501228089
mp-1223694,unknown,unconfirmed_candidate,monoclinic,,-6.848303472158353,-3.2329792176282037
mp-759664,unknown,unconfirmed_candidate,orthorhombic,,-1.5465475235729897,-2.9243600810348447
mp-2713652,0,label0,triclinic,,2.630172981221545,-7.701636112208124
mp-1191047,unknown,unconfirmed_candidate,orthorhombic,,-4.521842717513653,-4.539931627037726
mp-777536,unknown,unconfirmed_candidate,monoclinic,,19.958665688645027,20.61514146228455
mp-1235882,unknown,unconfirmed_candidate,monoclinic,,1.1968335533405643,-6.523998604496008
mp-1196764,unknown,unconfirmed_candidate,monoclinic,,0.23684311086063659,-5.329120766927057
mp-2218061,unknown,unconfirmed_candidate,triclinic,,-12.31835895422391,7.486803573506023
mp-1183680,0,label0,cubic,,5.389765736529128,-5.139591593205434
mp-1180319,0,label0,cubic,,3.4124843486048366,-5.940601580839928
mp-753406,unknown,unconfirmed_candidate,trigonal,,11.614369349671344,7.60153807186299
mp-753235,unknown,unconfirmed_candidate,hexagonal,,-9.168107444769678,-1.1384448970940397
mp-720340,unknown,unconfirmed_candidate,triclinic,,-13.7716385393459,5.678116856181649
mp-567719,unknown,unconfirmed_candidate,tetragonal,,-5.587443253711438,-0.18844322281046288
mp-863391,unknown,unconfirmed_candidate,monoclinic,,-4.574533266290814,1.0157693884600008
mp-1233370,unknown,unconfirmed_candidate,triclinic,,-4.137068745178059,-2.7006722895963904
mp-560734,unknown,unconfirmed_candidate,triclinic,,0.2594033162796876,-3.111519781685228
mp-31624,unknown,unconfirmed_candidate,cubic,,-7.682574178157033,2.4325130916466122
mp-1221939,0,label0,trigonal,,7.553784730131239,-1.6724812110349667
mp-758507,unknown,unconfirmed_candidate,orthorhombic,,-4.4930839249607,0.6516676947129483
mp-1101953,unknown,unconfirmed_candidate,hexagonal,,16.279516038554146,12.201829538540832
mp-759617,unknown,unconfirmed_candidate,monoclinic,,-2.292414181560357,5.689994589855029
mp-2229135,unknown,unconfirmed_candidate,triclinic,,-2.412774072299495,-2.211681593086018
mp-1021751,unknown,unconfirmed_candidate,orthorhombic,,-5.824349312530707,7.193075044716473
mp-772004,0,label0,monoclinic,,1.0356748736130221,-3.9238047915411975
mp-1187033,0,label0,hexagonal,,4.017350545505353,10.463073378416038
mp-2225375,0,label0,monoclinic,,5.555978131727041,-3.681405401717722
mp-1279155,unknown,unconfirmed_candidate,triclinic,,4.70622729755666,-4.255657056442134
mp-28156,0,label0,triclinic,,1.089972267642544,1.6715457023748321
mp-761207,unknown,unconfirmed_candidate,triclinic,,-2.747587496740433,8.527152455265824
mp-759960,unknown,unconfirmed_candidate,monoclinic,,-18.078170005817817,17.632138975660094
mp-754874,unknown,unconfirmed_candidate,orthorhombic,,-4.70386689620333,-9.263846802268622
mp-1206824,0,label0,tetragonal,,-4.774068210050174,1.9045807862224216
mp-1216264,0,label0,hexagonal,,3.475406287863297,-1.6679898929641066
mp-1224423,unknown,unconfirmed_candidate,monoclinic,,-7.6177388739473315,-2.9716425478757333
mp-4104,0,label0,tetragonal,,2.627295506378747,-4.659255737105724
mp-1147747,0,label0,tetragonal,,5.745315071751886,-4.238218867321459
mp-1105849,unknown,unconfirmed_candidate,orthorhombic,,4.354801977143678,0.4813229483769703
mp-1247093,unknown,unconfirmed_candidate,orthorhombic,,1.371682264726033,2.7485061247993805
mp-1016145,0,label0,monoclinic,,-5.772842181251061,1.0622123914612764
mp-20298,0,label0,cubic,,12.230553535022144,0.6874030831303415
mp-1027859,0,label0,hexagonal,,-2.4343896597122203,2.2404580939989245
mp-1206914,0,label0,trigonal,,-1.7236691434342184,-0.16207711119600887
mp-1209288,unknown,unconfirmed_candidate,orthorhombic,,-3.3724619299561525,13.689267631954547
mp-31083,0,label0,monoclinic,,0.9947863163976827,2.6123252094240037
mp-23877,unknown,unconfirmed_candidate,orthorhombic,,-1.6536360744509793,-5.192523555115583
mp-571126,0,label0,cubic,,-4.330924100994292,-1.689744617152538
